block_group,B08134_001E,B08134_003E_M,B08134_006E_M,B08134_009E_M,B08134_010E,B08134_011E,B08134_013E_M,B08134_016E_M,B08134_019E_M,B08134_020E,B08134_071E,B08134_073E_M,B08134_076E_M,B08134_079E_M,B08134_080E
480291805031,366.0,43.0,154.0,169.0,0.0,336.0,43.0,129.0,164.0,0.0,5.0,0.0,0.0,5.0,0.0
480291805032,765.0,187.0,374.0,204.0,0.0,765.0,187.0,374.0,204.0,0.0,0.0,0.0,0.0,0.0,0.0
480291704013,416.0,92.0,175.0,133.0,16.0,332.0,92.0,175.0,65.0,0.0,43.0,0.0,0.0,27.0,16.0
480291704012,140.0,23.0,57.0,50.0,10.0,100.0,23.0,36.0,41.0,0.0,30.0,0.0,11.0,9.0,10.0
480291914061,1211.0,179.0,648.0,355.0,29.0,1189.0,167.0,648.0,355.0,19.0,10.0,0.0,0.0,0.0,10.0
480291914092,1780.0,313.0,1107.0,320.0,40.0,1634.0,313.0,1069.0,212.0,40.0,104.0,0.0,24.0,80.0,0.0
480291212042,935.0,225.0,503.0,95.0,112.0,856.0,211.0,500.0,95.0,50.0,65.0,0.0,3.0,0.0,62.0
480291215081,626.0,108.0,313.0,157.0,48.0,626.0,108.0,313.0,157.0,48.0,0.0,0.0,0.0,0.0,0.0
480291914051,1574.0,196.0,952.0,389.0,37.0,1484.0,143.0,952.0,389.0,0.0,37.0,0.0,0.0,0.0,37.0
480291914052,1093.0,211.0,447.0,360.0,75.0,993.0,210.0,411.0,343.0,29.0,46.0,0.0,0.0,0.0,46.0
480291914053,651.0,149.0,315.0,134.0,53.0,590.0,149.0,264.0,124.0,53.0,10.0,0.0,0.0,10.0,0.0
480291914055,358.0,107.0,104.0,147.0,0.0,358.0,107.0,104.0,147.0,0.0,0.0,0.0,0.0,0.0,0.0
480291709001,482.0,149.0,215.0,87.0,31.0,473.0,149.0,206.0,87.0,31.0,9.0,0.0,9.0,0.0,0.0
480291709003,330.0,70.0,184.0,76.0,0.0,283.0,70.0,137.0,76.0,0.0,47.0,0.0,47.0,0.0,0.0
480291610002,755.0,267.0,276.0,174.0,38.0,703.0,253.0,276.0,174.0,0.0,52.0,14.0,0.0,0.0,38.0
480291610001,681.0,150.0,155.0,296.0,80.0,606.0,129.0,147.0,274.0,56.0,67.0,21.0,0.0,22.0,24.0
480291615015,619.0,212.0,157.0,191.0,59.0,580.0,173.0,157.0,191.0,59.0,0.0,0.0,0.0,0.0,0.0
480291615011,1521.0,302.0,546.0,488.0,185.0,1355.0,287.0,502.0,412.0,154.0,123.0,0.0,44.0,48.0,31.0
480291615013,572.0,144.0,208.0,186.0,34.0,557.0,144.0,193.0,186.0,34.0,15.0,0.0,15.0,0.0,0.0
480291711001,768.0,67.0,352.0,258.0,91.0,754.0,54.0,352.0,258.0,90.0,1.0,0.0,0.0,0.0,1.0
480291620011,914.0,141.0,338.0,357.0,78.0,908.0,140.0,337.0,357.0,74.0,0.0,0.0,0.0,0.0,0.0
480291701022,586.0,145.0,390.0,51.0,0.0,586.0,145.0,390.0,51.0,0.0,0.0,0.0,0.0,0.0,0.0
480291701021,502.0,23.0,250.0,156.0,73.0,342.0,23.0,195.0,124.0,0.0,137.0,0.0,55.0,9.0,73.0
480291807022,649.0,124.0,298.0,227.0,0.0,614.0,89.0,298.0,227.0,0.0,0.0,0.0,0.0,0.0,0.0
480291807023,185.0,9.0,129.0,47.0,0.0,185.0,9.0,129.0,47.0,0.0,0.0,0.0,0.0,0.0,0.0
480291807025,163.0,21.0,70.0,72.0,0.0,146.0,21.0,70.0,55.0,0.0,17.0,0.0,0.0,17.0,0.0
480291809012,568.0,42.0,323.0,203.0,0.0,568.0,42.0,323.0,203.0,0.0,0.0,0.0,0.0,0.0,0.0
480291809015,410.0,82.0,238.0,90.0,0.0,410.0,82.0,238.0,90.0,0.0,0.0,0.0,0.0,0.0,0.0
480291106003,86.0,0.0,23.0,58.0,5.0,48.0,0.0,0.0,43.0,5.0,19.0,0.0,4.0,15.0,0.0
480291108002,194.0,95.0,90.0,0.0,9.0,177.0,78.0,90.0,0.0,9.0,0.0,0.0,0.0,0.0,0.0
480291108001,358.0,81.0,225.0,21.0,31.0,262.0,68.0,156.0,7.0,31.0,38.0,0.0,33.0,5.0,0.0
480291208004,318.0,173.0,96.0,49.0,0.0,318.0,173.0,96.0,49.0,0.0,0.0,0.0,0.0,0.0,0.0
480291208006,496.0,263.0,133.0,100.0,0.0,445.0,212.0,133.0,100.0,0.0,0.0,0.0,0.0,0.0,0.0
480291208001,452.0,139.0,256.0,28.0,29.0,452.0,139.0,256.0,28.0,29.0,0.0,0.0,0.0,0.0,0.0
480291208002,436.0,58.0,293.0,68.0,17.0,411.0,35.0,293.0,68.0,15.0,0.0,0.0,0.0,0.0,0.0
480291208005,289.0,69.0,183.0,37.0,0.0,289.0,69.0,183.0,37.0,0.0,0.0,0.0,0.0,0.0,0.0
480291208007,369.0,143.0,226.0,0.0,0.0,369.0,143.0,226.0,0.0,0.0,0.0,0.0,0.0,0.0,0.0
480291208003,717.0,272.0,313.0,132.0,0.0,717.0,272.0,313.0,132.0,0.0,0.0,0.0,0.0,0.0,0.0
480291211113,802.0,196.0,347.0,222.0,37.0,756.0,150.0,347.0,222.0,37.0,9.0,9.0,0.0,0.0,0.0
480291211111,540.0,91.0,247.0,202.0,0.0,540.0,91.0,247.0,202.0,0.0,0.0,0.0,0.0,0.0,0.0
480291211112,986.0,163.0,652.0,141.0,30.0,981.0,158.0,652.0,141.0,30.0,5.0,5.0,0.0,0.0,0.0
480291211114,902.0,280.0,374.0,248.0,0.0,861.0,280.0,351.0,230.0,0.0,18.0,0.0,0.0,18.0,0.0
480291211161,967.0,482.0,373.0,78.0,34.0,762.0,311.0,373.0,78.0,0.0,34.0,0.0,0.0,0.0,34.0
480291211164,858.0,208.0,426.0,213.0,11.0,847.0,208.0,426.0,213.0,0.0,11.0,0.0,0.0,0.0,11.0
480291211162,143.0,42.0,86.0,15.0,0.0,143.0,42.0,86.0,15.0,0.0,0.0,0.0,0.0,0.0,0.0
480291211181,776.0,171.0,188.0,356.0,61.0,776.0,171.0,188.0,356.0,61.0,0.0,0.0,0.0,0.0,0.0
480291211182,1666.0,360.0,960.0,334.0,12.0,1654.0,360.0,960.0,334.0,0.0,0.0,0.0,0.0,0.0,0.0
480291212031,271.0,11.0,191.0,58.0,11.0,271.0,11.0,191.0,58.0,11.0,0.0,0.0,0.0,0.0,0.0
480291212032,639.0,246.0,325.0,56.0,12.0,607.0,214.0,325.0,56.0,12.0,32.0,32.0,0.0,0.0,0.0
480291212051,1430.0,341.0,814.0,140.0,135.0,1323.0,314.0,805.0,140.0,64.0,98.0,27.0,0.0,0.0,71.0
480291817182,895.0,116.0,343.0,366.0,70.0,895.0,116.0,343.0,366.0,70.0,0.0,0.0,0.0,0.0,0.0
480291818111,1704.0,451.0,616.0,479.0,158.0,1485.0,316.0,586.0,425.0,158.0,30.0,9.0,0.0,21.0,0.0
480291902003,602.0,352.0,177.0,42.0,31.0,502.0,321.0,154.0,27.0,0.0,75.0,6.0,23.0,15.0,31.0
480291902004,343.0,207.0,97.0,39.0,0.0,343.0,207.0,97.0,39.0,0.0,0.0,0.0,0.0,0.0,0.0
480291902001,279.0,181.0,81.0,17.0,0.0,232.0,181.0,42.0,9.0,0.0,8.0,0.0,0.0,8.0,0.0
480291802021,403.0,56.0,95.0,189.0,63.0,345.0,56.0,80.0,146.0,63.0,58.0,0.0,15.0,43.0,0.0
480291802023,541.0,110.0,337.0,60.0,34.0,480.0,83.0,337.0,60.0,0.0,33.0,13.0,0.0,0.0,20.0
480291805013,423.0,87.0,175.0,114.0,47.0,423.0,87.0,175.0,114.0,47.0,0.0,0.0,0.0,0.0,0.0
480291805012,245.0,24.0,127.0,60.0,34.0,245.0,24.0,127.0,60.0,34.0,0.0,0.0,0.0,0.0,0.0
480291805011,698.0,118.0,319.0,202.0,59.0,610.0,107.0,301.0,180.0,22.0,66.0,0.0,7.0,22.0,37.0
480291808002,578.0,78.0,376.0,104.0,20.0,494.0,78.0,307.0,96.0,13.0,43.0,0.0,28.0,8.0,7.0
480291808001,396.0,47.0,282.0,28.0,39.0,280.0,16.0,234.0,14.0,16.0,92.0,15.0,40.0,14.0,23.0
480291708002,314.0,83.0,123.0,108.0,0.0,254.0,83.0,92.0,79.0,0.0,60.0,0.0,31.0,29.0,0.0
480291106002,479.0,117.0,238.0,92.0,32.0,419.0,94.0,220.0,73.0,32.0,60.0,23.0,18.0,19.0,0.0
480291504001,173.0,13.0,118.0,42.0,0.0,173.0,13.0,118.0,42.0,0.0,0.0,0.0,0.0,0.0,0.0
480291504002,301.0,45.0,227.0,8.0,21.0,292.0,45.0,227.0,8.0,12.0,9.0,0.0,0.0,0.0,9.0
480291510001,480.0,160.0,205.0,115.0,0.0,392.0,91.0,186.0,115.0,0.0,0.0,0.0,0.0,0.0,0.0
480291521002,461.0,10.0,140.0,296.0,15.0,451.0,0.0,140.0,296.0,15.0,0.0,0.0,0.0,0.0,0.0
480291521001,429.0,0.0,133.0,265.0,31.0,406.0,0.0,133.0,265.0,8.0,0.0,0.0,0.0,0.0,0.0
480291607024,303.0,63.0,133.0,85.0,22.0,234.0,37.0,115.0,60.0,22.0,25.0,8.0,0.0,17.0,0.0
480291607023,449.0,0.0,240.0,173.0,36.0,449.0,0.0,240.0,173.0,36.0,0.0,0.0,0.0,0.0,0.0
480291616002,1065.0,252.0,246.0,440.0,127.0,932.0,229.0,246.0,419.0,38.0,51.0,0.0,0.0,21.0,30.0
480291616001,761.0,99.0,377.0,212.0,73.0,753.0,99.0,369.0,212.0,73.0,0.0,0.0,0.0,0.0,0.0
480291216012,650.0,187.0,300.0,129.0,34.0,650.0,187.0,300.0,129.0,34.0,0.0,0.0,0.0,0.0,0.0
480291216013,743.0,74.0,368.0,232.0,69.0,661.0,61.0,336.0,232.0,32.0,37.0,0.0,0.0,0.0,37.0
480291216014,411.0,204.0,147.0,42.0,18.0,302.0,145.0,127.0,12.0,18.0,0.0,0.0,0.0,0.0,0.0
480291218021,1008.0,306.0,397.0,257.0,48.0,990.0,306.0,379.0,257.0,48.0,0.0,0.0,0.0,0.0,0.0
480291218023,1727.0,481.0,836.0,336.0,74.0,1705.0,469.0,836.0,326.0,74.0,0.0,0.0,0.0,0.0,0.0
480291303002,413.0,74.0,182.0,157.0,0.0,389.0,74.0,182.0,133.0,0.0,24.0,0.0,0.0,24.0,0.0
480291303001,218.0,99.0,8.0,111.0,0.0,209.0,99.0,8.0,102.0,0.0,9.0,0.0,0.0,9.0,0.0
480291307002,353.0,111.0,116.0,112.0,14.0,300.0,66.0,116.0,109.0,9.0,53.0,45.0,0.0,3.0,5.0
480291307001,454.0,98.0,191.0,108.0,57.0,361.0,98.0,177.0,35.0,51.0,27.0,0.0,14.0,7.0,6.0
480291702004,333.0,52.0,164.0,117.0,0.0,281.0,0.0,164.0,117.0,0.0,52.0,52.0,0.0,0.0,0.0
480291702006,341.0,25.0,206.0,110.0,0.0,309.0,25.0,206.0,78.0,0.0,0.0,0.0,0.0,0.0,0.0
480291702002,334.0,110.0,95.0,129.0,0.0,320.0,104.0,87.0,129.0,0.0,0.0,0.0,0.0,0.0,0.0
480291702005,115.0,16.0,54.0,22.0,23.0,81.0,5.0,54.0,22.0,0.0,34.0,11.0,0.0,0.0,23.0
480291702001,258.0,77.0,90.0,75.0,16.0,213.0,65.0,90.0,50.0,8.0,21.0,0.0,0.0,13.0,8.0
480291316011,342.0,78.0,116.0,148.0,0.0,342.0,78.0,116.0,148.0,0.0,0.0,0.0,0.0,0.0,0.0
480291317001,378.0,239.0,49.0,85.0,5.0,293.0,155.0,48.0,85.0,5.0,0.0,0.0,0.0,0.0,0.0
480291412004,240.0,6.0,127.0,74.0,33.0,193.0,6.0,127.0,60.0,0.0,47.0,0.0,0.0,14.0,33.0
480291412001,584.0,223.0,29.0,241.0,91.0,439.0,223.0,29.0,170.0,17.0,145.0,0.0,0.0,71.0,74.0
480291412005,582.0,170.0,268.0,98.0,46.0,577.0,170.0,268.0,98.0,41.0,5.0,0.0,0.0,0.0,5.0
480291412002,533.0,11.0,224.0,258.0,40.0,493.0,11.0,184.0,258.0,40.0,0.0,0.0,0.0,0.0,0.0
480291501003,401.0,83.0,179.0,119.0,20.0,388.0,83.0,179.0,106.0,20.0,13.0,0.0,0.0,13.0,0.0
480291309002,360.0,100.0,166.0,67.0,27.0,322.0,69.0,159.0,67.0,27.0,0.0,0.0,0.0,0.0,0.0
480291309003,420.0,43.0,227.0,71.0,79.0,385.0,43.0,227.0,71.0,44.0,35.0,0.0,0.0,0.0,35.0
480291310003,350.0,220.0,13.0,88.0,29.0,294.0,193.0,13.0,88.0,0.0,29.0,0.0,0.0,0.0,29.0
480291310004,217.0,129.0,88.0,0.0,0.0,211.0,123.0,88.0,0.0,0.0,6.0,6.0,0.0,0.0,0.0
480291310001,862.0,277.0,285.0,225.0,75.0,721.0,246.0,285.0,161.0,29.0,110.0,0.0,0.0,64.0,46.0
480291310002,273.0,36.0,160.0,77.0,0.0,259.0,36.0,146.0,77.0,0.0,0.0,0.0,0.0,0.0,0.0
480291405003,557.0,163.0,362.0,32.0,0.0,540.0,146.0,362.0,32.0,0.0,0.0,0.0,0.0,0.0,0.0
480291405002,656.0,59.0,331.0,238.0,28.0,588.0,59.0,307.0,194.0,28.0,68.0,0.0,24.0,44.0,0.0
480291405001,394.0,132.0,179.0,61.0,22.0,377.0,123.0,171.0,61.0,22.0,0.0,0.0,0.0,0.0,0.0
480291405004,290.0,22.0,221.0,47.0,0.0,290.0,22.0,221.0,47.0,0.0,0.0,0.0,0.0,0.0,0.0
480291406002,420.0,92.0,167.0,136.0,25.0,402.0,92.0,162.0,123.0,25.0,0.0,0.0,0.0,0.0,0.0
480291406001,828.0,240.0,366.0,183.0,39.0,764.0,240.0,352.0,160.0,12.0,50.0,0.0,0.0,23.0,27.0
480291407003,262.0,92.0,72.0,96.0,2.0,252.0,92.0,64.0,96.0,0.0,10.0,0.0,8.0,0.0,2.0
480291407001,457.0,102.0,230.0,125.0,0.0,457.0,102.0,230.0,125.0,0.0,0.0,0.0,0.0,0.0,0.0
480291407004,389.0,127.0,140.0,122.0,0.0,389.0,127.0,140.0,122.0,0.0,0.0,0.0,0.0,0.0,0.0
480291407005,569.0,119.0,275.0,123.0,52.0,513.0,119.0,275.0,119.0,0.0,56.0,0.0,0.0,4.0,52.0
480291413001,432.0,47.0,303.0,59.0,23.0,370.0,47.0,303.0,20.0,0.0,45.0,0.0,0.0,22.0,23.0
480291413003,1496.0,264.0,683.0,427.0,122.0,1248.0,247.0,598.0,355.0,48.0,206.0,0.0,85.0,47.0,74.0
480291702003,383.0,45.0,225.0,113.0,0.0,371.0,33.0,225.0,113.0,0.0,0.0,0.0,0.0,0.0,0.0
480291806023,353.0,55.0,220.0,49.0,29.0,339.0,41.0,220.0,49.0,29.0,0.0,0.0,0.0,0.0,0.0
480291806021,423.0,104.0,218.0,101.0,0.0,380.0,104.0,186.0,90.0,0.0,43.0,0.0,32.0,11.0,0.0
480291911021,286.0,105.0,89.0,92.0,0.0,286.0,105.0,89.0,92.0,0.0,0.0,0.0,0.0,0.0,0.0
480291911022,350.0,27.0,216.0,83.0,24.0,274.0,26.0,216.0,24.0,8.0,59.0,0.0,0.0,59.0,0.0
480291911023,430.0,116.0,298.0,16.0,0.0,430.0,116.0,298.0,16.0,0.0,0.0,0.0,0.0,0.0,0.0
480291209012,719.0,278.0,335.0,106.0,0.0,638.0,235.0,307.0,96.0,0.0,48.0,38.0,0.0,10.0,0.0
480291209011,383.0,156.0,178.0,39.0,10.0,318.0,125.0,154.0,39.0,0.0,10.0,0.0,0.0,0.0,10.0
480291211122,764.0,108.0,423.0,179.0,54.0,711.0,108.0,404.0,179.0,20.0,23.0,0.0,0.0,0.0,23.0
480291519001,647.0,217.0,163.0,267.0,0.0,517.0,111.0,163.0,243.0,0.0,24.0,0.0,0.0,24.0,0.0
480291409002,489.0,139.0,197.0,126.0,27.0,475.0,131.0,197.0,120.0,27.0,6.0,0.0,0.0,6.0,0.0
480291417001,1289.0,124.0,567.0,425.0,173.0,1282.0,124.0,560.0,425.0,173.0,7.0,0.0,7.0,0.0,0.0
480291417002,1292.0,84.0,685.0,437.0,86.0,1280.0,80.0,677.0,437.0,86.0,12.0,4.0,8.0,0.0,0.0
480291505012,439.0,54.0,240.0,85.0,60.0,392.0,45.0,231.0,85.0,31.0,29.0,0.0,0.0,0.0,29.0
480291505014,573.0,244.0,132.0,75.0,122.0,565.0,244.0,124.0,75.0,122.0,0.0,0.0,0.0,0.0,0.0
480291604002,712.0,30.0,367.0,213.0,102.0,651.0,30.0,367.0,189.0,65.0,53.0,0.0,0.0,16.0,37.0
480291604004,303.0,15.0,145.0,128.0,15.0,294.0,15.0,145.0,119.0,15.0,9.0,0.0,0.0,9.0,0.0
480291604001,499.0,52.0,346.0,91.0,10.0,498.0,51.0,346.0,91.0,10.0,1.0,1.0,0.0,0.0,0.0
480291604003,376.0,79.0,196.0,69.0,32.0,376.0,79.0,196.0,69.0,32.0,0.0,0.0,0.0,0.0,0.0
480291611005,716.0,104.0,178.0,247.0,187.0,610.0,74.0,178.0,247.0,111.0,76.0,0.0,0.0,0.0,76.0
480291611006,204.0,22.0,103.0,38.0,41.0,163.0,22.0,103.0,38.0,0.0,41.0,0.0,0.0,0.0,41.0
480291611001,1457.0,148.0,713.0,494.0,102.0,1410.0,148.0,687.0,491.0,84.0,21.0,0.0,0.0,3.0,18.0
480291611004,840.0,149.0,531.0,52.0,108.0,840.0,149.0,531.0,52.0,108.0,0.0,0.0,0.0,0.0,0.0
480291611003,467.0,102.0,227.0,138.0,0.0,428.0,102.0,227.0,99.0,0.0,39.0,0.0,0.0,39.0,0.0
480291611002,302.0,135.0,107.0,60.0,0.0,302.0,135.0,107.0,60.0,0.0,0.0,0.0,0.0,0.0,0.0
480291813012,860.0,259.0,345.0,256.0,0.0,785.0,259.0,345.0,181.0,0.0,75.0,0.0,0.0,75.0,0.0
480291813011,1751.0,536.0,845.0,347.0,23.0,1723.0,536.0,845.0,319.0,23.0,28.0,0.0,0.0,28.0,0.0
480291814021,393.0,89.0,269.0,35.0,0.0,317.0,77.0,226.0,14.0,0.0,0.0,0.0,0.0,0.0,0.0
480291814022,703.0,166.0,297.0,106.0,134.0,607.0,137.0,274.0,106.0,90.0,58.0,0.0,14.0,0.0,44.0
480291109001,1081.0,302.0,623.0,147.0,9.0,875.0,203.0,578.0,85.0,9.0,84.0,22.0,11.0,51.0,0.0
480291110003,692.0,280.0,310.0,65.0,37.0,624.0,238.0,310.0,53.0,23.0,53.0,27.0,0.0,12.0,14.0
480291110002,268.0,105.0,101.0,44.0,18.0,214.0,68.0,101.0,33.0,12.0,17.0,0.0,0.0,11.0,6.0
480291204001,781.0,285.0,257.0,162.0,77.0,781.0,285.0,257.0,162.0,77.0,0.0,0.0,0.0,0.0,0.0
480291204005,454.0,197.0,138.0,96.0,23.0,401.0,197.0,138.0,43.0,23.0,0.0,0.0,0.0,0.0,0.0
480291710004,569.0,127.0,191.0,251.0,0.0,538.0,127.0,169.0,242.0,0.0,31.0,0.0,22.0,9.0,0.0
480291204003,314.0,111.0,182.0,0.0,21.0,298.0,111.0,166.0,0.0,21.0,0.0,0.0,0.0,0.0,0.0
480291207021,1097.0,332.0,700.0,51.0,14.0,1052.0,287.0,700.0,51.0,14.0,0.0,0.0,0.0,0.0,0.0
480291704014,298.0,62.0,178.0,38.0,20.0,248.0,62.0,164.0,22.0,0.0,24.0,0.0,0.0,16.0,8.0
480291710001,338.0,22.0,59.0,154.0,103.0,310.0,22.0,59.0,126.0,103.0,28.0,0.0,0.0,28.0,0.0
480291710002,184.0,8.0,117.0,59.0,0.0,168.0,8.0,109.0,51.0,0.0,0.0,0.0,0.0,0.0,0.0
480291717001,971.0,299.0,320.0,261.0,91.0,890.0,282.0,320.0,197.0,91.0,0.0,0.0,0.0,0.0,0.0
480291717003,376.0,115.0,180.0,81.0,0.0,376.0,115.0,180.0,81.0,0.0,0.0,0.0,0.0,0.0,0.0
480291215013,1383.0,320.0,764.0,229.0,70.0,1351.0,304.0,748.0,229.0,70.0,0.0,0.0,0.0,0.0,0.0
480291215011,1269.0,156.0,890.0,223.0,0.0,1269.0,156.0,890.0,223.0,0.0,0.0,0.0,0.0,0.0,0.0
480291215074,661.0,241.0,209.0,184.0,27.0,636.0,234.0,197.0,178.0,27.0,25.0,7.0,12.0,6.0,0.0
480291215071,395.0,11.0,202.0,172.0,10.0,395.0,11.0,202.0,172.0,10.0,0.0,0.0,0.0,0.0,0.0
480291215072,405.0,41.0,160.0,156.0,48.0,405.0,41.0,160.0,156.0,48.0,0.0,0.0,0.0,0.0,0.0
480291312002,549.0,173.0,175.0,193.0,8.0,549.0,173.0,175.0,193.0,8.0,0.0,0.0,0.0,0.0,0.0
480291401002,273.0,49.0,149.0,63.0,12.0,250.0,38.0,149.0,63.0,0.0,12.0,0.0,0.0,0.0,12.0
480291401001,328.0,82.0,141.0,91.0,14.0,284.0,68.0,117.0,85.0,14.0,15.0,9.0,0.0,6.0,0.0
480291404004,262.0,31.0,166.0,65.0,0.0,225.0,5.0,155.0,65.0,0.0,11.0,0.0,11.0,0.0,0.0
480291101002,380.0,116.0,211.0,39.0,14.0,271.0,36.0,211.0,19.0,5.0,29.0,0.0,0.0,20.0,9.0
480291209022,907.0,214.0,569.0,77.0,47.0,907.0,214.0,569.0,77.0,47.0,0.0,0.0,0.0,0.0,0.0
480291209021,1219.0,333.0,366.0,323.0,197.0,1031.0,317.0,326.0,323.0,65.0,132.0,0.0,0.0,0.0,132.0
480291214033,944.0,275.0,397.0,207.0,65.0,886.0,255.0,390.0,206.0,35.0,31.0,0.0,0.0,1.0,30.0
480291214031,862.0,268.0,359.0,196.0,39.0,775.0,231.0,344.0,187.0,13.0,26.0,0.0,0.0,0.0,26.0
480291216042,624.0,71.0,227.0,248.0,78.0,624.0,71.0,227.0,248.0,78.0,0.0,0.0,0.0,0.0,0.0
480291216043,405.0,71.0,212.0,92.0,30.0,405.0,71.0,212.0,92.0,30.0,0.0,0.0,0.0,0.0,0.0
480291306004,331.0,64.0,140.0,127.0,0.0,293.0,64.0,140.0,89.0,0.0,38.0,0.0,0.0,38.0,0.0
480291207022,323.0,54.0,240.0,29.0,0.0,323.0,54.0,240.0,29.0,0.0,0.0,0.0,0.0,0.0,0.0
480291213003,286.0,11.0,206.0,55.0,14.0,286.0,11.0,206.0,55.0,14.0,0.0,0.0,0.0,0.0,0.0
480291213001,1413.0,379.0,605.0,403.0,26.0,1413.0,379.0,605.0,403.0,26.0,0.0,0.0,0.0,0.0,0.0
480291703004,234.0,78.0,105.0,32.0,19.0,234.0,78.0,105.0,32.0,19.0,0.0,0.0,0.0,0.0,0.0
480291703002,147.0,8.0,88.0,51.0,0.0,127.0,8.0,68.0,51.0,0.0,0.0,0.0,0.0,0.0,0.0
480291703006,312.0,98.0,115.0,74.0,25.0,312.0,98.0,115.0,74.0,25.0,0.0,0.0,0.0,0.0,0.0
480291703005,718.0,121.0,388.0,209.0,0.0,652.0,75.0,388.0,189.0,0.0,12.0,0.0,0.0,12.0,0.0
480291703003,234.0,79.0,133.0,15.0,7.0,176.0,32.0,122.0,15.0,7.0,35.0,24.0,11.0,0.0,0.0
480291704024,220.0,44.0,138.0,0.0,38.0,150.0,44.0,106.0,0.0,0.0,70.0,0.0,32.0,0.0,38.0
480291704021,687.0,259.0,268.0,160.0,0.0,651.0,251.0,259.0,141.0,0.0,36.0,8.0,9.0,19.0,0.0
480291706001,656.0,306.0,222.0,128.0,0.0,596.0,293.0,212.0,91.0,0.0,37.0,0.0,0.0,37.0,0.0
480291706004,594.0,142.0,276.0,110.0,66.0,488.0,94.0,276.0,98.0,20.0,58.0,0.0,0.0,12.0,46.0
480291706003,589.0,86.0,301.0,169.0,33.0,556.0,86.0,301.0,169.0,0.0,33.0,0.0,0.0,0.0,33.0
480291707003,879.0,108.0,309.0,370.0,92.0,794.0,107.0,309.0,306.0,72.0,30.0,0.0,0.0,10.0,20.0
480291707002,432.0,105.0,226.0,74.0,27.0,418.0,105.0,226.0,60.0,27.0,14.0,0.0,0.0,14.0,0.0
480291212044,511.0,291.0,153.0,67.0,0.0,454.0,261.0,126.0,67.0,0.0,27.0,0.0,27.0,0.0,0.0
480291212043,498.0,59.0,224.0,173.0,42.0,386.0,59.0,141.0,158.0,28.0,68.0,0.0,54.0,0.0,14.0
480291404001,359.0,60.0,176.0,123.0,0.0,341.0,55.0,176.0,110.0,0.0,13.0,0.0,0.0,13.0,0.0
480291404002,586.0,218.0,266.0,76.0,26.0,560.0,218.0,251.0,76.0,15.0,11.0,0.0,0.0,0.0,11.0
480291504003,1244.0,248.0,696.0,211.0,89.0,1113.0,228.0,628.0,193.0,64.0,72.0,0.0,29.0,18.0,25.0
480291215052,357.0,50.0,126.0,181.0,0.0,331.0,24.0,126.0,181.0,0.0,0.0,0.0,0.0,0.0,0.0
480291403002,450.0,101.0,241.0,108.0,0.0,372.0,85.0,226.0,61.0,0.0,62.0,0.0,15.0,47.0,0.0
480291403003,444.0,152.0,234.0,58.0,0.0,357.0,125.0,207.0,25.0,0.0,60.0,0.0,27.0,33.0,0.0
480291520001,1013.0,177.0,387.0,374.0,75.0,928.0,177.0,387.0,305.0,59.0,16.0,0.0,0.0,0.0,16.0
480291701011,322.0,101.0,81.0,52.0,88.0,282.0,61.0,81.0,52.0,88.0,7.0,7.0,0.0,0.0,0.0
480291701012,620.0,158.0,307.0,95.0,60.0,534.0,158.0,264.0,95.0,17.0,43.0,0.0,0.0,0.0,43.0
480291718022,569.0,136.0,404.0,29.0,0.0,569.0,136.0,404.0,29.0,0.0,0.0,0.0,0.0,0.0,0.0
480291718025,325.0,125.0,34.0,166.0,0.0,296.0,96.0,34.0,166.0,0.0,0.0,0.0,0.0,0.0,0.0
480291718023,675.0,118.0,219.0,265.0,73.0,550.0,118.0,192.0,240.0,0.0,125.0,0.0,27.0,25.0,73.0
480291408004,231.0,31.0,155.0,45.0,0.0,205.0,19.0,155.0,31.0,0.0,26.0,12.0,0.0,14.0,0.0
480291408001,665.0,150.0,356.0,150.0,9.0,645.0,130.0,356.0,150.0,9.0,0.0,0.0,0.0,0.0,0.0
480291408005,755.0,301.0,295.0,147.0,12.0,691.0,249.0,295.0,147.0,0.0,8.0,8.0,0.0,0.0,0.0
480291408003,215.0,41.0,103.0,63.0,8.0,215.0,41.0,103.0,63.0,8.0,0.0,0.0,0.0,0.0,0.0
480291408002,600.0,63.0,272.0,231.0,34.0,558.0,63.0,256.0,217.0,22.0,12.0,0.0,0.0,0.0,12.0
480291505023,400.0,94.0,217.0,30.0,59.0,374.0,94.0,217.0,30.0,33.0,26.0,0.0,0.0,0.0,26.0
480291505022,604.0,205.0,225.0,137.0,37.0,604.0,205.0,225.0,137.0,37.0,0.0,0.0,0.0,0.0,0.0
480291505021,475.0,73.0,289.0,113.0,0.0,465.0,73.0,279.0,113.0,0.0,0.0,0.0,0.0,0.0,0.0
480291507006,122.0,9.0,44.0,69.0,0.0,122.0,9.0,44.0,69.0,0.0,0.0,0.0,0.0,0.0,0.0
480291507001,363.0,102.0,153.0,108.0,0.0,255.0,102.0,153.0,0.0,0.0,97.0,0.0,0.0,97.0,0.0
480291507003,752.0,35.0,465.0,252.0,0.0,740.0,35.0,453.0,252.0,0.0,12.0,0.0,12.0,0.0,0.0
480291601004,771.0,221.0,381.0,123.0,46.0,712.0,172.0,381.0,123.0,36.0,10.0,0.0,0.0,0.0,10.0
480291601003,391.0,124.0,143.0,124.0,0.0,391.0,124.0,143.0,124.0,0.0,0.0,0.0,0.0,0.0,0.0
480291601001,450.0,158.0,107.0,185.0,0.0,363.0,135.0,107.0,121.0,0.0,64.0,0.0,0.0,64.0,0.0
480291813023,1127.0,399.0,431.0,280.0,17.0,1098.0,370.0,431.0,280.0,17.0,0.0,0.0,0.0,0.0,0.0
480291809021,397.0,76.0,190.0,131.0,0.0,359.0,54.0,190.0,115.0,0.0,0.0,0.0,0.0,0.0,0.0
480291809023,756.0,99.0,556.0,101.0,0.0,744.0,87.0,556.0,101.0,0.0,0.0,0.0,0.0,0.0,0.0
480291809022,748.0,0.0,474.0,256.0,18.0,743.0,0.0,474.0,256.0,13.0,5.0,0.0,0.0,0.0,5.0
480291809025,972.0,359.0,485.0,111.0,17.0,955.0,359.0,485.0,111.0,0.0,17.0,0.0,0.0,0.0,17.0
480291810031,893.0,251.0,348.0,267.0,27.0,863.0,236.0,348.0,267.0,12.0,15.0,0.0,0.0,0.0,15.0
480291810051,910.0,176.0,398.0,231.0,105.0,792.0,148.0,352.0,231.0,61.0,68.0,0.0,24.0,0.0,44.0
480291810052,334.0,123.0,137.0,57.0,17.0,317.0,123.0,137.0,57.0,0.0,17.0,0.0,0.0,0.0,17.0
480291815061,258.0,27.0,160.0,57.0,14.0,210.0,27.0,126.0,57.0,0.0,28.0,0.0,14.0,0.0,14.0
480291815062,622.0,115.0,277.0,189.0,41.0,612.0,115.0,267.0,189.0,41.0,9.0,0.0,9.0,0.0,0.0
480291817151,544.0,109.0,71.0,313.0,51.0,520.0,109.0,71.0,289.0,51.0,0.0,0.0,0.0,0.0,0.0
480291203002,309.0,76.0,153.0,80.0,0.0,309.0,76.0,153.0,80.0,0.0,0.0,0.0,0.0,0.0,0.0
480291203003,628.0,264.0,280.0,61.0,23.0,628.0,264.0,280.0,61.0,23.0,0.0,0.0,0.0,0.0,0.0
480291203005,396.0,254.0,111.0,0.0,31.0,396.0,254.0,111.0,0.0,31.0,0.0,0.0,0.0,0.0,0.0
480291205013,657.0,203.0,277.0,177.0,0.0,638.0,184.0,277.0,177.0,0.0,0.0,0.0,0.0,0.0,0.0
480291205015,558.0,144.0,254.0,150.0,10.0,558.0,144.0,254.0,150.0,10.0,0.0,0.0,0.0,0.0,0.0
480291205012,679.0,383.0,267.0,29.0,0.0,611.0,374.0,208.0,29.0,0.0,0.0,0.0,0.0,0.0,0.0
480291205014,646.0,111.0,432.0,103.0,0.0,633.0,98.0,432.0,103.0,0.0,0.0,0.0,0.0,0.0,0.0
480291211152,1379.0,260.0,760.0,304.0,55.0,1379.0,260.0,760.0,304.0,55.0,0.0,0.0,0.0,0.0,0.0
480291211153,845.0,161.0,397.0,248.0,39.0,842.0,160.0,395.0,248.0,39.0,2.0,0.0,2.0,0.0,0.0
480291211172,715.0,196.0,374.0,145.0,0.0,691.0,184.0,362.0,145.0,0.0,0.0,0.0,0.0,0.0,0.0
480291211171,884.0,198.0,533.0,153.0,0.0,871.0,185.0,533.0,153.0,0.0,0.0,0.0,0.0,0.0,0.0
480291720021,1892.0,331.0,496.0,767.0,298.0,1878.0,331.0,482.0,767.0,298.0,14.0,0.0,14.0,0.0,0.0
480291817031,1526.0,128.0,890.0,438.0,70.0,1511.0,128.0,890.0,423.0,70.0,0.0,0.0,0.0,0.0,0.0
480291817032,1218.0,372.0,252.0,580.0,14.0,1192.0,346.0,252.0,580.0,14.0,0.0,0.0,0.0,0.0,0.0
480291803003,403.0,53.0,166.0,139.0,45.0,394.0,53.0,166.0,139.0,36.0,9.0,0.0,0.0,0.0,9.0
480291803001,469.0,157.0,156.0,131.0,25.0,461.0,157.0,156.0,123.0,25.0,8.0,0.0,0.0,8.0,0.0
480291803002,605.0,117.0,165.0,280.0,43.0,572.0,117.0,160.0,280.0,15.0,33.0,0.0,5.0,0.0,28.0
480291817161,1909.0,344.0,1022.0,421.0,122.0,1855.0,344.0,991.0,421.0,99.0,23.0,0.0,0.0,0.0,23.0
480291910034,391.0,62.0,249.0,80.0,0.0,391.0,62.0,249.0,80.0,0.0,0.0,0.0,0.0,0.0,0.0
480291910035,372.0,15.0,237.0,120.0,0.0,372.0,15.0,237.0,120.0,0.0,0.0,0.0,0.0,0.0,0.0
480291910033,258.0,61.0,116.0,81.0,0.0,237.0,61.0,116.0,60.0,0.0,21.0,0.0,0.0,21.0,0.0
480291910031,279.0,24.0,201.0,54.0,0.0,279.0,24.0,201.0,54.0,0.0,0.0,0.0,0.0,0.0,0.0
480291910032,1813.0,406.0,1125.0,199.0,83.0,1757.0,406.0,1125.0,199.0,27.0,56.0,0.0,0.0,0.0,56.0
480291214041,935.0,274.0,374.0,240.0,47.0,915.0,274.0,374.0,232.0,35.0,20.0,0.0,0.0,8.0,12.0
480291214042,653.0,122.0,436.0,63.0,32.0,522.0,111.0,356.0,55.0,0.0,93.0,0.0,61.0,0.0,32.0
480291214043,467.0,49.0,282.0,85.0,51.0,424.0,49.0,261.0,85.0,29.0,0.0,0.0,0.0,0.0,0.0
480291313001,330.0,6.0,195.0,110.0,19.0,330.0,6.0,195.0,110.0,19.0,0.0,0.0,0.0,0.0,0.0
480291313004,257.0,14.0,166.0,77.0,0.0,257.0,14.0,166.0,77.0,0.0,0.0,0.0,0.0,0.0,0.0
480291316061,866.0,126.0,376.0,315.0,49.0,792.0,83.0,360.0,300.0,49.0,0.0,0.0,0.0,0.0,0.0
480291103003,167.0,37.0,65.0,32.0,33.0,126.0,37.0,57.0,32.0,0.0,33.0,0.0,0.0,0.0,33.0
480291103002,505.0,175.0,256.0,45.0,29.0,382.0,127.0,201.0,34.0,20.0,75.0,0.0,55.0,11.0,9.0
480291201001,2179.0,1490.0,562.0,101.0,26.0,1224.0,847.0,296.0,75.0,6.0,26.0,12.0,14.0,0.0,0.0
480291206002,443.0,13.0,348.0,47.0,35.0,443.0,13.0,348.0,47.0,35.0,0.0,0.0,0.0,0.0,0.0
480291206003,492.0,144.0,283.0,55.0,10.0,417.0,79.0,283.0,55.0,0.0,10.0,0.0,0.0,0.0,10.0
480291206006,199.0,56.0,143.0,0.0,0.0,199.0,56.0,143.0,0.0,0.0,0.0,0.0,0.0,0.0,0.0
480291206005,424.0,188.0,156.0,80.0,0.0,301.0,66.0,156.0,79.0,0.0,1.0,0.0,0.0,1.0,0.0
480291517003,755.0,224.0,144.0,363.0,24.0,618.0,224.0,97.0,273.0,24.0,137.0,0.0,47.0,90.0,0.0
480291517002,731.0,155.0,299.0,270.0,7.0,712.0,136.0,299.0,270.0,7.0,19.0,19.0,0.0,0.0,0.0
480291517001,941.0,378.0,228.0,249.0,86.0,941.0,378.0,228.0,249.0,86.0,0.0,0.0,0.0,0.0,0.0
480291607013,425.0,103.0,143.0,135.0,44.0,425.0,103.0,143.0,135.0,44.0,0.0,0.0,0.0,0.0,0.0
480291306001,245.0,104.0,30.0,57.0,54.0,176.0,104.0,30.0,42.0,0.0,69.0,0.0,0.0,15.0,54.0
480291306003,466.0,91.0,124.0,114.0,137.0,281.0,91.0,70.0,93.0,27.0,185.0,0.0,54.0,21.0,110.0
480291306002,217.0,40.0,122.0,47.0,8.0,217.0,40.0,122.0,47.0,8.0,0.0,0.0,0.0,0.0,0.0
480291402003,332.0,40.0,176.0,90.0,26.0,321.0,40.0,176.0,79.0,26.0,11.0,0.0,0.0,11.0,0.0
480291402002,327.0,81.0,140.0,106.0,0.0,311.0,81.0,140.0,90.0,0.0,16.0,0.0,0.0,16.0,0.0
480291402001,305.0,99.0,144.0,62.0,0.0,246.0,40.0,144.0,62.0,0.0,0.0,0.0,0.0,0.0,0.0
480291402004,413.0,118.0,170.0,108.0,17.0,348.0,70.0,170.0,108.0,0.0,65.0,48.0,0.0,0.0,17.0
480291309001,908.0,302.0,338.0,184.0,84.0,865.0,296.0,312.0,184.0,73.0,27.0,0.0,16.0,0.0,11.0
480291717004,670.0,106.0,126.0,92.0,346.0,670.0,106.0,126.0,92.0,346.0,0.0,0.0,0.0,0.0,0.0
480291719035,906.0,319.0,365.0,222.0,0.0,906.0,319.0,365.0,222.0,0.0,0.0,0.0,0.0,0.0,0.0
480291717006,320.0,198.0,40.0,21.0,61.0,320.0,198.0,40.0,21.0,61.0,0.0,0.0,0.0,0.0,0.0
480291719032,352.0,68.0,137.0,117.0,30.0,302.0,68.0,137.0,67.0,30.0,0.0,0.0,0.0,0.0,0.0
480291719034,400.0,116.0,130.0,135.0,19.0,400.0,116.0,130.0,135.0,19.0,0.0,0.0,0.0,0.0,0.0
480291509002,328.0,86.0,164.0,78.0,0.0,308.0,73.0,164.0,71.0,0.0,7.0,0.0,0.0,7.0,0.0
480291509001,705.0,207.0,287.0,134.0,77.0,607.0,207.0,287.0,67.0,46.0,91.0,0.0,0.0,60.0,31.0
480291509005,816.0,385.0,315.0,97.0,19.0,805.0,385.0,304.0,97.0,19.0,11.0,0.0,11.0,0.0,0.0
480291705003,419.0,125.0,156.0,85.0,53.0,362.0,121.0,156.0,32.0,53.0,53.0,0.0,0.0,53.0,0.0
480291705004,414.0,76.0,209.0,129.0,0.0,341.0,76.0,193.0,72.0,0.0,47.0,0.0,16.0,31.0,0.0
480291705002,662.0,224.0,224.0,214.0,0.0,583.0,224.0,213.0,146.0,0.0,68.0,0.0,0.0,68.0,0.0
480291805042,871.0,144.0,355.0,286.0,86.0,790.0,133.0,355.0,269.0,33.0,70.0,0.0,0.0,17.0,53.0
480291205025,314.0,65.0,181.0,68.0,0.0,292.0,60.0,181.0,51.0,0.0,22.0,5.0,0.0,17.0,0.0
480291205023,208.0,79.0,72.0,32.0,25.0,146.0,53.0,45.0,23.0,25.0,36.0,0.0,27.0,9.0,0.0
480291205026,400.0,146.0,142.0,112.0,0.0,363.0,146.0,105.0,112.0,0.0,0.0,0.0,0.0,0.0,0.0
480291205024,270.0,132.0,58.0,80.0,0.0,270.0,132.0,58.0,80.0,0.0,0.0,0.0,0.0,0.0,0.0
480291207012,515.0,101.0,280.0,134.0,0.0,437.0,62.0,241.0,134.0,0.0,0.0,0.0,0.0,0.0,0.0
480291207011,440.0,242.0,143.0,55.0,0.0,418.0,242.0,143.0,33.0,0.0,22.0,0.0,0.0,22.0,0.0
480291302002,208.0,34.0,93.0,56.0,25.0,123.0,19.0,54.0,45.0,5.0,69.0,11.0,27.0,11.0,20.0
480291410003,573.0,162.0,245.0,166.0,0.0,545.0,143.0,245.0,157.0,0.0,28.0,19.0,0.0,9.0,0.0
480291410002,387.0,65.0,181.0,87.0,54.0,317.0,65.0,166.0,77.0,9.0,55.0,0.0,0.0,10.0,45.0
480291516001,1261.0,155.0,322.0,705.0,79.0,1013.0,47.0,305.0,649.0,12.0,123.0,0.0,0.0,56.0,67.0
480291516004,545.0,111.0,135.0,252.0,47.0,524.0,111.0,135.0,231.0,47.0,21.0,0.0,0.0,21.0,0.0
480291516002,261.0,89.0,37.0,120.0,15.0,261.0,89.0,37.0,120.0,15.0,0.0,0.0,0.0,0.0,0.0
480291817051,886.0,127.0,377.0,285.0,97.0,886.0,127.0,377.0,285.0,97.0,0.0,0.0,0.0,0.0,0.0
480291817052,778.0,157.0,426.0,187.0,8.0,778.0,157.0,426.0,187.0,8.0,0.0,0.0,0.0,0.0,0.0
480291512002,1370.0,476.0,374.0,401.0,119.0,1154.0,386.0,365.0,349.0,54.0,117.0,0.0,0.0,52.0,65.0
480291606001,527.0,35.0,248.0,244.0,0.0,527.0,35.0,248.0,244.0,0.0,0.0,0.0,0.0,0.0,0.0
480291606003,759.0,154.0,374.0,158.0,73.0,714.0,154.0,354.0,133.0,73.0,45.0,0.0,20.0,25.0,0.0
480291419003,416.0,55.0,121.0,240.0,0.0,283.0,0.0,121.0,162.0,0.0,0.0,0.0,0.0,0.0,0.0
480291419002,1034.0,65.0,324.0,589.0,56.0,1034.0,65.0,324.0,589.0,56.0,0.0,0.0,0.0,0.0,0.0
480291515003,505.0,111.0,317.0,66.0,11.0,494.0,100.0,317.0,66.0,11.0,0.0,0.0,0.0,0.0,0.0
480291515002,424.0,98.0,212.0,91.0,23.0,413.0,98.0,212.0,91.0,12.0,11.0,0.0,0.0,0.0,11.0
480291603003,248.0,19.0,212.0,9.0,8.0,248.0,19.0,212.0,9.0,8.0,0.0,0.0,0.0,0.0,0.0
480291603002,352.0,77.0,224.0,51.0,0.0,352.0,77.0,224.0,51.0,0.0,0.0,0.0,0.0,0.0,0.0
480291603005,680.0,56.0,447.0,171.0,6.0,680.0,56.0,447.0,171.0,6.0,0.0,0.0,0.0,0.0,0.0
480291612001,357.0,72.0,147.0,138.0,0.0,357.0,72.0,147.0,138.0,0.0,0.0,0.0,0.0,0.0,0.0
480291612002,801.0,143.0,356.0,215.0,87.0,778.0,143.0,346.0,215.0,74.0,13.0,0.0,0.0,0.0,13.0
480291804003,347.0,57.0,110.0,164.0,16.0,347.0,57.0,110.0,164.0,16.0,0.0,0.0,0.0,0.0,0.0
480291804001,914.0,190.0,495.0,169.0,60.0,894.0,190.0,495.0,149.0,60.0,20.0,0.0,0.0,20.0,0.0
480291807012,1548.0,474.0,666.0,408.0,0.0,1392.0,451.0,570.0,371.0,0.0,37.0,0.0,0.0,37.0,0.0
480291811004,457.0,204.0,200.0,53.0,0.0,457.0,204.0,200.0,53.0,0.0,0.0,0.0,0.0,0.0,0.0
480291811002,454.0,206.0,195.0,37.0,16.0,454.0,206.0,195.0,37.0,16.0,0.0,0.0,0.0,0.0,0.0
480291811003,1191.0,363.0,649.0,153.0,26.0,1114.0,363.0,572.0,153.0,26.0,0.0,0.0,0.0,0.0,0.0
480291909015,665.0,241.0,342.0,16.0,66.0,649.0,241.0,342.0,0.0,66.0,0.0,0.0,0.0,0.0,0.0
480291909013,130.0,0.0,85.0,0.0,45.0,117.0,0.0,72.0,0.0,45.0,0.0,0.0,0.0,0.0,0.0
480291809014,497.0,229.0,142.0,106.0,20.0,497.0,229.0,142.0,106.0,20.0,0.0,0.0,0.0,0.0,0.0
480291813031,964.0,264.0,435.0,208.0,57.0,860.0,264.0,384.0,186.0,26.0,104.0,0.0,51.0,22.0,31.0
480291815041,792.0,269.0,365.0,147.0,11.0,758.0,269.0,365.0,124.0,0.0,34.0,0.0,0.0,23.0,11.0
480291815042,1632.0,484.0,772.0,353.0,23.0,1546.0,450.0,772.0,301.0,23.0,14.0,0.0,0.0,14.0,0.0
480291816012,897.0,145.0,334.0,347.0,71.0,841.0,145.0,320.0,342.0,34.0,51.0,0.0,14.0,0.0,37.0
480291906011,915.0,357.0,433.0,101.0,24.0,867.0,316.0,433.0,101.0,17.0,7.0,0.0,0.0,0.0,7.0
480291818091,505.0,36.0,164.0,261.0,44.0,492.0,34.0,164.0,250.0,44.0,2.0,2.0,0.0,0.0,0.0
480291818092,1044.0,295.0,439.0,310.0,0.0,1028.0,279.0,439.0,310.0,0.0,0.0,0.0,0.0,0.0,0.0
480291818094,640.0,127.0,350.0,113.0,50.0,640.0,127.0,350.0,113.0,50.0,0.0,0.0,0.0,0.0,0.0
480291906013,462.0,116.0,169.0,177.0,0.0,365.0,116.0,169.0,80.0,0.0,76.0,0.0,0.0,76.0,0.0
480291910041,642.0,100.0,397.0,106.0,39.0,563.0,73.0,372.0,87.0,31.0,43.0,16.0,0.0,19.0,8.0
480291910043,462.0,46.0,291.0,80.0,45.0,435.0,46.0,281.0,80.0,28.0,27.0,0.0,10.0,0.0,17.0
480291813022,1177.0,384.0,731.0,47.0,15.0,1160.0,369.0,730.0,46.0,15.0,1.0,0.0,0.0,1.0,0.0
480291212063,346.0,62.0,96.0,188.0,0.0,346.0,62.0,96.0,188.0,0.0,0.0,0.0,0.0,0.0,0.0
480291212061,546.0,78.0,324.0,144.0,0.0,546.0,78.0,324.0,144.0,0.0,0.0,0.0,0.0,0.0,0.0
480291212065,1027.0,496.0,257.0,238.0,36.0,983.0,469.0,257.0,238.0,19.0,17.0,0.0,0.0,0.0,17.0
480291212062,580.0,82.0,274.0,171.0,53.0,580.0,82.0,274.0,171.0,53.0,0.0,0.0,0.0,0.0,0.0
480291214022,620.0,126.0,205.0,247.0,42.0,611.0,117.0,205.0,247.0,42.0,9.0,9.0,0.0,0.0,0.0
480291214021,2942.0,327.0,1535.0,851.0,229.0,2813.0,280.0,1535.0,851.0,147.0,82.0,0.0,0.0,0.0,82.0
480291218031,746.0,137.0,360.0,249.0,0.0,721.0,127.0,345.0,249.0,0.0,0.0,0.0,0.0,0.0,0.0
480291218032,324.0,101.0,138.0,85.0,0.0,304.0,101.0,138.0,65.0,0.0,0.0,0.0,0.0,0.0,0.0
480291218033,1138.0,244.0,571.0,314.0,9.0,1097.0,244.0,569.0,275.0,9.0,21.0,0.0,2.0,19.0,0.0
480291218041,1303.0,320.0,564.0,362.0,57.0,1162.0,250.0,542.0,313.0,57.0,0.0,0.0,0.0,0.0,0.0
480291218042,1280.0,394.0,602.0,196.0,88.0,1218.0,345.0,602.0,183.0,88.0,13.0,0.0,0.0,13.0,0.0
480291218043,695.0,102.0,516.0,71.0,6.0,672.0,102.0,493.0,71.0,6.0,0.0,0.0,0.0,0.0,0.0
480291308001,1043.0,298.0,527.0,171.0,47.0,974.0,298.0,499.0,148.0,29.0,18.0,0.0,0.0,0.0,18.0
480291308004,479.0,115.0,186.0,160.0,18.0,428.0,115.0,135.0,160.0,18.0,1.0,0.0,1.0,0.0,0.0
480291308002,273.0,72.0,44.0,78.0,79.0,201.0,63.0,44.0,69.0,25.0,63.0,0.0,0.0,9.0,54.0
480291308003,203.0,24.0,96.0,64.0,19.0,144.0,24.0,96.0,24.0,0.0,19.0,0.0,0.0,0.0,19.0
480291311003,371.0,28.0,219.0,124.0,0.0,345.0,28.0,208.0,109.0,0.0,26.0,0.0,11.0,15.0,0.0
480291311002,301.0,123.0,108.0,70.0,0.0,277.0,123.0,108.0,46.0,0.0,0.0,0.0,0.0,0.0,0.0
480291602002,438.0,109.0,247.0,82.0,0.0,417.0,103.0,236.0,78.0,0.0,15.0,0.0,11.0,4.0,0.0
480291817134,728.0,96.0,320.0,192.0,120.0,696.0,96.0,320.0,192.0,88.0,32.0,0.0,0.0,0.0,32.0
480291817132,829.0,42.0,437.0,350.0,0.0,829.0,42.0,437.0,350.0,0.0,0.0,0.0,0.0,0.0,0.0
480291817133,686.0,79.0,295.0,296.0,16.0,635.0,79.0,244.0,296.0,16.0,0.0,0.0,0.0,0.0,0.0
480291815054,659.0,109.0,266.0,284.0,0.0,596.0,98.0,252.0,246.0,0.0,23.0,0.0,14.0,9.0,0.0
480291815053,479.0,127.0,201.0,112.0,39.0,470.0,127.0,201.0,112.0,30.0,9.0,0.0,0.0,0.0,9.0
480291815051,406.0,110.0,239.0,57.0,0.0,406.0,110.0,239.0,57.0,0.0,0.0,0.0,0.0,0.0,0.0
480291817042,674.0,45.0,399.0,221.0,9.0,575.0,38.0,375.0,153.0,9.0,6.0,0.0,0.0,6.0,0.0
480291817044,550.0,85.0,313.0,143.0,9.0,489.0,37.0,309.0,143.0,0.0,9.0,0.0,0.0,0.0,9.0
480291817111,1217.0,97.0,454.0,565.0,101.0,1187.0,97.0,449.0,565.0,76.0,30.0,0.0,5.0,0.0,25.0
480291907002,397.0,140.0,210.0,38.0,9.0,357.0,131.0,179.0,38.0,9.0,8.0,0.0,8.0,0.0,0.0
480291907003,619.0,103.0,381.0,108.0,27.0,574.0,85.0,381.0,108.0,0.0,27.0,0.0,0.0,0.0,27.0
480291607011,524.0,112.0,271.0,127.0,14.0,510.0,112.0,271.0,127.0,0.0,14.0,0.0,0.0,0.0,14.0
480291607012,575.0,148.0,203.0,224.0,0.0,499.0,127.0,190.0,182.0,0.0,34.0,0.0,13.0,21.0,0.0
480291718011,649.0,105.0,299.0,171.0,74.0,582.0,79.0,299.0,171.0,33.0,0.0,0.0,0.0,0.0,0.0
480291718013,489.0,64.0,220.0,167.0,38.0,474.0,64.0,213.0,159.0,38.0,0.0,0.0,0.0,0.0,0.0
480291718014,320.0,36.0,110.0,102.0,72.0,313.0,36.0,103.0,102.0,72.0,7.0,0.0,7.0,0.0,0.0
480291718012,808.0,239.0,263.0,264.0,42.0,808.0,239.0,263.0,264.0,42.0,0.0,0.0,0.0,0.0,0.0
480291802013,899.0,144.0,569.0,173.0,13.0,708.0,88.0,544.0,76.0,0.0,133.0,8.0,25.0,87.0,13.0
480291802012,373.0,144.0,193.0,36.0,0.0,363.0,134.0,193.0,36.0,0.0,0.0,0.0,0.0,0.0,0.0
480291802014,621.0,156.0,302.0,155.0,8.0,598.0,133.0,302.0,155.0,8.0,0.0,0.0,0.0,0.0,0.0
480291802011,259.0,42.0,210.0,7.0,0.0,233.0,42.0,184.0,7.0,0.0,0.0,0.0,0.0,0.0,0.0
480291812001,218.0,52.0,149.0,17.0,0.0,218.0,52.0,149.0,17.0,0.0,0.0,0.0,0.0,0.0,0.0
480291812004,605.0,88.0,500.0,17.0,0.0,605.0,88.0,500.0,17.0,0.0,0.0,0.0,0.0,0.0,0.0
480291812002,254.0,13.0,156.0,68.0,17.0,254.0,13.0,156.0,68.0,17.0,0.0,0.0,0.0,0.0,0.0
480291812005,430.0,104.0,274.0,37.0,15.0,430.0,104.0,274.0,37.0,15.0,0.0,0.0,0.0,0.0,0.0
480291514004,413.0,47.0,92.0,256.0,18.0,361.0,47.0,92.0,204.0,18.0,29.0,0.0,0.0,29.0,0.0
480291511003,306.0,67.0,97.0,142.0,0.0,306.0,67.0,97.0,142.0,0.0,0.0,0.0,0.0,0.0,0.0
480291511001,184.0,11.0,99.0,51.0,23.0,184.0,11.0,99.0,51.0,23.0,0.0,0.0,0.0,0.0,0.0
480291514001,407.0,30.0,277.0,76.0,24.0,358.0,30.0,235.0,69.0,24.0,49.0,0.0,42.0,7.0,0.0
480291514002,541.0,168.0,235.0,138.0,0.0,521.0,148.0,235.0,138.0,0.0,0.0,0.0,0.0,0.0,0.0
480291905012,882.0,173.0,464.0,224.0,21.0,865.0,173.0,455.0,224.0,13.0,8.0,0.0,0.0,0.0,8.0
480291905013,419.0,125.0,166.0,121.0,7.0,392.0,125.0,148.0,112.0,7.0,9.0,0.0,0.0,9.0,0.0
480291905011,395.0,67.0,215.0,113.0,0.0,374.0,67.0,215.0,92.0,0.0,21.0,0.0,0.0,21.0,0.0
480291908001,406.0,115.0,222.0,57.0,12.0,401.0,110.0,222.0,57.0,12.0,0.0,0.0,0.0,0.0,0.0
480291908002,453.0,169.0,258.0,23.0,3.0,446.0,169.0,251.0,23.0,3.0,6.0,0.0,6.0,0.0,0.0
480291909011,504.0,116.0,288.0,100.0,0.0,497.0,116.0,281.0,100.0,0.0,0.0,0.0,0.0,0.0,0.0
480291909012,1046.0,273.0,399.0,165.0,209.0,632.0,204.0,276.0,56.0,96.0,396.0,69.0,105.0,109.0,113.0
480291909021,805.0,285.0,351.0,120.0,49.0,705.0,211.0,351.0,120.0,23.0,26.0,0.0,0.0,0.0,26.0
480291909023,347.0,70.0,216.0,61.0,0.0,334.0,70.0,203.0,61.0,0.0,0.0,0.0,0.0,0.0,0.0
480291810012,896.0,273.0,462.0,91.0,70.0,890.0,269.0,462.0,91.0,68.0,2.0,0.0,0.0,0.0,2.0
480291810042,1704.0,344.0,952.0,365.0,43.0,1610.0,344.0,903.0,352.0,11.0,44.0,0.0,4.0,13.0,27.0
480291810041,1213.0,266.0,751.0,172.0,24.0,1164.0,231.0,751.0,158.0,24.0,0.0,0.0,0.0,0.0,0.0
480291901004,361.0,34.0,167.0,112.0,48.0,333.0,34.0,167.0,84.0,48.0,28.0,0.0,0.0,28.0,0.0
480291901003,444.0,55.0,277.0,86.0,26.0,395.0,48.0,252.0,86.0,9.0,42.0,0.0,25.0,0.0,17.0
480291901002,365.0,17.0,170.0,169.0,9.0,293.0,17.0,143.0,133.0,0.0,9.0,0.0,0.0,0.0,9.0
480291719021,1249.0,186.0,657.0,272.0,134.0,1151.0,186.0,631.0,272.0,62.0,72.0,0.0,0.0,0.0,72.0
480291311001,210.0,45.0,72.0,62.0,31.0,176.0,45.0,65.0,62.0,4.0,15.0,0.0,7.0,0.0,8.0
480291203008,257.0,106.0,124.0,27.0,0.0,223.0,72.0,124.0,27.0,0.0,0.0,0.0,0.0,0.0,0.0
480291203007,265.0,114.0,92.0,41.0,18.0,239.0,114.0,92.0,15.0,18.0,0.0,0.0,0.0,0.0,0.0
480291501001,913.0,207.0,523.0,148.0,35.0,849.0,207.0,475.0,141.0,26.0,16.0,0.0,7.0,0.0,9.0
480291501004,516.0,173.0,223.0,69.0,51.0,491.0,173.0,223.0,69.0,26.0,25.0,0.0,0.0,0.0,25.0
480291506004,330.0,112.0,145.0,56.0,17.0,307.0,112.0,139.0,56.0,0.0,12.0,0.0,6.0,0.0,6.0
480291506003,360.0,88.0,145.0,95.0,32.0,344.0,72.0,145.0,95.0,32.0,0.0,0.0,0.0,0.0,0.0
480291511007,561.0,163.0,147.0,194.0,57.0,561.0,163.0,147.0,194.0,57.0,0.0,0.0,0.0,0.0,0.0
480291511005,192.0,50.0,112.0,30.0,0.0,192.0,50.0,112.0,30.0,0.0,0.0,0.0,0.0,0.0,0.0
480291511004,719.0,187.0,307.0,209.0,16.0,666.0,187.0,307.0,156.0,16.0,53.0,0.0,0.0,53.0,0.0
480291918042,1171.0,67.0,343.0,617.0,144.0,1171.0,67.0,343.0,617.0,144.0,0.0,0.0,0.0,0.0,0.0
480291918041,903.0,61.0,317.0,512.0,13.0,903.0,61.0,317.0,512.0,13.0,0.0,0.0,0.0,0.0,0.0
480291210004,569.0,143.0,204.0,222.0,0.0,523.0,114.0,204.0,205.0,0.0,17.0,0.0,0.0,17.0,0.0
480291210003,1367.0,299.0,712.0,332.0,24.0,1324.0,299.0,669.0,332.0,24.0,0.0,0.0,0.0,0.0,0.0
480291210005,537.0,223.0,139.0,175.0,0.0,522.0,223.0,139.0,160.0,0.0,0.0,0.0,0.0,0.0,0.0
480291210006,669.0,187.0,217.0,250.0,15.0,650.0,169.0,216.0,250.0,15.0,1.0,0.0,1.0,0.0,0.0
480291211102,775.0,261.0,309.0,205.0,0.0,714.0,217.0,309.0,188.0,0.0,17.0,0.0,0.0,17.0,0.0
480291215062,510.0,176.0,103.0,177.0,54.0,452.0,172.0,103.0,177.0,0.0,54.0,0.0,0.0,0.0,54.0
480291215061,342.0,64.0,196.0,76.0,6.0,342.0,64.0,196.0,76.0,6.0,0.0,0.0,0.0,0.0,0.0
480291305001,178.0,48.0,115.0,15.0,0.0,178.0,48.0,115.0,15.0,0.0,0.0,0.0,0.0,0.0,0.0
480291305003,585.0,57.0,270.0,233.0,25.0,453.0,57.0,211.0,174.0,11.0,81.0,0.0,31.0,36.0,14.0
480291305002,299.0,109.0,100.0,52.0,38.0,261.0,83.0,100.0,52.0,26.0,12.0,0.0,0.0,0.0,12.0
480291305004,492.0,111.0,211.0,103.0,67.0,428.0,98.0,211.0,89.0,30.0,51.0,0.0,0.0,14.0,37.0
480291904003,381.0,153.0,161.0,67.0,0.0,331.0,153.0,111.0,67.0,0.0,50.0,0.0,50.0,0.0,0.0
480291211081,568.0,43.0,324.0,172.0,29.0,567.0,42.0,324.0,172.0,29.0,1.0,1.0,0.0,0.0,0.0
480291211083,1291.0,391.0,747.0,153.0,0.0,1178.0,296.0,729.0,153.0,0.0,30.0,30.0,0.0,0.0,0.0
480291211084,449.0,78.0,273.0,83.0,15.0,420.0,78.0,244.0,83.0,15.0,0.0,0.0,0.0,0.0,0.0
480291207015,410.0,100.0,152.0,135.0,23.0,410.0,100.0,152.0,135.0,23.0,0.0,0.0,0.0,0.0,0.0
480291215042,244.0,0.0,116.0,79.0,49.0,244.0,0.0,116.0,79.0,49.0,0.0,0.0,0.0,0.0,0.0
480291215041,581.0,51.0,356.0,174.0,0.0,548.0,51.0,323.0,174.0,0.0,0.0,0.0,0.0,0.0,0.0
480291503001,374.0,98.0,56.0,190.0,30.0,311.0,85.0,56.0,140.0,30.0,56.0,13.0,0.0,43.0,0.0
480291503004,739.0,197.0,335.0,161.0,46.0,676.0,180.0,335.0,161.0,0.0,46.0,0.0,0.0,0.0,46.0
480291503003,365.0,133.0,129.0,103.0,0.0,331.0,119.0,109.0,103.0,0.0,20.0,0.0,20.0,0.0,0.0
480291602003,448.0,69.0,261.0,107.0,11.0,426.0,69.0,261.0,96.0,0.0,11.0,0.0,0.0,0.0,11.0
480291508002,210.0,67.0,63.0,59.0,21.0,209.0,66.0,63.0,59.0,21.0,0.0,0.0,0.0,0.0,0.0
480291508003,255.0,109.0,118.0,28.0,0.0,168.0,56.0,87.0,25.0,0.0,31.0,0.0,31.0,0.0,0.0
480291712003,499.0,61.0,257.0,136.0,45.0,496.0,61.0,257.0,133.0,45.0,3.0,0.0,0.0,3.0,0.0
480291418001,350.0,42.0,58.0,223.0,27.0,312.0,4.0,58.0,223.0,27.0,0.0,0.0,0.0,0.0,0.0
480291418002,137.0,5.0,29.0,87.0,16.0,137.0,5.0,29.0,87.0,16.0,0.0,0.0,0.0,0.0,0.0
480291512005,1909.0,285.0,783.0,732.0,109.0,1880.0,285.0,783.0,703.0,109.0,29.0,0.0,0.0,29.0,0.0
480291512003,238.0,15.0,59.0,164.0,0.0,238.0,15.0,59.0,164.0,0.0,0.0,0.0,0.0,0.0,0.0
480291512001,580.0,231.0,213.0,113.0,23.0,567.0,231.0,200.0,113.0,23.0,0.0,0.0,0.0,0.0,0.0
480291107001,302.0,30.0,187.0,76.0,9.0,252.0,25.0,170.0,57.0,0.0,28.0,0.0,0.0,19.0,9.0
480291904001,365.0,75.0,267.0,23.0,0.0,365.0,75.0,267.0,23.0,0.0,0.0,0.0,0.0,0.0,0.0
480291719121,2720.0,553.0,744.0,1261.0,162.0,2680.0,553.0,727.0,1248.0,152.0,10.0,0.0,0.0,0.0,10.0
480291817122,661.0,62.0,221.0,338.0,40.0,656.0,57.0,221.0,338.0,40.0,0.0,0.0,0.0,0.0,0.0
480291816023,499.0,65.0,198.0,163.0,73.0,414.0,41.0,198.0,144.0,31.0,66.0,24.0,0.0,0.0,42.0
480291816021,375.0,91.0,172.0,112.0,0.0,375.0,91.0,172.0,112.0,0.0,0.0,0.0,0.0,0.0,0.0
480291818081,731.0,248.0,356.0,120.0,7.0,724.0,241.0,356.0,120.0,7.0,0.0,0.0,0.0,0.0,0.0
480291821021,653.0,196.0,216.0,183.0,58.0,640.0,196.0,216.0,170.0,58.0,13.0,0.0,0.0,13.0,0.0
480291911011,384.0,112.0,192.0,70.0,10.0,384.0,112.0,192.0,70.0,10.0,0.0,0.0,0.0,0.0,0.0
480291911012,436.0,121.0,247.0,68.0,0.0,430.0,121.0,247.0,62.0,0.0,6.0,0.0,0.0,6.0,0.0
480291219082,847.0,114.0,307.0,359.0,67.0,832.0,99.0,307.0,359.0,67.0,0.0,0.0,0.0,0.0,0.0
480291219091,1802.0,204.0,972.0,492.0,134.0,1759.0,204.0,955.0,490.0,110.0,2.0,0.0,0.0,2.0,0.0
480291219092,1814.0,325.0,915.0,460.0,114.0,1814.0,325.0,915.0,460.0,114.0,0.0,0.0,0.0,0.0,0.0
480291219101,2663.0,435.0,1247.0,931.0,50.0,2616.0,435.0,1210.0,921.0,50.0,0.0,0.0,0.0,0.0,0.0
480291219102,465.0,28.0,106.0,314.0,17.0,465.0,28.0,106.0,314.0,17.0,0.0,0.0,0.0,0.0,0.0
480291304011,283.0,47.0,137.0,38.0,61.0,253.0,47.0,122.0,38.0,46.0,20.0,0.0,5.0,0.0,15.0
480291304012,404.0,100.0,146.0,158.0,0.0,394.0,100.0,136.0,158.0,0.0,10.0,0.0,10.0,0.0,0.0
480291304013,493.0,133.0,167.0,148.0,45.0,466.0,121.0,167.0,141.0,37.0,15.0,0.0,0.0,7.0,8.0
480291304014,234.0,34.0,142.0,58.0,0.0,227.0,34.0,135.0,58.0,0.0,0.0,0.0,0.0,0.0,0.0
480291304021,401.0,33.0,210.0,129.0,29.0,349.0,33.0,190.0,115.0,11.0,43.0,0.0,11.0,14.0,18.0
480291304022,357.0,120.0,154.0,83.0,0.0,346.0,109.0,154.0,83.0,0.0,0.0,0.0,0.0,0.0,0.0
480291304023,414.0,43.0,196.0,175.0,0.0,382.0,29.0,178.0,175.0,0.0,18.0,0.0,18.0,0.0,0.0
480291314011,3094.0,331.0,1531.0,1019.0,213.0,3051.0,331.0,1531.0,976.0,213.0,12.0,0.0,0.0,12.0,0.0
480291314012,1698.0,220.0,787.0,656.0,35.0,1678.0,220.0,787.0,656.0,15.0,20.0,0.0,0.0,0.0,20.0
480291314021,261.0,29.0,67.0,149.0,16.0,241.0,29.0,58.0,148.0,6.0,10.0,0.0,0.0,0.0,10.0
480291719182,446.0,179.0,133.0,109.0,25.0,413.0,163.0,133.0,92.0,25.0,0.0,0.0,0.0,0.0,0.0
480291719184,938.0,144.0,530.0,253.0,11.0,890.0,144.0,482.0,253.0,11.0,0.0,0.0,0.0,0.0,0.0
480291719191,2003.0,34.0,898.0,822.0,249.0,1978.0,27.0,880.0,822.0,249.0,0.0,0.0,0.0,0.0,0.0
480291719202,2650.0,135.0,1131.0,886.0,498.0,2576.0,91.0,1131.0,856.0,498.0,0.0,0.0,0.0,0.0,0.0
480291719211,1266.0,59.0,387.0,729.0,91.0,1265.0,59.0,386.0,729.0,91.0,1.0,0.0,1.0,0.0,0.0
480291719213,582.0,27.0,245.0,243.0,67.0,561.0,27.0,224.0,243.0,67.0,0.0,0.0,0.0,0.0,0.0
480291719221,1855.0,135.0,457.0,1033.0,230.0,1788.0,135.0,421.0,1002.0,230.0,0.0,0.0,0.0,0.0,0.0
480291719232,634.0,118.0,400.0,116.0,0.0,634.0,118.0,400.0,116.0,0.0,0.0,0.0,0.0,0.0,0.0
480291719233,1427.0,320.0,769.0,289.0,49.0,1284.0,203.0,769.0,289.0,23.0,26.0,0.0,0.0,0.0,26.0
480291719241,2789.0,849.0,1076.0,618.0,246.0,2582.0,659.0,1076.0,618.0,229.0,0.0,0.0,0.0,0.0,0.0
480291720022,3021.0,162.0,1166.0,1541.0,152.0,2993.0,162.0,1166.0,1513.0,152.0,0.0,0.0,0.0,0.0,0.0
480291719242,1172.0,212.0,549.0,360.0,51.0,1157.0,212.0,549.0,360.0,36.0,0.0,0.0,0.0,0.0,0.0
480291719252,1134.0,304.0,274.0,525.0,31.0,1134.0,304.0,274.0,525.0,31.0,0.0,0.0,0.0,0.0,0.0
480291719254,1732.0,389.0,830.0,491.0,22.0,1710.0,389.0,830.0,491.0,0.0,22.0,0.0,0.0,0.0,22.0
480291720031,1548.0,328.0,469.0,640.0,111.0,1527.0,319.0,469.0,628.0,111.0,0.0,0.0,0.0,0.0,0.0
480291720032,1133.0,128.0,473.0,432.0,100.0,1093.0,122.0,456.0,415.0,100.0,0.0,0.0,0.0,0.0,0.0
480291720051,2124.0,208.0,895.0,825.0,196.0,2101.0,208.0,895.0,802.0,196.0,0.0,0.0,0.0,0.0,0.0
480291720052,3163.0,351.0,998.0,1576.0,238.0,3151.0,351.0,998.0,1564.0,238.0,0.0,0.0,0.0,0.0,0.0
480291720062,980.0,26.0,317.0,551.0,86.0,961.0,26.0,317.0,532.0,86.0,0.0,0.0,0.0,0.0,0.0
480291720063,767.0,22.0,171.0,471.0,103.0,732.0,0.0,158.0,471.0,103.0,0.0,0.0,0.0,0.0,0.0
480291720072,975.0,84.0,318.0,556.0,17.0,975.0,84.0,318.0,556.0,17.0,0.0,0.0,0.0,0.0,0.0
480291720073,2068.0,248.0,727.0,836.0,257.0,2049.0,248.0,727.0,836.0,238.0,0.0,0.0,0.0,0.0,0.0
480291801012,705.0,157.0,305.0,189.0,54.0,652.0,157.0,290.0,189.0,16.0,38.0,0.0,0.0,0.0,38.0
480291315031,340.0,60.0,186.0,94.0,0.0,306.0,47.0,186.0,73.0,0.0,0.0,0.0,0.0,0.0,0.0
480291315032,455.0,98.0,261.0,96.0,0.0,455.0,98.0,261.0,96.0,0.0,0.0,0.0,0.0,0.0,0.0
480291315041,523.0,64.0,270.0,150.0,39.0,475.0,21.0,265.0,150.0,39.0,48.0,43.0,5.0,0.0,0.0
480291315042,297.0,68.0,180.0,49.0,0.0,297.0,68.0,180.0,49.0,0.0,0.0,0.0,0.0,0.0,0.0
480291315051,1045.0,120.0,642.0,271.0,12.0,1013.0,120.0,628.0,253.0,12.0,18.0,0.0,0.0,18.0,0.0
480291315052,1095.0,205.0,535.0,339.0,16.0,1067.0,205.0,535.0,327.0,0.0,28.0,0.0,0.0,12.0,16.0
480291315062,1169.0,93.0,624.0,380.0,72.0,1099.0,76.0,624.0,355.0,44.0,60.0,17.0,0.0,15.0,28.0
480291316081,843.0,263.0,345.0,235.0,0.0,727.0,147.0,345.0,235.0,0.0,34.0,34.0,0.0,0.0,0.0
480291315071,1302.0,214.0,496.0,492.0,100.0,1231.0,214.0,496.0,421.0,100.0,71.0,0.0,0.0,71.0,0.0
480291315073,1029.0,126.0,545.0,285.0,73.0,966.0,99.0,545.0,285.0,37.0,36.0,0.0,0.0,0.0,36.0
480291316012,1436.0,179.0,587.0,596.0,74.0,1410.0,179.0,587.0,596.0,48.0,0.0,0.0,0.0,0.0,0.0
480291316082,1547.0,227.0,690.0,599.0,31.0,1547.0,227.0,690.0,599.0,31.0,0.0,0.0,0.0,0.0,0.0
480291316092,955.0,101.0,566.0,278.0,10.0,955.0,101.0,566.0,278.0,10.0,0.0,0.0,0.0,0.0,0.0
480291316093,1596.0,335.0,752.0,389.0,120.0,1434.0,321.0,633.0,373.0,107.0,13.0,0.0,0.0,0.0,13.0
480291316102,1200.0,111.0,813.0,276.0,0.0,1143.0,111.0,767.0,265.0,0.0,25.0,0.0,14.0,11.0,0.0
480291316111,454.0,48.0,201.0,194.0,11.0,427.0,48.0,201.0,172.0,6.0,22.0,0.0,0.0,22.0,0.0
480291316131,733.0,56.0,353.0,324.0,0.0,733.0,56.0,353.0,324.0,0.0,0.0,0.0,0.0,0.0,0.0
480291316132,1177.0,247.0,457.0,436.0,37.0,1135.0,245.0,436.0,427.0,27.0,10.0,0.0,0.0,0.0,10.0
480291316142,233.0,34.0,59.0,135.0,5.0,233.0,34.0,59.0,135.0,5.0,0.0,0.0,0.0,0.0,0.0
480291316151,1853.0,427.0,709.0,717.0,0.0,1593.0,427.0,603.0,563.0,0.0,106.0,0.0,106.0,0.0,0.0
480291316153,959.0,131.0,403.0,384.0,41.0,959.0,131.0,403.0,384.0,41.0,0.0,0.0,0.0,0.0,0.0
480291316154,574.0,162.0,123.0,224.0,65.0,574.0,162.0,123.0,224.0,65.0,0.0,0.0,0.0,0.0,0.0
480291318012,325.0,14.0,52.0,227.0,32.0,311.0,14.0,52.0,213.0,32.0,14.0,0.0,0.0,14.0,0.0
480291318021,1015.0,156.0,512.0,245.0,102.0,1015.0,156.0,512.0,245.0,102.0,0.0,0.0,0.0,0.0,0.0
480291318023,967.0,113.0,356.0,486.0,12.0,967.0,113.0,356.0,486.0,12.0,0.0,0.0,0.0,0.0,0.0
480291411011,385.0,127.0,123.0,126.0,9.0,317.0,112.0,103.0,102.0,0.0,44.0,0.0,20.0,24.0,0.0
480291411013,547.0,206.0,173.0,104.0,64.0,513.0,206.0,145.0,104.0,58.0,6.0,0.0,0.0,0.0,6.0
480291411021,289.0,49.0,164.0,76.0,0.0,229.0,49.0,104.0,76.0,0.0,0.0,0.0,0.0,0.0,0.0
480291411023,762.0,243.0,204.0,283.0,32.0,527.0,198.0,184.0,135.0,10.0,180.0,0.0,10.0,148.0,22.0
480291414022,870.0,176.0,382.0,312.0,0.0,863.0,176.0,382.0,305.0,0.0,0.0,0.0,0.0,0.0,0.0
480291414032,1364.0,239.0,671.0,397.0,57.0,1289.0,213.0,652.0,379.0,45.0,25.0,0.0,7.0,6.0,12.0
480291414041,1310.0,324.0,767.0,144.0,75.0,1228.0,243.0,766.0,144.0,75.0,0.0,0.0,0.0,0.0,0.0
480291414043,229.0,74.0,114.0,33.0,8.0,215.0,74.0,108.0,33.0,0.0,14.0,0.0,6.0,0.0,8.0
480291416002,972.0,101.0,567.0,227.0,77.0,972.0,101.0,567.0,227.0,77.0,0.0,0.0,0.0,0.0,0.0
480291513011,462.0,25.0,196.0,171.0,70.0,393.0,25.0,196.0,138.0,34.0,53.0,0.0,0.0,17.0,36.0
480291513012,240.0,46.0,92.0,84.0,18.0,225.0,31.0,92.0,84.0,18.0,0.0,0.0,0.0,0.0,0.0
480291513013,623.0,195.0,214.0,191.0,23.0,551.0,152.0,214.0,170.0,15.0,29.0,0.0,0.0,21.0,8.0
480291513014,1228.0,285.0,483.0,359.0,101.0,1135.0,229.0,483.0,330.0,93.0,23.0,11.0,0.0,4.0,8.0
480291513021,687.0,128.0,237.0,231.0,91.0,638.0,109.0,217.0,231.0,81.0,17.0,7.0,0.0,0.0,10.0
480291513022,656.0,120.0,339.0,138.0,59.0,614.0,105.0,335.0,138.0,36.0,27.0,0.0,4.0,0.0,23.0
480291521003,341.0,62.0,54.0,198.0,27.0,275.0,0.0,50.0,198.0,27.0,4.0,0.0,4.0,0.0,0.0
480291521004,829.0,103.0,317.0,365.0,44.0,751.0,103.0,239.0,365.0,44.0,0.0,0.0,0.0,0.0,0.0
480291522011,1200.0,95.0,287.0,678.0,140.0,1157.0,95.0,287.0,635.0,140.0,28.0,0.0,0.0,28.0,0.0
480291522012,707.0,63.0,132.0,421.0,91.0,707.0,63.0,132.0,421.0,91.0,0.0,0.0,0.0,0.0,0.0
480291522013,817.0,222.0,201.0,213.0,181.0,784.0,189.0,201.0,213.0,181.0,0.0,0.0,0.0,0.0,0.0
480291522021,1484.0,67.0,474.0,800.0,143.0,1458.0,50.0,474.0,791.0,143.0,0.0,0.0,0.0,0.0,0.0
480291605011,448.0,138.0,148.0,110.0,52.0,365.0,138.0,121.0,88.0,18.0,83.0,0.0,27.0,22.0,34.0
480291605012,354.0,25.0,226.0,103.0,0.0,312.0,21.0,221.0,70.0,0.0,29.0,0.0,0.0,29.0,0.0
480291605021,165.0,70.0,78.0,10.0,7.0,165.0,70.0,78.0,10.0,7.0,0.0,0.0,0.0,0.0,0.0
480291609013,373.0,112.0,125.0,105.0,31.0,347.0,98.0,125.0,105.0,19.0,12.0,0.0,0.0,0.0,12.0
480291605022,386.0,123.0,148.0,70.0,45.0,380.0,117.0,148.0,70.0,45.0,6.0,6.0,0.0,0.0,0.0
480291605024,583.0,201.0,203.0,147.0,32.0,546.0,201.0,203.0,110.0,32.0,37.0,0.0,0.0,37.0,0.0
480291609011,327.0,79.0,98.0,150.0,0.0,281.0,67.0,98.0,116.0,0.0,12.0,0.0,0.0,12.0,0.0
480291609021,876.0,189.0,360.0,226.0,101.0,816.0,189.0,360.0,194.0,73.0,60.0,0.0,0.0,32.0,28.0
480291609023,492.0,110.0,204.0,138.0,40.0,475.0,110.0,204.0,138.0,23.0,17.0,0.0,0.0,0.0,17.0
480291613022,681.0,70.0,266.0,328.0,17.0,681.0,70.0,266.0,328.0,17.0,0.0,0.0,0.0,0.0,0.0
480291613032,906.0,111.0,463.0,324.0,8.0,906.0,111.0,463.0,324.0,8.0,0.0,0.0,0.0,0.0,0.0
480291613041,737.0,180.0,212.0,280.0,65.0,716.0,180.0,212.0,280.0,44.0,21.0,0.0,0.0,0.0,21.0
480291614001,3532.0,2327.0,926.0,217.0,62.0,1482.0,914.0,404.0,138.0,26.0,144.0,42.0,102.0,0.0,0.0
480291615031,1006.0,207.0,482.0,308.0,9.0,975.0,207.0,468.0,300.0,0.0,23.0,0.0,14.0,0.0,9.0
480291615033,369.0,10.0,257.0,72.0,30.0,369.0,10.0,257.0,72.0,30.0,0.0,0.0,0.0,0.0,0.0
480291615041,641.0,33.0,415.0,146.0,47.0,606.0,33.0,415.0,111.0,47.0,35.0,0.0,0.0,35.0,0.0
480291618011,1479.0,221.0,709.0,460.0,89.0,1426.0,194.0,709.0,434.0,89.0,26.0,0.0,0.0,26.0,0.0
480291618012,279.0,50.0,55.0,162.0,12.0,267.0,50.0,55.0,162.0,0.0,0.0,0.0,0.0,0.0,0.0
480291618022,1490.0,198.0,774.0,418.0,100.0,1360.0,136.0,774.0,365.0,85.0,15.0,0.0,0.0,0.0,15.0
480291619011,503.0,235.0,105.0,160.0,3.0,444.0,190.0,94.0,160.0,0.0,3.0,0.0,0.0,0.0,3.0
480291619022,1351.0,160.0,412.0,732.0,47.0,1239.0,160.0,356.0,676.0,47.0,56.0,0.0,56.0,0.0,0.0
480291619023,1379.0,44.0,478.0,742.0,115.0,1379.0,44.0,478.0,742.0,115.0,0.0,0.0,0.0,0.0,0.0
480291620032,618.0,174.0,134.0,269.0,41.0,579.0,165.0,123.0,250.0,41.0,0.0,0.0,0.0,0.0,0.0
480291620033,389.0,44.0,115.0,210.0,20.0,377.0,32.0,115.0,210.0,20.0,0.0,0.0,0.0,0.0,0.0
480291620042,810.0,183.0,311.0,288.0,28.0,780.0,183.0,281.0,288.0,28.0,0.0,0.0,0.0,0.0,0.0
480291713011,313.0,25.0,167.0,91.0,30.0,287.0,25.0,150.0,91.0,21.0,26.0,0.0,17.0,0.0,9.0
480291713021,790.0,369.0,307.0,114.0,0.0,466.0,93.0,271.0,102.0,0.0,0.0,0.0,0.0,0.0,0.0
480291713022,339.0,17.0,252.0,41.0,29.0,317.0,17.0,252.0,41.0,7.0,22.0,0.0,0.0,0.0,22.0
480291716011,659.0,87.0,303.0,269.0,0.0,598.0,87.0,293.0,218.0,0.0,51.0,0.0,0.0,51.0,0.0
480291716013,434.0,97.0,213.0,124.0,0.0,409.0,97.0,188.0,124.0,0.0,21.0,0.0,21.0,0.0,0.0
480291716021,915.0,207.0,236.0,391.0,81.0,800.0,182.0,214.0,360.0,44.0,73.0,0.0,22.0,14.0,37.0
480291719022,2425.0,320.0,862.0,1147.0,96.0,2380.0,320.0,862.0,1102.0,96.0,0.0,0.0,0.0,0.0,0.0
480291719023,2936.0,493.0,1117.0,1017.0,309.0,2823.0,493.0,1089.0,1017.0,224.0,28.0,0.0,0.0,0.0,28.0
480291719131,1928.0,279.0,826.0,609.0,214.0,1856.0,279.0,805.0,596.0,176.0,59.0,0.0,21.0,0.0,38.0
480291719132,695.0,162.0,243.0,186.0,104.0,658.0,162.0,243.0,158.0,95.0,9.0,0.0,0.0,0.0,9.0
480291719142,934.0,139.0,378.0,270.0,147.0,895.0,139.0,375.0,270.0,111.0,39.0,0.0,3.0,0.0,36.0
480291719143,1057.0,250.0,330.0,427.0,50.0,972.0,219.0,330.0,399.0,24.0,35.0,0.0,0.0,9.0,26.0
480291719161,1625.0,261.0,551.0,694.0,119.0,1583.0,243.0,551.0,670.0,119.0,0.0,0.0,0.0,0.0,0.0
480291719162,838.0,86.0,426.0,277.0,49.0,793.0,86.0,426.0,232.0,49.0,45.0,0.0,0.0,45.0,0.0
480291719171,1913.0,240.0,737.0,823.0,113.0,1788.0,240.0,694.0,741.0,113.0,58.0,0.0,0.0,58.0,0.0
480291719172,2236.0,315.0,784.0,882.0,255.0,2085.0,303.0,784.0,806.0,192.0,86.0,0.0,0.0,23.0,63.0
480291215053,985.0,129.0,473.0,329.0,54.0,977.0,121.0,473.0,329.0,54.0,0.0,0.0,0.0,0.0,0.0
480291216051,641.0,123.0,346.0,167.0,5.0,641.0,123.0,346.0,167.0,5.0,0.0,0.0,0.0,0.0,0.0
480291216052,272.0,53.0,119.0,87.0,13.0,235.0,44.0,114.0,68.0,9.0,11.0,0.0,0.0,7.0,4.0
480291216062,1401.0,392.0,638.0,300.0,71.0,1305.0,325.0,638.0,271.0,71.0,0.0,0.0,0.0,0.0,0.0
480291216063,425.0,178.0,157.0,75.0,15.0,425.0,178.0,157.0,75.0,15.0,0.0,0.0,0.0,0.0,0.0
480291217011,640.0,191.0,354.0,74.0,21.0,609.0,191.0,323.0,74.0,21.0,0.0,0.0,0.0,0.0,0.0
480291217012,345.0,135.0,66.0,135.0,9.0,331.0,121.0,66.0,135.0,9.0,0.0,0.0,0.0,0.0,0.0
480291217014,569.0,165.0,224.0,153.0,27.0,542.0,138.0,224.0,153.0,27.0,0.0,0.0,0.0,0.0,0.0
480291217021,1696.0,456.0,655.0,505.0,80.0,1659.0,456.0,655.0,486.0,62.0,19.0,0.0,0.0,19.0,0.0
480291217023,1198.0,251.0,635.0,210.0,102.0,1167.0,229.0,630.0,210.0,98.0,0.0,0.0,0.0,0.0,0.0
480291218081,381.0,52.0,244.0,52.0,33.0,351.0,52.0,231.0,52.0,16.0,30.0,0.0,13.0,0.0,17.0
480291218091,510.0,102.0,299.0,94.0,15.0,510.0,102.0,299.0,94.0,15.0,0.0,0.0,0.0,0.0,0.0
480291218092,1025.0,143.0,509.0,321.0,52.0,1014.0,132.0,509.0,321.0,52.0,0.0,0.0,0.0,0.0,0.0
480291218101,1539.0,411.0,675.0,389.0,64.0,1497.0,390.0,675.0,389.0,43.0,11.0,0.0,0.0,0.0,11.0
480291218102,756.0,62.0,434.0,209.0,51.0,696.0,62.0,387.0,209.0,38.0,13.0,0.0,0.0,0.0,13.0
480291218112,560.0,41.0,229.0,212.0,78.0,560.0,41.0,229.0,212.0,78.0,0.0,0.0,0.0,0.0,0.0
480291218121,1978.0,188.0,1221.0,502.0,67.0,1855.0,188.0,1190.0,477.0,0.0,67.0,0.0,0.0,0.0,67.0
480291219032,1191.0,195.0,532.0,386.0,78.0,1191.0,195.0,532.0,386.0,78.0,0.0,0.0,0.0,0.0,0.0
480291218123,416.0,99.0,266.0,51.0,0.0,416.0,99.0,266.0,51.0,0.0,0.0,0.0,0.0,0.0,0.0
480291218124,262.0,42.0,82.0,135.0,3.0,259.0,42.0,82.0,135.0,0.0,0.0,0.0,0.0,0.0,0.0
480291219031,1333.0,181.0,536.0,545.0,71.0,1322.0,181.0,536.0,545.0,60.0,0.0,0.0,0.0,0.0,0.0
480291219042,1093.0,180.0,357.0,496.0,60.0,1067.0,180.0,357.0,486.0,44.0,7.0,0.0,0.0,0.0,7.0
480291219051,956.0,175.0,299.0,373.0,109.0,956.0,175.0,299.0,373.0,109.0,0.0,0.0,0.0,0.0,0.0
480291219061,1382.0,258.0,604.0,465.0,55.0,1334.0,257.0,589.0,433.0,55.0,30.0,1.0,15.0,14.0,0.0
480291219062,1348.0,395.0,446.0,420.0,87.0,1276.0,360.0,446.0,420.0,50.0,0.0,0.0,0.0,0.0,0.0
480291219072,5011.0,363.0,1868.0,2125.0,655.0,4954.0,363.0,1868.0,2068.0,655.0,14.0,0.0,0.0,14.0,0.0
480291219081,830.0,26.0,278.0,377.0,149.0,765.0,26.0,278.0,364.0,97.0,52.0,0.0,0.0,0.0,52.0
480291209024,1129.0,386.0,604.0,97.0,42.0,1083.0,386.0,558.0,97.0,42.0,46.0,0.0,46.0,0.0,0.0
480291211103,824.0,258.0,381.0,146.0,39.0,797.0,258.0,364.0,136.0,39.0,0.0,0.0,0.0,0.0,0.0
480291211183,816.0,129.0,339.0,305.0,43.0,816.0,129.0,339.0,305.0,43.0,0.0,0.0,0.0,0.0,0.0
480291211192,1944.0,397.0,998.0,474.0,75.0,1890.0,377.0,964.0,474.0,75.0,34.0,0.0,34.0,0.0,0.0
480291211193,968.0,94.0,717.0,157.0,0.0,966.0,94.0,715.0,157.0,0.0,2.0,0.0,2.0,0.0,0.0
480291211202,1141.0,55.0,612.0,460.0,14.0,1123.0,55.0,612.0,442.0,14.0,18.0,0.0,0.0,18.0,0.0
480291211211,874.0,179.0,390.0,298.0,7.0,863.0,179.0,390.0,287.0,7.0,11.0,0.0,0.0,11.0,0.0
480291211212,590.0,152.0,233.0,187.0,18.0,590.0,152.0,233.0,187.0,18.0,0.0,0.0,0.0,0.0,0.0
480291211221,827.0,105.0,391.0,317.0,14.0,827.0,105.0,391.0,317.0,14.0,0.0,0.0,0.0,0.0,0.0
480291211222,729.0,114.0,375.0,208.0,32.0,729.0,114.0,375.0,208.0,32.0,0.0,0.0,0.0,0.0,0.0
480291211223,1387.0,355.0,686.0,320.0,26.0,1371.0,347.0,686.0,320.0,18.0,8.0,0.0,0.0,0.0,8.0
480291215014,767.0,123.0,281.0,266.0,97.0,754.0,117.0,274.0,266.0,97.0,13.0,6.0,7.0,0.0,0.0
480291713023,271.0,30.0,188.0,53.0,0.0,246.0,5.0,188.0,53.0,0.0,0.0,0.0,0.0,0.0,0.0
480291713024,253.0,53.0,123.0,68.0,9.0,247.0,47.0,123.0,68.0,9.0,0.0,0.0,0.0,0.0,0.0
480291714012,1373.0,260.0,818.0,289.0,6.0,1358.0,260.0,818.0,280.0,0.0,6.0,0.0,0.0,0.0,6.0
480291714021,903.0,32.0,389.0,351.0,131.0,812.0,32.0,377.0,323.0,80.0,66.0,0.0,0.0,28.0,38.0
480291714023,1162.0,200.0,672.0,268.0,22.0,1105.0,200.0,672.0,211.0,22.0,47.0,0.0,0.0,47.0,0.0
480291715011,496.0,115.0,167.0,165.0,49.0,472.0,110.0,164.0,154.0,44.0,9.0,0.0,3.0,6.0,0.0
480291715021,618.0,210.0,207.0,187.0,14.0,609.0,210.0,207.0,187.0,5.0,9.0,0.0,0.0,0.0,9.0
480291715022,298.0,40.0,82.0,104.0,72.0,281.0,40.0,82.0,104.0,55.0,17.0,0.0,0.0,0.0,17.0
480291715024,582.0,101.0,190.0,241.0,50.0,567.0,101.0,175.0,241.0,50.0,0.0,0.0,0.0,0.0,0.0
480291914121,996.0,142.0,524.0,304.0,26.0,949.0,142.0,489.0,292.0,26.0,5.0,0.0,0.0,5.0,0.0
480291914131,1317.0,167.0,691.0,356.0,103.0,1296.0,167.0,691.0,356.0,82.0,0.0,0.0,0.0,0.0,0.0
480291914132,1763.0,427.0,968.0,314.0,54.0,1664.0,359.0,937.0,314.0,54.0,0.0,0.0,0.0,0.0,0.0
480291915031,984.0,166.0,544.0,256.0,18.0,966.0,166.0,526.0,256.0,18.0,0.0,0.0,0.0,0.0,0.0
480291915032,792.0,77.0,413.0,212.0,90.0,792.0,77.0,413.0,212.0,90.0,0.0,0.0,0.0,0.0,0.0
480291915033,502.0,184.0,194.0,88.0,36.0,502.0,184.0,194.0,88.0,36.0,0.0,0.0,0.0,0.0,0.0
480291915041,492.0,72.0,310.0,107.0,3.0,487.0,72.0,305.0,107.0,3.0,5.0,0.0,5.0,0.0,0.0
480291915042,530.0,116.0,216.0,147.0,51.0,527.0,116.0,213.0,147.0,51.0,0.0,0.0,0.0,0.0,0.0
480291915051,468.0,129.0,214.0,118.0,7.0,468.0,129.0,214.0,118.0,7.0,0.0,0.0,0.0,0.0,0.0
480291915052,464.0,153.0,222.0,82.0,7.0,457.0,146.0,222.0,82.0,7.0,0.0,0.0,0.0,0.0,0.0
480291915061,997.0,234.0,593.0,157.0,13.0,997.0,234.0,593.0,157.0,13.0,0.0,0.0,0.0,0.0,0.0
480291915062,1309.0,381.0,530.0,282.0,116.0,1170.0,307.0,499.0,248.0,116.0,34.0,0.0,0.0,34.0,0.0
480291915063,809.0,71.0,525.0,191.0,22.0,809.0,71.0,525.0,191.0,22.0,0.0,0.0,0.0,0.0,0.0
480291917012,313.0,61.0,189.0,53.0,10.0,305.0,53.0,189.0,53.0,10.0,0.0,0.0,0.0,0.0,0.0
480291917021,2094.0,419.0,1142.0,533.0,0.0,2039.0,382.0,1124.0,533.0,0.0,0.0,0.0,0.0,0.0,0.0
480291917023,565.0,101.0,293.0,166.0,5.0,565.0,101.0,293.0,166.0,5.0,0.0,0.0,0.0,0.0,0.0
480291917024,327.0,37.0,155.0,77.0,58.0,325.0,37.0,155.0,75.0,58.0,0.0,0.0,0.0,0.0,0.0
480291918061,460.0,66.0,259.0,129.0,6.0,460.0,66.0,259.0,129.0,6.0,0.0,0.0,0.0,0.0,0.0
480291918062,516.0,130.0,201.0,185.0,0.0,516.0,130.0,201.0,185.0,0.0,0.0,0.0,0.0,0.0,0.0
480291918071,1645.0,261.0,779.0,510.0,95.0,1554.0,210.0,745.0,510.0,89.0,6.0,0.0,0.0,0.0,6.0
480291918072,1482.0,320.0,676.0,429.0,57.0,1469.0,307.0,676.0,429.0,57.0,0.0,0.0,0.0,0.0,0.0
480291918082,850.0,87.0,438.0,279.0,46.0,815.0,69.0,438.0,270.0,38.0,0.0,0.0,0.0,0.0,0.0
480291918091,1997.0,115.0,719.0,1099.0,64.0,1969.0,96.0,719.0,1099.0,55.0,9.0,0.0,0.0,0.0,9.0
480291918101,1284.0,220.0,499.0,505.0,60.0,1246.0,206.0,499.0,488.0,53.0,0.0,0.0,0.0,0.0,0.0
480291918102,1026.0,93.0,218.0,575.0,140.0,1012.0,86.0,218.0,575.0,133.0,0.0,0.0,0.0,0.0,0.0
480291918121,1068.0,106.0,411.0,484.0,67.0,1057.0,106.0,411.0,484.0,56.0,0.0,0.0,0.0,0.0,0.0
480291918122,619.0,51.0,234.0,272.0,62.0,611.0,51.0,234.0,272.0,54.0,0.0,0.0,0.0,0.0,0.0
480291918132,1154.0,160.0,424.0,512.0,58.0,1115.0,121.0,424.0,512.0,58.0,0.0,0.0,0.0,0.0,0.0
480291821062,1657.0,113.0,641.0,812.0,91.0,1599.0,89.0,607.0,812.0,91.0,0.0,0.0,0.0,0.0,0.0
480291905031,740.0,221.0,419.0,91.0,9.0,723.0,221.0,419.0,75.0,8.0,17.0,0.0,0.0,16.0,1.0
480291905033,846.0,237.0,489.0,112.0,8.0,758.0,217.0,462.0,71.0,8.0,48.0,0.0,7.0,41.0,0.0
480291905041,694.0,181.0,404.0,96.0,13.0,661.0,174.0,395.0,79.0,13.0,17.0,0.0,0.0,17.0,0.0
480291906031,724.0,243.0,354.0,113.0,14.0,626.0,214.0,321.0,85.0,6.0,62.0,6.0,20.0,28.0,8.0
480291906032,724.0,96.0,413.0,210.0,5.0,712.0,96.0,409.0,202.0,5.0,8.0,0.0,0.0,8.0,0.0
480291906042,584.0,111.0,224.0,196.0,53.0,504.0,82.0,186.0,183.0,53.0,22.0,0.0,9.0,13.0,0.0
480291906043,697.0,158.0,418.0,109.0,12.0,663.0,149.0,393.0,109.0,12.0,34.0,9.0,25.0,0.0,0.0
480291910052,520.0,106.0,315.0,82.0,17.0,489.0,93.0,307.0,78.0,11.0,10.0,0.0,0.0,4.0,6.0
480291910061,425.0,102.0,206.0,100.0,17.0,348.0,37.0,206.0,88.0,17.0,0.0,0.0,0.0,0.0,0.0
480291910063,843.0,286.0,267.0,260.0,30.0,739.0,286.0,267.0,186.0,0.0,104.0,0.0,0.0,74.0,30.0
480291801014,337.0,58.0,186.0,93.0,0.0,328.0,58.0,177.0,93.0,0.0,9.0,0.0,9.0,0.0,0.0
480291801015,324.0,126.0,150.0,35.0,13.0,250.0,97.0,133.0,20.0,0.0,32.0,2.0,17.0,0.0,13.0
480291801021,370.0,123.0,146.0,90.0,11.0,364.0,117.0,146.0,90.0,11.0,6.0,6.0,0.0,0.0,0.0
480291806044,284.0,10.0,93.0,149.0,32.0,284.0,10.0,93.0,149.0,32.0,0.0,0.0,0.0,0.0,0.0
480291801022,596.0,104.0,339.0,130.0,23.0,569.0,95.0,328.0,126.0,20.0,7.0,0.0,0.0,4.0,3.0
480291806041,915.0,248.0,479.0,181.0,7.0,908.0,248.0,479.0,181.0,0.0,7.0,0.0,0.0,0.0,7.0
480291806042,1039.0,268.0,567.0,159.0,45.0,972.0,268.0,500.0,159.0,45.0,0.0,0.0,0.0,0.0,0.0
480291806045,386.0,13.0,271.0,37.0,65.0,312.0,13.0,271.0,28.0,0.0,74.0,0.0,0.0,9.0,65.0
480291810033,2160.0,783.0,1039.0,338.0,0.0,1959.0,696.0,964.0,299.0,0.0,39.0,0.0,0.0,39.0,0.0
480291813032,873.0,209.0,373.0,185.0,106.0,680.0,151.0,373.0,129.0,27.0,101.0,14.0,0.0,14.0,73.0
480291814032,1637.0,513.0,855.0,269.0,0.0,1637.0,513.0,855.0,269.0,0.0,0.0,0.0,0.0,0.0,0.0
480291814033,836.0,303.0,305.0,157.0,71.0,822.0,303.0,291.0,157.0,71.0,0.0,0.0,0.0,0.0,0.0
480291814042,749.0,329.0,300.0,85.0,35.0,734.0,314.0,300.0,85.0,35.0,0.0,0.0,0.0,0.0,0.0
480291815032,2361.0,437.0,1128.0,692.0,104.0,2233.0,385.0,1110.0,679.0,59.0,58.0,0.0,0.0,13.0,45.0
480291817112,1230.0,91.0,624.0,467.0,48.0,1212.0,90.0,622.0,466.0,34.0,18.0,1.0,2.0,1.0,14.0
480291817113,1549.0,92.0,639.0,782.0,36.0,1549.0,92.0,639.0,782.0,36.0,0.0,0.0,0.0,0.0,0.0
480291817153,757.0,38.0,503.0,154.0,62.0,757.0,38.0,503.0,154.0,62.0,0.0,0.0,0.0,0.0,0.0
480291817162,839.0,227.0,426.0,186.0,0.0,839.0,227.0,426.0,186.0,0.0,0.0,0.0,0.0,0.0,0.0
480291817163,1518.0,130.0,688.0,682.0,18.0,1512.0,130.0,688.0,682.0,12.0,6.0,0.0,0.0,0.0,6.0
480291817164,669.0,67.0,401.0,185.0,16.0,669.0,67.0,401.0,185.0,16.0,0.0,0.0,0.0,0.0,0.0
480291817183,907.0,103.0,340.0,389.0,75.0,907.0,103.0,340.0,389.0,75.0,0.0,0.0,0.0,0.0,0.0
480291817201,1987.0,542.0,586.0,747.0,112.0,1902.0,465.0,586.0,747.0,104.0,8.0,0.0,0.0,0.0,8.0
480291817202,351.0,38.0,126.0,145.0,42.0,339.0,38.0,114.0,145.0,42.0,12.0,0.0,12.0,0.0,0.0
480291817211,1140.0,176.0,410.0,499.0,55.0,1126.0,176.0,396.0,499.0,55.0,0.0,0.0,0.0,0.0,0.0
480291817212,982.0,194.0,424.0,350.0,14.0,859.0,194.0,314.0,337.0,14.0,110.0,0.0,110.0,0.0,0.0
480291817231,921.0,208.0,246.0,349.0,118.0,915.0,208.0,240.0,349.0,118.0,0.0,0.0,0.0,0.0,0.0
480291817221,1026.0,111.0,454.0,362.0,99.0,1014.0,111.0,454.0,350.0,99.0,0.0,0.0,0.0,0.0,0.0
480291817222,737.0,96.0,307.0,285.0,49.0,736.0,95.0,307.0,285.0,49.0,1.0,1.0,0.0,0.0,0.0
480291817223,851.0,52.0,352.0,414.0,33.0,851.0,52.0,352.0,414.0,33.0,0.0,0.0,0.0,0.0,0.0
480291817232,504.0,92.0,175.0,208.0,29.0,504.0,92.0,175.0,208.0,29.0,0.0,0.0,0.0,0.0,0.0
480291817233,1014.0,139.0,229.0,629.0,17.0,993.0,139.0,229.0,608.0,17.0,21.0,0.0,0.0,21.0,0.0
480291817241,1438.0,272.0,353.0,651.0,162.0,1433.0,267.0,353.0,651.0,162.0,0.0,0.0,0.0,0.0,0.0
480291817242,1150.0,185.0,447.0,461.0,57.0,1150.0,185.0,447.0,461.0,57.0,0.0,0.0,0.0,0.0,0.0
480291817251,1101.0,423.0,454.0,209.0,15.0,1036.0,392.0,454.0,190.0,0.0,65.0,31.0,0.0,19.0,15.0
480291817261,1034.0,145.0,382.0,447.0,60.0,1022.0,145.0,382.0,435.0,60.0,0.0,0.0,0.0,0.0,0.0
480291817262,1727.0,151.0,780.0,740.0,56.0,1727.0,151.0,780.0,740.0,56.0,0.0,0.0,0.0,0.0,0.0
480291817271,1528.0,281.0,464.0,751.0,32.0,1447.0,281.0,457.0,694.0,15.0,32.0,0.0,0.0,15.0,17.0
480291817272,391.0,201.0,113.0,77.0,0.0,374.0,194.0,113.0,67.0,0.0,0.0,0.0,0.0,0.0,0.0
480291817282,2056.0,304.0,509.0,1024.0,219.0,1952.0,245.0,509.0,995.0,203.0,16.0,0.0,0.0,0.0,16.0
480291817291,4378.0,519.0,969.0,2285.0,605.0,4364.0,505.0,969.0,2285.0,605.0,14.0,14.0,0.0,0.0,0.0
480291817302,1248.0,171.0,363.0,645.0,69.0,1248.0,171.0,363.0,645.0,69.0,0.0,0.0,0.0,0.0,0.0
480291817311,966.0,23.0,299.0,629.0,15.0,966.0,23.0,299.0,629.0,15.0,0.0,0.0,0.0,0.0,0.0
480291817313,1154.0,145.0,372.0,557.0,80.0,1084.0,75.0,372.0,557.0,80.0,0.0,0.0,0.0,0.0,0.0
480291817314,904.0,168.0,301.0,397.0,38.0,902.0,168.0,299.0,397.0,38.0,2.0,0.0,2.0,0.0,0.0
480291818131,1493.0,594.0,654.0,230.0,15.0,1447.0,594.0,654.0,184.0,15.0,16.0,0.0,0.0,16.0,0.0
480291818133,1324.0,458.0,378.0,426.0,62.0,1056.0,409.0,365.0,282.0,0.0,154.0,0.0,0.0,92.0,62.0
480291818141,2407.0,542.0,1188.0,588.0,89.0,2299.0,542.0,1150.0,518.0,89.0,0.0,0.0,0.0,0.0,0.0
480291818151,510.0,163.0,187.0,160.0,0.0,505.0,158.0,187.0,160.0,0.0,0.0,0.0,0.0,0.0,0.0
480291818152,1241.0,337.0,623.0,281.0,0.0,1042.0,296.0,510.0,236.0,0.0,0.0,0.0,0.0,0.0,0.0
480291818162,1625.0,268.0,806.0,551.0,0.0,1559.0,260.0,770.0,529.0,0.0,22.0,0.0,0.0,22.0,0.0
480291818171,1211.0,336.0,609.0,257.0,9.0,1188.0,313.0,609.0,257.0,9.0,0.0,0.0,0.0,0.0,0.0
480291818181,921.0,109.0,602.0,193.0,17.0,851.0,109.0,549.0,193.0,0.0,17.0,0.0,0.0,0.0,17.0
480291818182,776.0,217.0,300.0,198.0,61.0,722.0,217.0,288.0,198.0,19.0,0.0,0.0,0.0,0.0,0.0
480291818191,574.0,195.0,234.0,145.0,0.0,574.0,195.0,234.0,145.0,0.0,0.0,0.0,0.0,0.0,0.0
480291818192,3037.0,600.0,1482.0,807.0,148.0,2943.0,555.0,1482.0,807.0,99.0,49.0,0.0,0.0,0.0,49.0
480291818202,2978.0,1186.0,1148.0,543.0,101.0,2368.0,822.0,929.0,516.0,101.0,167.0,89.0,78.0,0.0,0.0
480291818211,474.0,117.0,176.0,142.0,39.0,474.0,117.0,176.0,142.0,39.0,0.0,0.0,0.0,0.0,0.0
480291818221,643.0,110.0,334.0,192.0,7.0,621.0,110.0,312.0,192.0,7.0,0.0,0.0,0.0,0.0,0.0
480291818222,764.0,141.0,443.0,164.0,16.0,764.0,141.0,443.0,164.0,16.0,0.0,0.0,0.0,0.0,0.0
480291818231,1814.0,547.0,747.0,451.0,69.0,1605.0,474.0,626.0,436.0,69.0,46.0,31.0,0.0,15.0,0.0
480291818241,629.0,49.0,269.0,277.0,34.0,591.0,37.0,250.0,270.0,34.0,12.0,0.0,12.0,0.0,0.0
480291912012,851.0,212.0,506.0,118.0,15.0,829.0,212.0,499.0,103.0,15.0,0.0,0.0,0.0,0.0,0.0
480291910064,715.0,197.0,299.0,102.0,117.0,642.0,197.0,299.0,97.0,49.0,68.0,0.0,0.0,0.0,68.0
480291912011,655.0,217.0,182.0,206.0,50.0,564.0,166.0,182.0,206.0,10.0,91.0,51.0,0.0,0.0,40.0
480291912021,539.0,217.0,191.0,131.0,0.0,513.0,191.0,191.0,131.0,0.0,0.0,0.0,0.0,0.0,0.0
480291912022,1026.0,419.0,552.0,55.0,0.0,959.0,376.0,528.0,55.0,0.0,24.0,0.0,24.0,0.0,0.0
480291912023,275.0,50.0,177.0,48.0,0.0,275.0,50.0,177.0,48.0,0.0,0.0,0.0,0.0,0.0,0.0
480291912024,553.0,90.0,353.0,63.0,47.0,526.0,90.0,353.0,63.0,20.0,0.0,0.0,0.0,0.0,0.0
480291913031,951.0,287.0,371.0,269.0,24.0,899.0,252.0,368.0,255.0,24.0,0.0,0.0,0.0,0.0,0.0
480291913041,380.0,156.0,165.0,59.0,0.0,348.0,124.0,165.0,59.0,0.0,0.0,0.0,0.0,0.0,0.0
480291913042,947.0,388.0,243.0,245.0,71.0,755.0,358.0,194.0,203.0,0.0,98.0,0.0,22.0,23.0,53.0
480291914062,836.0,191.0,412.0,200.0,33.0,821.0,191.0,397.0,200.0,33.0,0.0,0.0,0.0,0.0,0.0
480291914063,770.0,190.0,368.0,152.0,60.0,754.0,174.0,368.0,152.0,60.0,0.0,0.0,0.0,0.0,0.0
480291914082,676.0,161.0,438.0,56.0,21.0,634.0,151.0,427.0,56.0,0.0,19.0,0.0,11.0,0.0,8.0
480291914101,731.0,169.0,244.0,275.0,43.0,677.0,169.0,244.0,248.0,16.0,54.0,0.0,0.0,27.0,27.0
480291914102,1469.0,408.0,798.0,228.0,35.0,1415.0,408.0,798.0,209.0,0.0,54.0,0.0,0.0,19.0,35.0
480291914103,1138.0,85.0,439.0,320.0,294.0,934.0,85.0,422.0,292.0,135.0,187.0,0.0,0.0,28.0,159.0
480291914111,1031.0,262.0,420.0,275.0,74.0,972.0,262.0,396.0,240.0,74.0,35.0,0.0,0.0,35.0,0.0
480291914112,1661.0,276.0,940.0,419.0,26.0,1601.0,276.0,924.0,375.0,26.0,0.0,0.0,0.0,0.0,0.0
480291818242,1355.0,288.0,598.0,442.0,27.0,1353.0,288.0,598.0,440.0,27.0,2.0,0.0,0.0,2.0,0.0
480291818251,936.0,170.0,448.0,299.0,19.0,920.0,160.0,442.0,299.0,19.0,0.0,0.0,0.0,0.0,0.0
480291818252,1744.0,134.0,839.0,642.0,129.0,1660.0,134.0,823.0,574.0,129.0,0.0,0.0,0.0,0.0,0.0
480291818261,1038.0,57.0,530.0,395.0,56.0,1020.0,57.0,512.0,395.0,56.0,0.0,0.0,0.0,0.0,0.0
480291818262,1519.0,71.0,607.0,807.0,34.0,1498.0,50.0,607.0,807.0,34.0,0.0,0.0,0.0,0.0,0.0
480291818263,597.0,232.0,261.0,104.0,0.0,597.0,232.0,261.0,104.0,0.0,0.0,0.0,0.0,0.0,0.0
480291818264,845.0,18.0,491.0,275.0,61.0,845.0,18.0,491.0,275.0,61.0,0.0,0.0,0.0,0.0,0.0
480291819011,1900.0,553.0,751.0,528.0,68.0,1448.0,426.0,573.0,449.0,0.0,144.0,26.0,50.0,16.0,52.0
480291819012,1601.0,338.0,829.0,400.0,34.0,1555.0,310.0,811.0,400.0,34.0,18.0,0.0,18.0,0.0,0.0
480291819021,2559.0,430.0,1250.0,815.0,64.0,2545.0,430.0,1250.0,801.0,64.0,0.0,0.0,0.0,0.0,0.0
480291819022,1228.0,194.0,261.0,738.0,35.0,1215.0,194.0,248.0,738.0,35.0,0.0,0.0,0.0,0.0,0.0
480291820011,1114.0,95.0,457.0,485.0,77.0,1098.0,95.0,441.0,485.0,77.0,0.0,0.0,0.0,0.0,0.0
480291820012,1628.0,203.0,770.0,618.0,37.0,1628.0,203.0,770.0,618.0,37.0,0.0,0.0,0.0,0.0,0.0
480291820021,2203.0,371.0,923.0,856.0,53.0,2189.0,357.0,923.0,856.0,53.0,0.0,0.0,0.0,0.0,0.0
480291820023,1636.0,291.0,625.0,625.0,95.0,1625.0,291.0,614.0,625.0,95.0,0.0,0.0,0.0,0.0,0.0
480291820032,878.0,140.0,351.0,325.0,62.0,878.0,140.0,351.0,325.0,62.0,0.0,0.0,0.0,0.0,0.0
480291821012,684.0,81.0,335.0,247.0,21.0,665.0,62.0,335.0,247.0,21.0,0.0,0.0,0.0,0.0,0.0
480291821022,842.0,158.0,375.0,288.0,21.0,842.0,158.0,375.0,288.0,21.0,0.0,0.0,0.0,0.0,0.0
480291821023,1731.0,229.0,605.0,873.0,24.0,1731.0,229.0,605.0,873.0,24.0,0.0,0.0,0.0,0.0,0.0
480291821061,1585.0,114.0,554.0,811.0,106.0,1554.0,114.0,554.0,795.0,91.0,0.0,0.0,0.0,0.0,0.0
480291918142,1096.0,48.0,386.0,523.0,139.0,1084.0,36.0,386.0,523.0,139.0,0.0,0.0,0.0,0.0,0.0
480291918151,1270.0,188.0,539.0,531.0,12.0,1242.0,160.0,539.0,531.0,12.0,0.0,0.0,0.0,0.0,0.0
480291918161,643.0,168.0,303.0,165.0,7.0,615.0,147.0,296.0,165.0,7.0,0.0,0.0,0.0,0.0,0.0
480291918162,460.0,148.0,210.0,70.0,32.0,460.0,148.0,210.0,70.0,32.0,0.0,0.0,0.0,0.0,0.0
480291918172,1519.0,148.0,463.0,876.0,32.0,1519.0,148.0,463.0,876.0,32.0,0.0,0.0,0.0,0.0,0.0
480291919001,347.0,96.0,146.0,86.0,19.0,297.0,78.0,146.0,59.0,14.0,41.0,9.0,0.0,27.0,5.0
480291919003,292.0,143.0,69.0,53.0,27.0,190.0,114.0,52.0,8.0,16.0,73.0,3.0,17.0,45.0,8.0
480291919004,178.0,47.0,73.0,58.0,0.0,178.0,47.0,73.0,58.0,0.0,0.0,0.0,0.0,0.0,0.0
480291920001,800.0,375.0,334.0,71.0,20.0,653.0,267.0,297.0,69.0,20.0,2.0,0.0,0.0,2.0,0.0
480291920002,807.0,306.0,233.0,268.0,0.0,676.0,303.0,176.0,197.0,0.0,76.0,3.0,41.0,32.0,0.0
480291920004,246.0,125.0,56.0,51.0,14.0,224.0,103.0,56.0,51.0,14.0,0.0,0.0,0.0,0.0,0.0
480291920005,212.0,103.0,80.0,29.0,0.0,152.0,83.0,69.0,0.0,0.0,40.0,0.0,11.0,29.0,0.0
480291921002,541.0,207.0,209.0,90.0,35.0,541.0,207.0,209.0,90.0,35.0,0.0,0.0,0.0,0.0,0.0
480291922001,821.0,187.0,218.0,390.0,26.0,799.0,187.0,218.0,368.0,26.0,22.0,0.0,0.0,22.0,0.0
480291923001,179.0,30.0,132.0,17.0,0.0,177.0,28.0,132.0,17.0,0.0,0.0,0.0,0.0,0.0,0.0
480291923002,1490.0,319.0,846.0,254.0,71.0,1490.0,319.0,846.0,254.0,71.0,0.0,0.0,0.0,0.0,0.0
480291923003,488.0,127.0,283.0,78.0,0.0,488.0,127.0,283.0,78.0,0.0,0.0,0.0,0.0,0.0,0.0
480291923004,488.0,187.0,179.0,122.0,0.0,473.0,172.0,179.0,122.0,0.0,0.0,0.0,0.0,0.0,0.0
480299800011,0.0,0.0,0.0,0.0,0.0,0.0,0.0,0.0,0.0,0.0,0.0,0.0,0.0,0.0,0.0
480299800021,0.0,0.0,0.0,0.0,0.0,0.0,0.0,0.0,0.0,0.0,0.0,0.0,0.0,0.0,0.0
480299800031,537.0,260.0,212.0,65.0,0.0,316.0,122.0,132.0,62.0,0.0,47.0,3.0,41.0,3.0,0.0
480299800041,0.0,0.0,0.0,0.0,0.0,0.0,0.0,0.0,0.0,0.0,0.0,0.0,0.0,0.0,0.0
480299800051,8.0,0.0,8.0,0.0,0.0,8.0,0.0,8.0,0.0,0.0,0.0,0.0,0.0,0.0,0.0
480299801001,476.0,251.0,151.0,43.0,31.0,262.0,65.0,151.0,23.0,23.0,0.0,0.0,0.0,0.0,0.0
480291805033,1011.0,91.0,536.0,335.0,49.0,993.0,91.0,536.0,317.0,49.0,18.0,0.0,0.0,18.0,0.0
480291704011,449.0,132.0,185.0,120.0,12.0,427.0,132.0,185.0,110.0,0.0,22.0,0.0,0.0,10.0,12.0
480291914081,987.0,213.0,479.0,262.0,33.0,917.0,176.0,479.0,262.0,0.0,33.0,0.0,0.0,0.0,33.0
480291914091,2279.0,515.0,1229.0,323.0,212.0,2091.0,515.0,1192.0,266.0,118.0,130.0,0.0,37.0,57.0,36.0
480291412006,512.0,225.0,187.0,93.0,7.0,512.0,225.0,187.0,93.0,7.0,0.0,0.0,0.0,0.0,0.0
480291412003,641.0,200.0,271.0,140.0,30.0,561.0,120.0,271.0,140.0,30.0,0.0,0.0,0.0,0.0,0.0
480291501002,881.0,259.0,385.0,207.0,30.0,855.0,259.0,377.0,197.0,22.0,16.0,0.0,8.0,0.0,8.0
480291407002,387.0,129.0,165.0,68.0,25.0,367.0,129.0,158.0,55.0,25.0,13.0,0.0,0.0,13.0,0.0
480291413002,1140.0,161.0,576.0,353.0,50.0,1114.0,161.0,576.0,327.0,50.0,26.0,0.0,0.0,26.0,0.0
480291414021,1533.0,362.0,667.0,451.0,53.0,1509.0,362.0,667.0,427.0,53.0,0.0,0.0,0.0,0.0,0.0
480291806022,734.0,165.0,321.0,226.0,22.0,669.0,112.0,321.0,226.0,10.0,12.0,0.0,0.0,0.0,12.0
480291101003,705.0,354.0,253.0,91.0,7.0,488.0,206.0,197.0,85.0,0.0,7.0,0.0,0.0,0.0,7.0
480291211121,1047.0,131.0,667.0,217.0,32.0,999.0,131.0,667.0,182.0,19.0,48.0,0.0,0.0,35.0,13.0
480291519002,2178.0,122.0,1069.0,890.0,97.0,2139.0,122.0,1069.0,874.0,74.0,0.0,0.0,0.0,0.0,0.0
480291409001,347.0,52.0,167.0,122.0,6.0,297.0,31.0,163.0,97.0,6.0,16.0,5.0,4.0,7.0,0.0
480291505011,356.0,88.0,228.0,40.0,0.0,356.0,88.0,228.0,40.0,0.0,0.0,0.0,0.0,0.0,0.0
480291505013,348.0,90.0,166.0,51.0,41.0,317.0,75.0,166.0,51.0,25.0,16.0,0.0,0.0,0.0,16.0
480291110001,425.0,134.0,166.0,114.0,11.0,350.0,131.0,139.0,80.0,0.0,65.0,3.0,17.0,34.0,11.0
480291204002,302.0,105.0,138.0,39.0,20.0,274.0,105.0,110.0,39.0,20.0,28.0,0.0,28.0,0.0,0.0
480291204006,126.0,62.0,26.0,38.0,0.0,125.0,61.0,26.0,38.0,0.0,1.0,1.0,0.0,0.0,0.0
480291204004,368.0,65.0,187.0,103.0,13.0,355.0,65.0,187.0,103.0,0.0,0.0,0.0,0.0,0.0,0.0
480291710005,184.0,28.0,101.0,55.0,0.0,176.0,20.0,101.0,55.0,0.0,0.0,0.0,0.0,0.0,0.0
480291710003,662.0,165.0,176.0,216.0,105.0,599.0,165.0,163.0,216.0,55.0,51.0,0.0,13.0,0.0,38.0
480291717005,415.0,142.0,131.0,142.0,0.0,415.0,142.0,131.0,142.0,0.0,0.0,0.0,0.0,0.0,0.0
480291213004,676.0,181.0,255.0,240.0,0.0,633.0,181.0,255.0,197.0,0.0,43.0,0.0,0.0,43.0,0.0
480291215012,1049.0,103.0,605.0,313.0,28.0,1049.0,103.0,605.0,313.0,28.0,0.0,0.0,0.0,0.0,0.0
480291215073,536.0,84.0,246.0,178.0,28.0,492.0,84.0,236.0,167.0,5.0,34.0,0.0,0.0,11.0,23.0
480291312001,535.0,125.0,122.0,202.0,86.0,408.0,125.0,122.0,161.0,0.0,127.0,0.0,0.0,41.0,86.0
480291404003,529.0,126.0,214.0,89.0,100.0,456.0,112.0,214.0,89.0,41.0,73.0,14.0,0.0,0.0,59.0
480291101001,354.0,162.0,144.0,48.0,0.0,256.0,64.0,144.0,48.0,0.0,0.0,0.0,0.0,0.0,0.0
480291209023,1041.0,278.0,509.0,159.0,95.0,818.0,160.0,509.0,149.0,0.0,49.0,0.0,0.0,0.0,49.0
480291214032,580.0,173.0,208.0,194.0,5.0,550.0,170.0,208.0,167.0,5.0,0.0,0.0,0.0,0.0,0.0
480291216041,2034.0,579.0,620.0,795.0,40.0,1931.0,496.0,620.0,775.0,40.0,0.0,0.0,0.0,0.0,0.0
480291216044,949.0,275.0,271.0,281.0,122.0,949.0,275.0,271.0,281.0,122.0,0.0,0.0,0.0,0.0,0.0
480291207023,616.0,107.0,346.0,89.0,74.0,536.0,107.0,346.0,24.0,59.0,80.0,0.0,0.0,65.0,15.0
480291213002,527.0,150.0,97.0,247.0,33.0,495.0,118.0,97.0,247.0,33.0,0.0,0.0,0.0,0.0,0.0
480291703001,771.0,384.0,227.0,160.0,0.0,523.0,163.0,227.0,133.0,0.0,8.0,0.0,0.0,8.0,0.0
480291704022,515.0,31.0,327.0,157.0,0.0,464.0,31.0,289.0,144.0,0.0,51.0,0.0,38.0,13.0,0.0
480291704023,535.0,67.0,253.0,174.0,41.0,452.0,67.0,253.0,132.0,0.0,83.0,0.0,0.0,42.0,41.0
480291706002,588.0,86.0,167.0,292.0,43.0,473.0,86.0,153.0,205.0,29.0,86.0,0.0,6.0,80.0,0.0
480291707001,565.0,177.0,229.0,97.0,62.0,544.0,166.0,219.0,97.0,62.0,21.0,11.0,10.0,0.0,0.0
480291212041,736.0,141.0,385.0,198.0,12.0,661.0,141.0,385.0,135.0,0.0,75.0,0.0,0.0,63.0,12.0
480291212045,1188.0,276.0,509.0,224.0,179.0,1057.0,261.0,477.0,140.0,179.0,84.0,0.0,0.0,84.0,0.0
480291416001,1208.0,308.0,471.0,405.0,24.0,1195.0,308.0,458.0,405.0,24.0,0.0,0.0,0.0,0.0,0.0
480291215051,1316.0,171.0,523.0,497.0,125.0,1239.0,171.0,523.0,428.0,117.0,67.0,0.0,0.0,59.0,8.0
480291403001,389.0,69.0,152.0,102.0,66.0,346.0,69.0,127.0,84.0,66.0,25.0,0.0,25.0,0.0,0.0
480291701013,497.0,56.0,288.0,153.0,0.0,459.0,43.0,263.0,153.0,0.0,38.0,13.0,25.0,0.0,0.0
480291718021,384.0,0.0,227.0,157.0,0.0,358.0,0.0,227.0,131.0,0.0,0.0,0.0,0.0,0.0,0.0
480291718024,370.0,69.0,85.0,216.0,0.0,370.0,69.0,85.0,216.0,0.0,0.0,0.0,0.0,0.0,0.0
480291507005,493.0,0.0,200.0,293.0,0.0,493.0,0.0,200.0,293.0,0.0,0.0,0.0,0.0,0.0,0.0
480291507002,486.0,116.0,194.0,176.0,0.0,398.0,116.0,106.0,176.0,0.0,47.0,0.0,47.0,0.0,0.0
480291507004,544.0,194.0,306.0,44.0,0.0,544.0,194.0,306.0,44.0,0.0,0.0,0.0,0.0,0.0,0.0
480291601002,744.0,239.0,340.0,135.0,30.0,688.0,198.0,340.0,135.0,15.0,15.0,0.0,0.0,0.0,15.0
480291813021,1387.0,493.0,647.0,177.0,70.0,1188.0,441.0,570.0,177.0,0.0,86.0,0.0,77.0,0.0,9.0
480291815063,1036.0,253.0,278.0,296.0,209.0,833.0,220.0,245.0,225.0,143.0,108.0,0.0,0.0,42.0,66.0
480291809024,822.0,243.0,443.0,136.0,0.0,822.0,243.0,443.0,136.0,0.0,0.0,0.0,0.0,0.0,0.0
480291810032,534.0,96.0,279.0,159.0,0.0,534.0,96.0,279.0,159.0,0.0,0.0,0.0,0.0,0.0,0.0
480291810053,938.0,241.0,413.0,244.0,40.0,783.0,199.0,341.0,203.0,40.0,41.0,0.0,0.0,41.0,0.0
480291817152,709.0,43.0,337.0,317.0,12.0,709.0,43.0,337.0,317.0,12.0,0.0,0.0,0.0,0.0,0.0
480291203001,940.0,181.0,669.0,70.0,20.0,896.0,153.0,653.0,70.0,20.0,0.0,0.0,0.0,0.0,0.0
480291205011,285.0,0.0,148.0,125.0,12.0,285.0,0.0,148.0,125.0,12.0,0.0,0.0,0.0,0.0,0.0
480291205016,493.0,160.0,183.0,150.0,0.0,402.0,135.0,128.0,139.0,0.0,11.0,0.0,0.0,11.0,0.0
480291205017,729.0,249.0,269.0,52.0,159.0,590.0,209.0,236.0,52.0,93.0,66.0,0.0,0.0,0.0,66.0
480291211151,681.0,179.0,255.0,177.0,70.0,597.0,179.0,241.0,177.0,0.0,0.0,0.0,0.0,0.0,0.0
480291211173,730.0,243.0,278.0,188.0,21.0,702.0,243.0,262.0,176.0,21.0,28.0,0.0,16.0,12.0,0.0
480291815031,1702.0,347.0,888.0,351.0,116.0,1593.0,326.0,888.0,329.0,50.0,22.0,0.0,0.0,22.0,0.0
480291215082,1072.0,134.0,460.0,298.0,180.0,893.0,134.0,460.0,243.0,56.0,179.0,0.0,0.0,55.0,124.0
480291914054,464.0,99.0,269.0,84.0,12.0,464.0,99.0,269.0,84.0,12.0,0.0,0.0,0.0,0.0,0.0
480291709002,589.0,174.0,255.0,130.0,30.0,563.0,166.0,237.0,130.0,30.0,18.0,0.0,18.0,0.0,0.0
480291615012,216.0,79.0,40.0,97.0,0.0,209.0,72.0,40.0,97.0,0.0,0.0,0.0,0.0,0.0,0.0
480291615014,498.0,100.0,204.0,157.0,37.0,386.0,28.0,164.0,157.0,37.0,0.0,0.0,0.0,0.0,0.0
480291701023,590.0,74.0,289.0,145.0,82.0,484.0,41.0,275.0,137.0,31.0,54.0,33.0,0.0,8.0,13.0
480291711002,662.0,103.0,285.0,263.0,11.0,636.0,77.0,285.0,263.0,11.0,0.0,0.0,0.0,0.0,0.0
480291807024,294.0,52.0,210.0,12.0,20.0,274.0,52.0,210.0,12.0,0.0,20.0,0.0,0.0,0.0,20.0
480291807021,756.0,62.0,598.0,56.0,40.0,718.0,62.0,560.0,56.0,40.0,0.0,0.0,0.0,0.0,0.0
480291809013,574.0,90.0,206.0,252.0,26.0,498.0,90.0,173.0,227.0,8.0,9.0,0.0,0.0,0.0,9.0
480291108003,260.0,68.0,151.0,41.0,0.0,239.0,63.0,147.0,29.0,0.0,0.0,0.0,0.0,0.0,0.0
480291211163,764.0,131.0,349.0,201.0,83.0,764.0,131.0,349.0,201.0,83.0,0.0,0.0,0.0,0.0,0.0
480291212034,600.0,113.0,301.0,174.0,12.0,571.0,84.0,301.0,174.0,12.0,0.0,0.0,0.0,0.0,0.0
480291212033,517.0,62.0,269.0,160.0,26.0,480.0,62.0,258.0,160.0,0.0,26.0,0.0,0.0,0.0,26.0
480291817181,1101.0,288.0,230.0,536.0,47.0,1057.0,274.0,217.0,519.0,47.0,30.0,0.0,13.0,17.0,0.0
480291902005,617.0,417.0,121.0,79.0,0.0,589.0,400.0,110.0,79.0,0.0,11.0,0.0,11.0,0.0,0.0
480291902002,274.0,62.0,172.0,40.0,0.0,253.0,48.0,172.0,33.0,0.0,7.0,0.0,0.0,7.0,0.0
480291802024,219.0,8.0,189.0,22.0,0.0,219.0,8.0,189.0,22.0,0.0,0.0,0.0,0.0,0.0,0.0
480291802022,520.0,113.0,224.0,144.0,39.0,477.0,113.0,224.0,101.0,39.0,43.0,0.0,0.0,43.0,0.0
480291805014,180.0,75.0,33.0,55.0,17.0,105.0,22.0,33.0,50.0,0.0,17.0,0.0,0.0,0.0,17.0
480291808003,203.0,95.0,54.0,54.0,0.0,188.0,80.0,54.0,54.0,0.0,0.0,0.0,0.0,0.0,0.0
480291708001,215.0,44.0,118.0,48.0,5.0,205.0,39.0,118.0,48.0,0.0,0.0,0.0,0.0,0.0,0.0
480291106001,387.0,30.0,137.0,203.0,17.0,304.0,0.0,137.0,150.0,17.0,63.0,30.0,0.0,33.0,0.0
480291510002,479.0,54.0,271.0,112.0,42.0,462.0,54.0,263.0,112.0,33.0,17.0,0.0,8.0,0.0,9.0
480291510003,628.0,164.0,213.0,231.0,20.0,597.0,142.0,213.0,222.0,20.0,22.0,22.0,0.0,0.0,0.0
480291607021,451.0,21.0,238.0,175.0,17.0,451.0,21.0,238.0,175.0,17.0,0.0,0.0,0.0,0.0,0.0
480291607022,556.0,201.0,263.0,67.0,25.0,509.0,199.0,261.0,49.0,0.0,43.0,0.0,0.0,18.0,25.0
480291215083,505.0,88.0,135.0,262.0,20.0,505.0,88.0,135.0,262.0,20.0,0.0,0.0,0.0,0.0,0.0
480291216011,779.0,283.0,284.0,196.0,16.0,761.0,283.0,284.0,178.0,16.0,18.0,0.0,0.0,18.0,0.0
480291218022,1293.0,320.0,731.0,220.0,22.0,1259.0,320.0,697.0,220.0,22.0,0.0,0.0,0.0,0.0,0.0
480291303004,383.0,95.0,118.0,163.0,7.0,317.0,80.0,118.0,112.0,7.0,51.0,0.0,0.0,51.0,0.0
480291303003,271.0,72.0,81.0,118.0,0.0,200.0,45.0,81.0,74.0,0.0,71.0,27.0,0.0,44.0,0.0
480291909014,288.0,63.0,173.0,0.0,52.0,236.0,63.0,173.0,0.0,0.0,52.0,0.0,0.0,0.0,52.0
480291809011,465.0,28.0,291.0,146.0,0.0,449.0,28.0,275.0,146.0,0.0,16.0,0.0,16.0,0.0,0.0
480291815043,224.0,31.0,193.0,0.0,0.0,224.0,31.0,193.0,0.0,0.0,0.0,0.0,0.0,0.0,0.0
480291816011,500.0,14.0,260.0,209.0,17.0,439.0,14.0,199.0,209.0,17.0,61.0,0.0,61.0,0.0,0.0
480291818093,803.0,90.0,499.0,187.0,27.0,707.0,80.0,499.0,128.0,0.0,27.0,0.0,0.0,0.0,27.0
480291821011,1916.0,278.0,884.0,672.0,82.0,1904.0,266.0,884.0,672.0,82.0,0.0,0.0,0.0,0.0,0.0
480291906012,541.0,71.0,321.0,149.0,0.0,515.0,71.0,295.0,149.0,0.0,2.0,0.0,2.0,0.0,0.0
480291910042,869.0,224.0,369.0,248.0,28.0,800.0,214.0,318.0,240.0,28.0,69.0,10.0,51.0,8.0,0.0
480291212052,516.0,194.0,238.0,73.0,11.0,406.0,176.0,199.0,20.0,11.0,81.0,18.0,10.0,53.0,0.0
480291212064,372.0,67.0,169.0,72.0,64.0,349.0,67.0,169.0,49.0,64.0,0.0,0.0,0.0,0.0,0.0
480291212066,543.0,2.0,433.0,108.0,0.0,528.0,2.0,433.0,93.0,0.0,15.0,0.0,0.0,15.0,0.0
480291602001,381.0,50.0,220.0,103.0,8.0,356.0,50.0,207.0,91.0,8.0,12.0,0.0,0.0,12.0,0.0
480291817131,1162.0,57.0,562.0,452.0,91.0,1109.0,57.0,509.0,452.0,91.0,53.0,0.0,53.0,0.0,0.0
480291815052,681.0,156.0,386.0,139.0,0.0,681.0,156.0,386.0,139.0,0.0,0.0,0.0,0.0,0.0,0.0
480291817041,707.0,82.0,287.0,293.0,45.0,640.0,71.0,287.0,282.0,0.0,38.0,1.0,0.0,11.0,26.0
480291817043,979.0,93.0,561.0,234.0,91.0,907.0,83.0,561.0,199.0,64.0,27.0,0.0,0.0,0.0,27.0
480291907001,555.0,232.0,242.0,73.0,8.0,547.0,232.0,242.0,73.0,0.0,0.0,0.0,0.0,0.0,0.0
480291812003,497.0,59.0,248.0,190.0,0.0,452.0,14.0,248.0,190.0,0.0,0.0,0.0,0.0,0.0,0.0
480291511006,75.0,28.0,0.0,37.0,10.0,48.0,28.0,0.0,20.0,0.0,27.0,0.0,0.0,17.0,10.0
480291514003,555.0,121.0,146.0,261.0,27.0,458.0,121.0,122.0,215.0,0.0,27.0,0.0,0.0,0.0,27.0
480291909022,803.0,182.0,534.0,67.0,20.0,772.0,182.0,516.0,67.0,7.0,13.0,0.0,0.0,0.0,13.0
480291810011,738.0,198.0,283.0,248.0,9.0,623.0,157.0,283.0,174.0,9.0,77.0,18.0,0.0,59.0,0.0
480291821031,1320.0,198.0,290.0,656.0,176.0,1304.0,198.0,290.0,656.0,160.0,0.0,0.0,0.0,0.0,0.0
480291901001,371.0,82.0,138.0,151.0,0.0,331.0,75.0,127.0,129.0,0.0,0.0,0.0,0.0,0.0,0.0
480291817033,1415.0,104.0,459.0,604.0,248.0,1415.0,104.0,459.0,604.0,248.0,0.0,0.0,0.0,0.0,0.0
480291803004,416.0,37.0,221.0,130.0,28.0,377.0,30.0,221.0,105.0,21.0,21.0,0.0,0.0,14.0,7.0
480291313003,636.0,154.0,290.0,153.0,39.0,623.0,154.0,290.0,153.0,26.0,13.0,0.0,0.0,0.0,13.0
480291313002,673.0,241.0,227.0,173.0,32.0,673.0,241.0,227.0,173.0,32.0,0.0,0.0,0.0,0.0,0.0
480291103001,613.0,146.0,307.0,125.0,35.0,577.0,146.0,286.0,110.0,35.0,15.0,0.0,0.0,15.0,0.0
480291206007,294.0,140.0,76.0,78.0,0.0,245.0,107.0,76.0,62.0,0.0,16.0,0.0,0.0,16.0,0.0
480291206004,776.0,342.0,370.0,64.0,0.0,743.0,309.0,370.0,64.0,0.0,0.0,0.0,0.0,0.0,0.0
480291206001,698.0,389.0,237.0,72.0,0.0,669.0,389.0,208.0,72.0,0.0,15.0,0.0,15.0,0.0,0.0
480291517005,538.0,122.0,273.0,143.0,0.0,457.0,41.0,273.0,143.0,0.0,60.0,60.0,0.0,0.0,0.0
480291517004,427.0,85.0,52.0,228.0,62.0,365.0,85.0,52.0,228.0,0.0,62.0,0.0,0.0,0.0,62.0
480291719031,459.0,93.0,204.0,144.0,18.0,424.0,92.0,203.0,129.0,0.0,33.0,0.0,0.0,15.0,18.0
480291717002,357.0,102.0,156.0,84.0,15.0,315.0,102.0,156.0,42.0,15.0,0.0,0.0,0.0,0.0,0.0
480291719033,647.0,14.0,367.0,266.0,0.0,592.0,14.0,341.0,237.0,0.0,0.0,0.0,0.0,0.0,0.0
480291509004,266.0,87.0,68.0,111.0,0.0,250.0,71.0,68.0,111.0,0.0,16.0,16.0,0.0,0.0,0.0
480291509003,669.0,124.0,213.0,222.0,110.0,597.0,124.0,213.0,222.0,38.0,72.0,0.0,0.0,0.0,72.0
480291705001,496.0,126.0,254.0,116.0,0.0,481.0,126.0,239.0,116.0,0.0,0.0,0.0,0.0,0.0,0.0
480291805041,696.0,140.0,245.0,292.0,19.0,636.0,104.0,245.0,268.0,19.0,24.0,0.0,0.0,24.0,0.0
480291205022,221.0,80.0,108.0,5.0,28.0,193.0,80.0,108.0,5.0,0.0,28.0,0.0,0.0,0.0,28.0
480291205021,534.0,119.0,341.0,38.0,36.0,509.0,119.0,341.0,38.0,11.0,0.0,0.0,0.0,0.0,0.0
480291207014,311.0,130.0,139.0,28.0,14.0,301.0,120.0,139.0,28.0,14.0,0.0,0.0,0.0,0.0,0.0
480291302001,463.0,173.0,188.0,97.0,5.0,417.0,160.0,180.0,77.0,0.0,33.0,0.0,8.0,20.0,5.0
480291410001,258.0,26.0,135.0,58.0,39.0,249.0,26.0,135.0,58.0,30.0,9.0,0.0,0.0,0.0,9.0
480291516005,339.0,135.0,59.0,145.0,0.0,339.0,135.0,59.0,145.0,0.0,0.0,0.0,0.0,0.0,0.0
480291516003,1002.0,106.0,486.0,376.0,34.0,906.0,106.0,464.0,336.0,0.0,73.0,0.0,0.0,40.0,33.0
480291817053,1183.0,378.0,371.0,378.0,56.0,1095.0,344.0,371.0,348.0,32.0,54.0,0.0,0.0,30.0,24.0
480291606002,701.0,151.0,376.0,157.0,17.0,656.0,151.0,360.0,128.0,17.0,45.0,0.0,16.0,29.0,0.0
480291419001,901.0,250.0,326.0,322.0,3.0,883.0,250.0,326.0,304.0,3.0,0.0,0.0,0.0,0.0,0.0
480291515001,354.0,54.0,154.0,143.0,3.0,326.0,54.0,139.0,133.0,0.0,28.0,0.0,15.0,10.0,3.0
480291603001,450.0,121.0,198.0,75.0,56.0,413.0,121.0,189.0,75.0,28.0,9.0,0.0,9.0,0.0,0.0
480291603004,459.0,112.0,308.0,39.0,0.0,449.0,112.0,308.0,29.0,0.0,10.0,0.0,0.0,10.0,0.0
480291613021,1765.0,264.0,888.0,548.0,65.0,1742.0,264.0,865.0,548.0,65.0,0.0,0.0,0.0,0.0,0.0
480291804002,695.0,152.0,416.0,102.0,25.0,617.0,108.0,416.0,93.0,0.0,34.0,0.0,0.0,9.0,25.0
480291807011,665.0,60.0,413.0,168.0,24.0,610.0,45.0,413.0,140.0,12.0,28.0,0.0,0.0,28.0,0.0
480291811001,654.0,270.0,310.0,74.0,0.0,567.0,203.0,290.0,74.0,0.0,0.0,0.0,0.0,0.0,0.0
480291211082,830.0,215.0,397.0,218.0,0.0,813.0,215.0,380.0,218.0,0.0,0.0,0.0,0.0,0.0,0.0
480291203004,533.0,254.0,279.0,0.0,0.0,533.0,254.0,279.0,0.0,0.0,0.0,0.0,0.0,0.0,0.0
480291203006,488.0,133.0,250.0,20.0,85.0,488.0,133.0,250.0,20.0,85.0,0.0,0.0,0.0,0.0,0.0
480291506002,631.0,99.0,253.0,234.0,45.0,531.0,84.0,253.0,194.0,0.0,85.0,0.0,0.0,40.0,45.0
480291506001,375.0,70.0,159.0,126.0,20.0,340.0,40.0,159.0,126.0,15.0,5.0,0.0,0.0,0.0,5.0
480291511002,889.0,212.0,448.0,229.0,0.0,854.0,177.0,448.0,229.0,0.0,0.0,0.0,0.0,0.0,0.0
480291105001,493.0,86.0,217.0,150.0,40.0,332.0,76.0,174.0,78.0,4.0,125.0,7.0,25.0,61.0,32.0
480291210002,302.0,105.0,190.0,7.0,0.0,286.0,89.0,190.0,7.0,0.0,0.0,0.0,0.0,0.0,0.0
480291210001,265.0,54.0,179.0,32.0,0.0,244.0,33.0,179.0,32.0,0.0,0.0,0.0,0.0,0.0,0.0
480291211101,1107.0,225.0,545.0,294.0,43.0,1099.0,217.0,545.0,294.0,43.0,8.0,8.0,0.0,0.0,0.0
480291215063,737.0,168.0,335.0,219.0,15.0,636.0,141.0,308.0,181.0,6.0,101.0,27.0,27.0,38.0,9.0
480291315033,528.0,195.0,141.0,179.0,13.0,528.0,195.0,141.0,179.0,13.0,0.0,0.0,0.0,0.0,0.0
480291315043,1154.0,66.0,560.0,450.0,78.0,1106.0,66.0,560.0,417.0,63.0,48.0,0.0,0.0,33.0,15.0
480291315061,566.0,77.0,295.0,183.0,11.0,555.0,77.0,295.0,172.0,11.0,0.0,0.0,0.0,0.0,0.0
480291315072,540.0,97.0,298.0,116.0,29.0,484.0,81.0,263.0,116.0,24.0,5.0,0.0,0.0,0.0,5.0
480291316062,1560.0,358.0,595.0,576.0,31.0,1550.0,358.0,595.0,576.0,21.0,0.0,0.0,0.0,0.0,0.0
480291316091,941.0,162.0,335.0,379.0,65.0,941.0,162.0,335.0,379.0,65.0,0.0,0.0,0.0,0.0,0.0
480291316101,1511.0,287.0,625.0,533.0,66.0,1462.0,254.0,625.0,533.0,50.0,16.0,0.0,0.0,0.0,16.0
480291316121,938.0,118.0,438.0,373.0,9.0,914.0,118.0,414.0,373.0,9.0,6.0,0.0,6.0,0.0,0.0
480291316141,1758.0,156.0,854.0,701.0,47.0,1697.0,156.0,838.0,694.0,9.0,38.0,0.0,0.0,0.0,38.0
480291316152,1111.0,107.0,336.0,652.0,16.0,1111.0,107.0,336.0,652.0,16.0,0.0,0.0,0.0,0.0,0.0
480291318011,665.0,48.0,156.0,423.0,38.0,661.0,48.0,156.0,423.0,34.0,4.0,0.0,0.0,0.0,4.0
480291318022,310.0,24.0,88.0,184.0,14.0,301.0,15.0,88.0,184.0,14.0,0.0,0.0,0.0,0.0,0.0
480291411012,362.0,141.0,153.0,14.0,54.0,266.0,121.0,131.0,14.0,0.0,74.0,20.0,0.0,0.0,54.0
480291522022,586.0,40.0,205.0,310.0,31.0,586.0,40.0,205.0,310.0,31.0,0.0,0.0,0.0,0.0,0.0
480291411022,223.0,22.0,94.0,100.0,7.0,206.0,14.0,94.0,91.0,7.0,0.0,0.0,0.0,0.0,0.0
480291414031,661.0,122.0,217.0,292.0,30.0,630.0,122.0,217.0,270.0,21.0,0.0,0.0,0.0,0.0,0.0
480291414042,977.0,148.0,448.0,304.0,77.0,835.0,148.0,383.0,304.0,0.0,142.0,0.0,65.0,0.0,77.0
480291605013,205.0,0.0,59.0,146.0,0.0,180.0,0.0,39.0,141.0,0.0,5.0,0.0,0.0,5.0,0.0
480291605023,415.0,86.0,114.0,215.0,0.0,403.0,86.0,102.0,215.0,0.0,0.0,0.0,0.0,0.0,0.0
480291609012,442.0,83.0,195.0,126.0,38.0,430.0,83.0,195.0,126.0,26.0,12.0,0.0,0.0,0.0,12.0
480291609022,609.0,82.0,198.0,252.0,77.0,549.0,75.0,195.0,248.0,31.0,53.0,0.0,3.0,4.0,46.0
480291613031,1062.0,39.0,499.0,486.0,38.0,1032.0,17.0,499.0,486.0,30.0,8.0,0.0,0.0,0.0,8.0
480291613042,946.0,37.0,368.0,415.0,126.0,909.0,37.0,368.0,378.0,126.0,18.0,0.0,0.0,18.0,0.0
480291615032,571.0,28.0,206.0,296.0,41.0,465.0,28.0,206.0,215.0,16.0,106.0,0.0,0.0,81.0,25.0
480291615042,1076.0,65.0,486.0,456.0,69.0,1070.0,65.0,486.0,450.0,69.0,6.0,0.0,0.0,6.0,0.0
480291618021,2638.0,342.0,1175.0,998.0,123.0,2567.0,342.0,1161.0,990.0,74.0,35.0,0.0,0.0,0.0,35.0
480291619021,500.0,84.0,161.0,255.0,0.0,500.0,84.0,161.0,255.0,0.0,0.0,0.0,0.0,0.0,0.0
480291620031,989.0,92.0,319.0,442.0,136.0,982.0,92.0,312.0,442.0,136.0,0.0,0.0,0.0,0.0,0.0
480291620041,522.0,92.0,225.0,165.0,40.0,505.0,75.0,225.0,165.0,40.0,0.0,0.0,0.0,0.0,0.0
480291713012,594.0,92.0,255.0,197.0,50.0,571.0,92.0,251.0,184.0,44.0,23.0,0.0,4.0,13.0,6.0
480291716012,402.0,171.0,110.0,87.0,34.0,369.0,171.0,110.0,54.0,34.0,33.0,0.0,0.0,33.0,0.0
480291716022,231.0,6.0,130.0,95.0,0.0,225.0,6.0,124.0,95.0,0.0,6.0,0.0,6.0,0.0,0.0
480291719122,1089.0,135.0,518.0,426.0,10.0,1089.0,135.0,518.0,426.0,10.0,0.0,0.0,0.0,0.0,0.0
480291719141,730.0,112.0,257.0,245.0,116.0,673.0,112.0,257.0,188.0,116.0,0.0,0.0,0.0,0.0,0.0
480291719151,804.0,169.0,327.0,265.0,43.0,793.0,165.0,327.0,258.0,43.0,7.0,0.0,0.0,7.0,0.0
480291719163,1537.0,208.0,628.0,527.0,174.0,1503.0,208.0,594.0,527.0,174.0,34.0,0.0,34.0,0.0,0.0
480291719181,691.0,155.0,203.0,283.0,50.0,670.0,155.0,182.0,283.0,50.0,0.0,0.0,0.0,0.0,0.0
480291215044,1379.0,295.0,556.0,502.0,26.0,1303.0,295.0,527.0,455.0,26.0,76.0,0.0,29.0,47.0,0.0
480291215064,389.0,84.0,230.0,75.0,0.0,366.0,76.0,215.0,75.0,0.0,0.0,0.0,0.0,0.0,0.0
480291216061,298.0,27.0,188.0,83.0,0.0,298.0,27.0,188.0,83.0,0.0,0.0,0.0,0.0,0.0,0.0
480291216064,323.0,75.0,82.0,166.0,0.0,323.0,75.0,82.0,166.0,0.0,0.0,0.0,0.0,0.0,0.0
480291217013,242.0,113.0,59.0,48.0,22.0,242.0,113.0,59.0,48.0,22.0,0.0,0.0,0.0,0.0,0.0
480291217022,454.0,206.0,144.0,104.0,0.0,454.0,206.0,144.0,104.0,0.0,0.0,0.0,0.0,0.0,0.0
480291218082,1380.0,234.0,747.0,383.0,16.0,1369.0,234.0,745.0,374.0,16.0,11.0,0.0,2.0,9.0,0.0
480291218093,898.0,175.0,421.0,274.0,28.0,890.0,167.0,421.0,274.0,28.0,0.0,0.0,0.0,0.0,0.0
480291218111,2249.0,341.0,1297.0,513.0,98.0,2195.0,320.0,1297.0,480.0,98.0,23.0,0.0,0.0,23.0,0.0
480291218122,573.0,225.0,316.0,15.0,17.0,573.0,225.0,316.0,15.0,17.0,0.0,0.0,0.0,0.0,0.0
480291218131,942.0,169.0,513.0,255.0,5.0,928.0,169.0,499.0,255.0,5.0,0.0,0.0,0.0,0.0,0.0
480291219041,490.0,67.0,198.0,172.0,53.0,490.0,67.0,198.0,172.0,53.0,0.0,0.0,0.0,0.0,0.0
480291219052,2018.0,652.0,510.0,669.0,187.0,1955.0,639.0,510.0,638.0,168.0,14.0,0.0,0.0,14.0,0.0
480291219071,684.0,26.0,295.0,333.0,30.0,665.0,26.0,276.0,333.0,30.0,0.0,0.0,0.0,0.0,0.0
480291211085,977.0,246.0,444.0,254.0,33.0,929.0,231.0,444.0,254.0,0.0,33.0,0.0,0.0,0.0,33.0
480291211191,416.0,31.0,385.0,0.0,0.0,416.0,31.0,385.0,0.0,0.0,0.0,0.0,0.0,0.0,0.0
480291211201,1441.0,268.0,791.0,364.0,18.0,1298.0,218.0,791.0,289.0,0.0,75.0,0.0,0.0,75.0,0.0
480291207013,542.0,238.0,225.0,79.0,0.0,385.0,116.0,213.0,56.0,0.0,0.0,0.0,0.0,0.0,0.0
480291215043,967.0,171.0,514.0,256.0,26.0,967.0,171.0,514.0,256.0,26.0,0.0,0.0,0.0,0.0,0.0
480291503002,582.0,154.0,311.0,104.0,13.0,468.0,80.0,271.0,104.0,13.0,40.0,0.0,40.0,0.0,0.0
480291418003,872.0,136.0,297.0,378.0,61.0,865.0,136.0,290.0,378.0,61.0,0.0,0.0,0.0,0.0,0.0
480291508001,407.0,207.0,200.0,0.0,0.0,367.0,202.0,165.0,0.0,0.0,35.0,0.0,35.0,0.0,0.0
480291712001,463.0,81.0,145.0,227.0,10.0,408.0,81.0,130.0,187.0,10.0,40.0,0.0,0.0,40.0,0.0
480291712002,374.0,92.0,180.0,102.0,0.0,364.0,92.0,180.0,92.0,0.0,10.0,0.0,0.0,10.0,0.0
480291512004,278.0,0.0,99.0,167.0,12.0,278.0,0.0,99.0,167.0,12.0,0.0,0.0,0.0,0.0,0.0
480291904002,992.0,675.0,232.0,68.0,17.0,609.0,342.0,217.0,33.0,17.0,8.0,0.0,0.0,8.0,0.0
480291817121,1249.0,150.0,657.0,406.0,36.0,1246.0,148.0,656.0,406.0,36.0,1.0,0.0,1.0,0.0,0.0
480291816024,822.0,146.0,297.0,307.0,72.0,795.0,146.0,285.0,292.0,72.0,20.0,0.0,12.0,8.0,0.0
480291816022,721.0,197.0,313.0,175.0,36.0,650.0,182.0,295.0,161.0,12.0,39.0,15.0,0.0,14.0,10.0
480291314022,820.0,123.0,261.0,422.0,14.0,811.0,123.0,261.0,418.0,9.0,9.0,0.0,0.0,4.0,5.0
480291719183,1348.0,359.0,431.0,477.0,81.0,1309.0,359.0,411.0,458.0,81.0,0.0,0.0,0.0,0.0,0.0
480291719201,1643.0,112.0,624.0,619.0,288.0,1456.0,112.0,589.0,545.0,210.0,74.0,0.0,0.0,74.0,0.0
480291719212,741.0,33.0,417.0,256.0,35.0,725.0,33.0,401.0,256.0,35.0,0.0,0.0,0.0,0.0,0.0
480291719231,808.0,117.0,376.0,259.0,56.0,808.0,117.0,376.0,259.0,56.0,0.0,0.0,0.0,0.0,0.0
480291719234,2564.0,514.0,1223.0,704.0,123.0,2464.0,485.0,1223.0,681.0,75.0,71.0,0.0,0.0,23.0,48.0
480291719251,464.0,38.0,283.0,116.0,27.0,437.0,38.0,283.0,116.0,0.0,27.0,0.0,0.0,0.0,27.0
480291719253,1928.0,380.0,868.0,592.0,88.0,1844.0,333.0,842.0,592.0,77.0,11.0,0.0,0.0,0.0,11.0
480291720023,2345.0,246.0,805.0,1095.0,199.0,2224.0,215.0,805.0,1005.0,199.0,0.0,0.0,0.0,0.0,0.0
480291720041,1572.0,126.0,525.0,704.0,217.0,1555.0,115.0,519.0,704.0,217.0,11.0,11.0,0.0,0.0,0.0
480291720061,1815.0,208.0,661.0,781.0,165.0,1783.0,192.0,661.0,781.0,149.0,0.0,0.0,0.0,0.0,0.0
480291720071,2230.0,320.0,544.0,1213.0,153.0,2219.0,309.0,544.0,1213.0,153.0,0.0,0.0,0.0,0.0,0.0
480291801011,511.0,44.0,377.0,90.0,0.0,511.0,44.0,377.0,90.0,0.0,0.0,0.0,0.0,0.0,0.0
480291714011,1010.0,204.0,351.0,408.0,47.0,959.0,196.0,343.0,393.0,27.0,27.0,0.0,0.0,15.0,12.0
480291714022,284.0,0.0,137.0,104.0,43.0,261.0,0.0,137.0,104.0,20.0,23.0,0.0,0.0,0.0,23.0
480291715012,491.0,69.0,209.0,124.0,89.0,424.0,69.0,209.0,91.0,55.0,56.0,0.0,0.0,28.0,28.0
480291715023,811.0,186.0,334.0,202.0,89.0,695.0,162.0,310.0,149.0,74.0,15.0,0.0,0.0,0.0,15.0
480291917011,338.0,56.0,170.0,81.0,31.0,323.0,52.0,170.0,81.0,20.0,0.0,0.0,0.0,0.0,0.0
480291917022,706.0,228.0,270.0,149.0,59.0,706.0,228.0,270.0,149.0,59.0,0.0,0.0,0.0,0.0,0.0
480291918043,1030.0,69.0,379.0,519.0,63.0,1018.0,57.0,379.0,519.0,63.0,0.0,0.0,0.0,0.0,0.0
480291918111,1682.0,211.0,497.0,847.0,127.0,1650.0,201.0,475.0,847.0,127.0,0.0,0.0,0.0,0.0,0.0
480291918063,2421.0,386.0,970.0,1005.0,60.0,2231.0,290.0,917.0,994.0,30.0,0.0,0.0,0.0,0.0,0.0
480291918081,1335.0,185.0,461.0,581.0,108.0,1307.0,173.0,461.0,581.0,92.0,0.0,0.0,0.0,0.0,0.0
480291918092,1111.0,82.0,281.0,627.0,121.0,1098.0,82.0,281.0,627.0,108.0,13.0,0.0,0.0,0.0,13.0
480291918131,2043.0,226.0,573.0,1173.0,71.0,1991.0,196.0,573.0,1151.0,71.0,0.0,0.0,0.0,0.0,0.0
480291817252,1189.0,427.0,387.0,314.0,61.0,1159.0,427.0,387.0,284.0,61.0,30.0,0.0,0.0,30.0,0.0
480291817263,1626.0,267.0,413.0,786.0,160.0,1529.0,202.0,400.0,767.0,160.0,17.0,17.0,0.0,0.0,0.0
480291817281,3142.0,333.0,881.0,1645.0,283.0,3037.0,274.0,865.0,1615.0,283.0,0.0,0.0,0.0,0.0,0.0
480291817301,516.0,46.0,251.0,172.0,47.0,508.0,46.0,243.0,172.0,47.0,0.0,0.0,0.0,0.0,0.0
480291817312,1199.0,109.0,323.0,749.0,18.0,1181.0,109.0,323.0,749.0,0.0,18.0,0.0,0.0,0.0,18.0
480291818112,226.0,9.0,50.0,111.0,56.0,226.0,9.0,50.0,111.0,56.0,0.0,0.0,0.0,0.0,0.0
480291818132,1322.0,229.0,734.0,194.0,165.0,1281.0,229.0,693.0,194.0,165.0,0.0,0.0,0.0,0.0,0.0
480291818142,1795.0,674.0,674.0,447.0,0.0,1703.0,582.0,674.0,447.0,0.0,0.0,0.0,0.0,0.0,0.0
480291818161,535.0,119.0,203.0,176.0,37.0,527.0,119.0,203.0,168.0,37.0,8.0,0.0,0.0,8.0,0.0
480291818172,457.0,109.0,184.0,164.0,0.0,457.0,109.0,184.0,164.0,0.0,0.0,0.0,0.0,0.0,0.0
480291818183,1378.0,397.0,397.0,437.0,147.0,1245.0,397.0,397.0,437.0,14.0,133.0,0.0,0.0,0.0,133.0
480291818201,875.0,568.0,267.0,40.0,0.0,408.0,178.0,192.0,38.0,0.0,7.0,2.0,5.0,0.0,0.0
480291818212,1442.0,432.0,735.0,232.0,43.0,1414.0,432.0,724.0,232.0,26.0,17.0,0.0,0.0,0.0,17.0
480291818223,1175.0,232.0,477.0,436.0,30.0,1054.0,200.0,427.0,407.0,20.0,20.0,10.0,0.0,0.0,10.0
480291905032,597.0,189.0,252.0,90.0,66.0,503.0,152.0,235.0,90.0,26.0,60.0,9.0,11.0,0.0,40.0
480291905042,676.0,131.0,330.0,158.0,57.0,657.0,131.0,318.0,158.0,50.0,19.0,0.0,12.0,0.0,7.0
480291906041,548.0,139.0,266.0,110.0,33.0,479.0,139.0,211.0,96.0,33.0,23.0,0.0,9.0,14.0,0.0
480291910051,457.0,200.0,133.0,84.0,40.0,411.0,179.0,133.0,84.0,15.0,34.0,9.0,0.0,0.0,25.0
480291910062,731.0,163.0,335.0,218.0,15.0,596.0,28.0,335.0,218.0,15.0,0.0,0.0,0.0,0.0,0.0
480291801013,463.0,64.0,292.0,107.0,0.0,392.0,64.0,257.0,71.0,0.0,35.0,0.0,35.0,0.0,0.0
480291801016,270.0,29.0,187.0,42.0,12.0,261.0,29.0,178.0,42.0,12.0,9.0,0.0,9.0,0.0,0.0
480291806031,1044.0,264.0,606.0,153.0,21.0,974.0,235.0,606.0,112.0,21.0,21.0,0.0,0.0,21.0,0.0
480291806043,360.0,151.0,33.0,176.0,0.0,360.0,151.0,33.0,176.0,0.0,0.0,0.0,0.0,0.0,0.0
480291807026,977.0,176.0,493.0,267.0,41.0,845.0,147.0,474.0,224.0,0.0,84.0,0.0,0.0,43.0,41.0
480291814031,901.0,505.0,255.0,95.0,46.0,831.0,489.0,224.0,95.0,23.0,23.0,0.0,0.0,0.0,23.0
480291814041,2156.0,1145.0,705.0,306.0,0.0,1810.0,924.0,605.0,281.0,0.0,27.0,0.0,2.0,25.0,0.0
480291815044,841.0,171.0,402.0,232.0,36.0,830.0,171.0,402.0,221.0,36.0,0.0,0.0,0.0,0.0,0.0
480291817154,1137.0,162.0,600.0,321.0,54.0,1137.0,162.0,600.0,321.0,54.0,0.0,0.0,0.0,0.0,0.0
480291820022,225.0,0.0,109.0,116.0,0.0,225.0,0.0,109.0,116.0,0.0,0.0,0.0,0.0,0.0,0.0
480291820031,1557.0,124.0,806.0,603.0,24.0,1530.0,124.0,779.0,603.0,24.0,0.0,0.0,0.0,0.0,0.0
480291821013,1235.0,162.0,348.0,626.0,99.0,1180.0,142.0,348.0,606.0,84.0,20.0,0.0,0.0,20.0,0.0
480291821051,1138.0,69.0,261.0,703.0,105.0,1125.0,64.0,261.0,695.0,105.0,0.0,0.0,0.0,0.0,0.0
480291910065,251.0,12.0,187.0,52.0,0.0,251.0,12.0,187.0,52.0,0.0,0.0,0.0,0.0,0.0,0.0
480291912013,146.0,20.0,72.0,54.0,0.0,127.0,20.0,53.0,54.0,0.0,19.0,0.0,19.0,0.0,0.0
480291918141,1321.0,140.0,274.0,811.0,96.0,1281.0,130.0,264.0,811.0,76.0,0.0,0.0,0.0,0.0,0.0
480291918152,920.0,171.0,303.0,446.0,0.0,914.0,165.0,303.0,446.0,0.0,0.0,0.0,0.0,0.0,0.0
480291918171,4128.0,822.0,1725.0,1544.0,37.0,3991.0,730.0,1704.0,1520.0,37.0,0.0,0.0,0.0,0.0,0.0
480291919002,508.0,149.0,162.0,150.0,47.0,478.0,134.0,153.0,150.0,41.0,30.0,15.0,9.0,0.0,6.0
480291919005,385.0,93.0,131.0,124.0,37.0,355.0,84.0,110.0,124.0,37.0,21.0,0.0,21.0,0.0,0.0
480291920003,965.0,206.0,581.0,116.0,62.0,846.0,158.0,570.0,56.0,62.0,71.0,0.0,11.0,60.0,0.0
480291921001,624.0,245.0,287.0,72.0,20.0,555.0,224.0,261.0,64.0,6.0,22.0,0.0,14.0,8.0,0.0
480291922002,406.0,135.0,110.0,155.0,6.0,303.0,113.0,87.0,97.0,6.0,46.0,0.0,23.0,23.0,0.0
