block_group,B01001_001E,B01001_002E,B01001_026E,B01001_001E_WA,B01001_002E_WA,B01001_026E_WA,B01001_001E_NWA,B01001_002E_NWA,B01001_026E_NWA
480291805031,659.0,417.0,242.0,454.0,279.0,175.0,205.0,138.0,67.0
480291805032,1942.0,806.0,1136.0,1319.0,553.0,766.0,623.0,253.0,370.0
480291704013,1676.0,663.0,1013.0,838.0,327.0,511.0,838.0,336.0,502.0
480291704012,730.0,384.0,346.0,306.0,123.0,183.0,424.0,261.0,163.0
480291914061,2612.0,1229.0,1383.0,1546.0,701.0,845.0,1066.0,528.0,538.0
480291914092,2824.0,1565.0,1259.0,2095.0,1167.0,928.0,729.0,398.0,331.0
480291212042,1666.0,860.0,806.0,1277.0,662.0,615.0,389.0,198.0,191.0
480291215081,1465.0,743.0,722.0,797.0,485.0,312.0,668.0,258.0,410.0
480291914051,2767.0,1451.0,1316.0,1880.0,911.0,969.0,887.0,540.0,347.0
480291914052,2152.0,1031.0,1121.0,1454.0,669.0,785.0,698.0,362.0,336.0
480291914053,1753.0,771.0,982.0,904.0,340.0,564.0,849.0,431.0,418.0
480291914055,929.0,414.0,515.0,481.0,231.0,250.0,448.0,183.0,265.0
480291709001,1623.0,633.0,990.0,805.0,306.0,499.0,818.0,327.0,491.0
480291709003,592.0,233.0,359.0,398.0,184.0,214.0,194.0,49.0,145.0
480291610002,2125.0,950.0,1175.0,1141.0,515.0,626.0,984.0,435.0,549.0
480291610001,2034.0,979.0,1055.0,1244.0,580.0,664.0,790.0,399.0,391.0
480291615015,1647.0,1005.0,642.0,831.0,474.0,357.0,816.0,531.0,285.0
480291615011,3279.0,1541.0,1738.0,1913.0,998.0,915.0,1366.0,543.0,823.0
480291615013,1116.0,659.0,457.0,641.0,382.0,259.0,475.0,277.0,198.0
480291711001,1924.0,1050.0,874.0,1221.0,735.0,486.0,703.0,315.0,388.0
480291620011,2310.0,1081.0,1229.0,1351.0,564.0,787.0,959.0,517.0,442.0
480291701022,1074.0,538.0,536.0,726.0,346.0,380.0,348.0,192.0,156.0
480291701021,962.0,346.0,616.0,650.0,278.0,372.0,312.0,68.0,244.0
480291807022,1236.0,598.0,638.0,896.0,456.0,440.0,340.0,142.0,198.0
480291807023,382.0,222.0,160.0,301.0,187.0,114.0,81.0,35.0,46.0
480291807025,596.0,294.0,302.0,286.0,164.0,122.0,310.0,130.0,180.0
480291809012,1325.0,588.0,737.0,848.0,388.0,460.0,477.0,200.0,277.0
480291809015,833.0,367.0,466.0,554.0,223.0,331.0,279.0,144.0,135.0
480291106003,3071.0,2757.0,314.0,2626.0,2567.0,59.0,445.0,190.0,255.0
480291108002,577.0,308.0,269.0,322.0,178.0,144.0,255.0,130.0,125.0
480291108001,729.0,410.0,319.0,536.0,311.0,225.0,193.0,99.0,94.0
480291208004,858.0,467.0,391.0,454.0,278.0,176.0,404.0,189.0,215.0
480291208006,950.0,396.0,554.0,605.0,238.0,367.0,345.0,158.0,187.0
480291208001,925.0,450.0,475.0,591.0,309.0,282.0,334.0,141.0,193.0
480291208002,1058.0,538.0,520.0,512.0,233.0,279.0,546.0,305.0,241.0
480291208005,847.0,313.0,534.0,427.0,205.0,222.0,420.0,108.0,312.0
480291208007,759.0,445.0,314.0,420.0,237.0,183.0,339.0,208.0,131.0
480291208003,1406.0,627.0,779.0,929.0,394.0,535.0,477.0,233.0,244.0
480291211113,1642.0,795.0,847.0,904.0,402.0,502.0,738.0,393.0,345.0
480291211111,996.0,499.0,497.0,588.0,247.0,341.0,408.0,252.0,156.0
480291211112,1919.0,1085.0,834.0,1083.0,550.0,533.0,836.0,535.0,301.0
480291211114,2356.0,1201.0,1155.0,1327.0,679.0,648.0,1029.0,522.0,507.0
480291211161,1918.0,1046.0,872.0,1314.0,737.0,577.0,604.0,309.0,295.0
480291211164,1559.0,701.0,858.0,813.0,366.0,447.0,746.0,335.0,411.0
480291211162,484.0,210.0,274.0,178.0,78.0,100.0,306.0,132.0,174.0
480291211181,1632.0,871.0,761.0,1017.0,579.0,438.0,615.0,292.0,323.0
480291211182,2195.0,1180.0,1015.0,1888.0,980.0,908.0,307.0,200.0,107.0
480291212031,661.0,349.0,312.0,513.0,235.0,278.0,148.0,114.0,34.0
480291212032,1508.0,792.0,716.0,939.0,496.0,443.0,569.0,296.0,273.0
480291212051,3307.0,1530.0,1777.0,1994.0,1033.0,961.0,1313.0,497.0,816.0
480291817182,1878.0,997.0,881.0,1189.0,614.0,575.0,689.0,383.0,306.0
480291818111,3375.0,1710.0,1665.0,2059.0,1070.0,989.0,1316.0,640.0,676.0
480291902003,927.0,317.0,610.0,689.0,227.0,462.0,238.0,90.0,148.0
480291902004,929.0,470.0,459.0,568.0,316.0,252.0,361.0,154.0,207.0
480291902001,576.0,280.0,296.0,370.0,172.0,198.0,206.0,108.0,98.0
480291802021,1103.0,490.0,613.0,622.0,254.0,368.0,481.0,236.0,245.0
480291802023,1508.0,842.0,666.0,973.0,491.0,482.0,535.0,351.0,184.0
480291805013,1148.0,577.0,571.0,642.0,325.0,317.0,506.0,252.0,254.0
480291805012,513.0,256.0,257.0,387.0,177.0,210.0,126.0,79.0,47.0
480291805011,1792.0,1004.0,788.0,1269.0,780.0,489.0,523.0,224.0,299.0
480291808002,1299.0,694.0,605.0,856.0,498.0,358.0,443.0,196.0,247.0
480291808001,691.0,380.0,311.0,475.0,235.0,240.0,216.0,145.0,71.0
480291708002,774.0,365.0,409.0,496.0,220.0,276.0,278.0,145.0,133.0
480291106002,1415.0,603.0,812.0,789.0,281.0,508.0,626.0,322.0,304.0
480291504001,414.0,190.0,224.0,314.0,162.0,152.0,100.0,28.0,72.0
480291504002,1158.0,589.0,569.0,762.0,421.0,341.0,396.0,168.0,228.0
480291510001,1270.0,714.0,556.0,818.0,458.0,360.0,452.0,256.0,196.0
480291521002,1192.0,590.0,602.0,716.0,348.0,368.0,476.0,242.0,234.0
480291521001,1128.0,555.0,573.0,745.0,340.0,405.0,383.0,215.0,168.0
480291607024,945.0,425.0,520.0,608.0,276.0,332.0,337.0,149.0,188.0
480291607023,1190.0,546.0,644.0,807.0,415.0,392.0,383.0,131.0,252.0
480291616002,2750.0,1379.0,1371.0,1768.0,892.0,876.0,982.0,487.0,495.0
480291616001,2038.0,930.0,1108.0,1063.0,479.0,584.0,975.0,451.0,524.0
480291216012,1397.0,633.0,764.0,799.0,416.0,383.0,598.0,217.0,381.0
480291216013,1661.0,932.0,729.0,1007.0,546.0,461.0,654.0,386.0,268.0
480291216014,1231.0,527.0,704.0,768.0,378.0,390.0,463.0,149.0,314.0
480291218021,1941.0,987.0,954.0,1191.0,669.0,522.0,750.0,318.0,432.0
480291218023,3437.0,1497.0,1940.0,2277.0,1028.0,1249.0,1160.0,469.0,691.0
480291303002,1026.0,434.0,592.0,658.0,310.0,348.0,368.0,124.0,244.0
480291303001,521.0,296.0,225.0,398.0,232.0,166.0,123.0,64.0,59.0
480291307002,911.0,428.0,483.0,547.0,278.0,269.0,364.0,150.0,214.0
480291307001,1861.0,740.0,1121.0,1021.0,318.0,703.0,840.0,422.0,418.0
480291702004,898.0,472.0,426.0,500.0,298.0,202.0,398.0,174.0,224.0
480291702006,1034.0,605.0,429.0,682.0,341.0,341.0,352.0,264.0,88.0
480291702002,757.0,334.0,423.0,583.0,280.0,303.0,174.0,54.0,120.0
480291702005,796.0,449.0,347.0,391.0,231.0,160.0,405.0,218.0,187.0
480291702001,725.0,443.0,282.0,499.0,297.0,202.0,226.0,146.0,80.0
480291316011,839.0,428.0,411.0,545.0,258.0,287.0,294.0,170.0,124.0
480291317001,1182.0,645.0,537.0,631.0,319.0,312.0,551.0,326.0,225.0
480291412004,645.0,285.0,360.0,387.0,187.0,200.0,258.0,98.0,160.0
480291412001,1839.0,956.0,883.0,920.0,430.0,490.0,919.0,526.0,393.0
480291412005,1188.0,531.0,657.0,730.0,318.0,412.0,458.0,213.0,245.0
480291412002,1302.0,710.0,592.0,796.0,423.0,373.0,506.0,287.0,219.0
480291501003,1162.0,576.0,586.0,700.0,327.0,373.0,462.0,249.0,213.0
480291309002,1169.0,585.0,584.0,654.0,326.0,328.0,515.0,259.0,256.0
480291309003,1185.0,487.0,698.0,623.0,243.0,380.0,562.0,244.0,318.0
480291310003,880.0,367.0,513.0,535.0,188.0,347.0,345.0,179.0,166.0
480291310004,745.0,365.0,380.0,438.0,191.0,247.0,307.0,174.0,133.0
480291310001,2971.0,1332.0,1639.0,1707.0,756.0,951.0,1264.0,576.0,688.0
480291310002,766.0,304.0,462.0,421.0,158.0,263.0,345.0,146.0,199.0
480291405003,1128.0,628.0,500.0,794.0,473.0,321.0,334.0,155.0,179.0
480291405002,1429.0,640.0,789.0,945.0,392.0,553.0,484.0,248.0,236.0
480291405001,831.0,322.0,509.0,593.0,239.0,354.0,238.0,83.0,155.0
480291405004,700.0,297.0,403.0,375.0,177.0,198.0,325.0,120.0,205.0
480291406002,894.0,384.0,510.0,538.0,259.0,279.0,356.0,125.0,231.0
480291406001,1934.0,963.0,971.0,1166.0,590.0,576.0,768.0,373.0,395.0
480291407003,717.0,426.0,291.0,460.0,241.0,219.0,257.0,185.0,72.0
480291407001,1043.0,518.0,525.0,630.0,329.0,301.0,413.0,189.0,224.0
480291407004,733.0,311.0,422.0,494.0,226.0,268.0,239.0,85.0,154.0
480291407005,1170.0,662.0,508.0,812.0,458.0,354.0,358.0,204.0,154.0
480291413001,946.0,382.0,564.0,619.0,248.0,371.0,327.0,134.0,193.0
480291413003,3162.0,1607.0,1555.0,1912.0,929.0,983.0,1250.0,678.0,572.0
480291702003,1297.0,532.0,765.0,627.0,158.0,469.0,670.0,374.0,296.0
480291806023,825.0,376.0,449.0,478.0,193.0,285.0,347.0,183.0,164.0
480291806021,590.0,324.0,266.0,516.0,304.0,212.0,74.0,20.0,54.0
480291911021,709.0,277.0,432.0,261.0,115.0,146.0,448.0,162.0,286.0
480291911022,932.0,380.0,552.0,505.0,262.0,243.0,427.0,118.0,309.0
480291911023,970.0,485.0,485.0,534.0,232.0,302.0,436.0,253.0,183.0
480291209012,1454.0,913.0,541.0,829.0,598.0,231.0,625.0,315.0,310.0
480291209011,894.0,492.0,402.0,557.0,278.0,279.0,337.0,214.0,123.0
480291211122,1331.0,649.0,682.0,937.0,458.0,479.0,394.0,191.0,203.0
480291519001,1892.0,923.0,969.0,1232.0,532.0,700.0,660.0,391.0,269.0
480291409002,1052.0,514.0,538.0,708.0,367.0,341.0,344.0,147.0,197.0
480291417001,2815.0,1238.0,1577.0,1689.0,796.0,893.0,1126.0,442.0,684.0
480291417002,2982.0,1587.0,1395.0,1864.0,992.0,872.0,1118.0,595.0,523.0
480291505012,1350.0,685.0,665.0,687.0,367.0,320.0,663.0,318.0,345.0
480291505014,1113.0,585.0,528.0,721.0,391.0,330.0,392.0,194.0,198.0
480291604002,1922.0,1033.0,889.0,1188.0,641.0,547.0,734.0,392.0,342.0
480291604004,750.0,365.0,385.0,390.0,185.0,205.0,360.0,180.0,180.0
480291604001,1052.0,484.0,568.0,715.0,342.0,373.0,337.0,142.0,195.0
480291604003,1162.0,477.0,685.0,696.0,305.0,391.0,466.0,172.0,294.0
480291611005,1688.0,1031.0,657.0,1195.0,721.0,474.0,493.0,310.0,183.0
480291611006,455.0,208.0,247.0,346.0,178.0,168.0,109.0,30.0,79.0
480291611001,3154.0,1612.0,1542.0,1792.0,937.0,855.0,1362.0,675.0,687.0
480291611004,1497.0,832.0,665.0,1042.0,625.0,417.0,455.0,207.0,248.0
480291611003,1095.0,626.0,469.0,639.0,392.0,247.0,456.0,234.0,222.0
480291611002,851.0,364.0,487.0,484.0,193.0,291.0,367.0,171.0,196.0
480291813012,1509.0,838.0,671.0,988.0,567.0,421.0,521.0,271.0,250.0
480291813011,3152.0,1456.0,1696.0,2245.0,880.0,1365.0,907.0,576.0,331.0
480291814021,1096.0,548.0,548.0,657.0,321.0,336.0,439.0,227.0,212.0
480291814022,1619.0,794.0,825.0,1255.0,574.0,681.0,364.0,220.0,144.0
480291109001,1498.0,959.0,539.0,1303.0,841.0,462.0,195.0,118.0,77.0
480291110003,1124.0,571.0,553.0,916.0,466.0,450.0,208.0,105.0,103.0
480291110002,729.0,364.0,365.0,441.0,235.0,206.0,288.0,129.0,159.0
480291204001,1212.0,639.0,573.0,867.0,457.0,410.0,345.0,182.0,163.0
480291204005,1165.0,545.0,620.0,519.0,247.0,272.0,646.0,298.0,348.0
480291710004,1845.0,1001.0,844.0,1094.0,580.0,514.0,751.0,421.0,330.0
480291204003,1085.0,604.0,481.0,497.0,242.0,255.0,588.0,362.0,226.0
480291207021,2630.0,1200.0,1430.0,1528.0,756.0,772.0,1102.0,444.0,658.0
480291704014,794.0,347.0,447.0,551.0,258.0,293.0,243.0,89.0,154.0
480291710001,973.0,451.0,522.0,594.0,322.0,272.0,379.0,129.0,250.0
480291710002,892.0,538.0,354.0,415.0,225.0,190.0,477.0,313.0,164.0
480291717001,2257.0,988.0,1269.0,1216.0,513.0,703.0,1041.0,475.0,566.0
480291717003,897.0,469.0,428.0,587.0,344.0,243.0,310.0,125.0,185.0
480291215013,3011.0,1422.0,1589.0,2004.0,919.0,1085.0,1007.0,503.0,504.0
480291215011,2062.0,945.0,1117.0,1532.0,803.0,729.0,530.0,142.0,388.0
480291215074,1353.0,604.0,749.0,973.0,435.0,538.0,380.0,169.0,211.0
480291215071,1060.0,442.0,618.0,535.0,157.0,378.0,525.0,285.0,240.0
480291215072,1367.0,599.0,768.0,737.0,323.0,414.0,630.0,276.0,354.0
480291312002,1272.0,686.0,586.0,709.0,356.0,353.0,563.0,330.0,233.0
480291401002,674.0,328.0,346.0,399.0,238.0,161.0,275.0,90.0,185.0
480291401001,673.0,396.0,277.0,468.0,302.0,166.0,205.0,94.0,111.0
480291404004,703.0,247.0,456.0,370.0,156.0,214.0,333.0,91.0,242.0
480291101002,713.0,360.0,353.0,425.0,213.0,212.0,288.0,147.0,141.0
480291209022,1709.0,722.0,987.0,888.0,415.0,473.0,821.0,307.0,514.0
480291209021,2035.0,1194.0,841.0,1544.0,951.0,593.0,491.0,243.0,248.0
480291214033,1866.0,1042.0,824.0,1309.0,757.0,552.0,557.0,285.0,272.0
480291214031,2497.0,1024.0,1473.0,1337.0,511.0,826.0,1160.0,513.0,647.0
480291216042,1308.0,570.0,738.0,823.0,312.0,511.0,485.0,258.0,227.0
480291216043,868.0,434.0,434.0,617.0,294.0,323.0,251.0,140.0,111.0
480291306004,1315.0,619.0,696.0,741.0,305.0,436.0,574.0,314.0,260.0
480291207022,869.0,274.0,595.0,346.0,44.0,302.0,523.0,230.0,293.0
480291213003,732.0,323.0,409.0,439.0,246.0,193.0,293.0,77.0,216.0
480291213001,2998.0,1548.0,1450.0,1693.0,880.0,813.0,1305.0,668.0,637.0
480291703004,628.0,328.0,300.0,349.0,182.0,167.0,279.0,146.0,133.0
480291703002,267.0,136.0,131.0,204.0,128.0,76.0,63.0,8.0,55.0
480291703006,946.0,547.0,399.0,518.0,272.0,246.0,428.0,275.0,153.0
480291703005,1679.0,1066.0,613.0,1053.0,685.0,368.0,626.0,381.0,245.0
480291703003,1127.0,581.0,546.0,481.0,186.0,295.0,646.0,395.0,251.0
480291704024,596.0,301.0,295.0,391.0,225.0,166.0,205.0,76.0,129.0
480291704021,2193.0,1074.0,1119.0,1165.0,546.0,619.0,1028.0,528.0,500.0
480291706001,1291.0,624.0,667.0,780.0,413.0,367.0,511.0,211.0,300.0
480291706004,894.0,448.0,446.0,663.0,317.0,346.0,231.0,131.0,100.0
480291706003,1154.0,662.0,492.0,757.0,400.0,357.0,397.0,262.0,135.0
480291707003,2595.0,1169.0,1426.0,1657.0,870.0,787.0,938.0,299.0,639.0
480291707002,1127.0,567.0,560.0,597.0,268.0,329.0,530.0,299.0,231.0
480291212044,1306.0,638.0,668.0,655.0,342.0,313.0,651.0,296.0,355.0
480291212043,1031.0,439.0,592.0,567.0,209.0,358.0,464.0,230.0,234.0
480291404001,936.0,440.0,496.0,639.0,310.0,329.0,297.0,130.0,167.0
480291404002,1119.0,562.0,557.0,776.0,404.0,372.0,343.0,158.0,185.0
480291504003,2845.0,1275.0,1570.0,1689.0,853.0,836.0,1156.0,422.0,734.0
480291215052,745.0,361.0,384.0,480.0,242.0,238.0,265.0,119.0,146.0
480291403002,1228.0,584.0,644.0,706.0,338.0,368.0,522.0,246.0,276.0
480291403003,1235.0,576.0,659.0,760.0,329.0,431.0,475.0,247.0,228.0
480291520001,2993.0,1657.0,1336.0,1794.0,1031.0,763.0,1199.0,626.0,573.0
480291701011,846.0,425.0,421.0,448.0,239.0,209.0,398.0,186.0,212.0
480291701012,1518.0,808.0,710.0,942.0,511.0,431.0,576.0,297.0,279.0
480291718022,1191.0,657.0,534.0,758.0,396.0,362.0,433.0,261.0,172.0
480291718025,804.0,451.0,353.0,472.0,257.0,215.0,332.0,194.0,138.0
480291718023,1551.0,748.0,803.0,928.0,533.0,395.0,623.0,215.0,408.0
480291408004,881.0,394.0,487.0,503.0,234.0,269.0,378.0,160.0,218.0
480291408001,1335.0,643.0,692.0,1025.0,477.0,548.0,310.0,166.0,144.0
480291408005,1497.0,832.0,665.0,1068.0,637.0,431.0,429.0,195.0,234.0
480291408003,423.0,171.0,252.0,254.0,103.0,151.0,169.0,68.0,101.0
480291408002,1356.0,709.0,647.0,914.0,505.0,409.0,442.0,204.0,238.0
480291505023,1004.0,565.0,439.0,575.0,320.0,255.0,429.0,245.0,184.0
480291505022,1250.0,655.0,595.0,877.0,492.0,385.0,373.0,163.0,210.0
480291505021,1171.0,596.0,575.0,861.0,439.0,422.0,310.0,157.0,153.0
480291507006,359.0,144.0,215.0,229.0,84.0,145.0,130.0,60.0,70.0
480291507001,923.0,483.0,440.0,579.0,320.0,259.0,344.0,163.0,181.0
480291507003,1560.0,880.0,680.0,1047.0,515.0,532.0,513.0,365.0,148.0
480291601004,2448.0,1323.0,1125.0,1321.0,709.0,612.0,1127.0,614.0,513.0
480291601003,1631.0,762.0,869.0,966.0,467.0,499.0,665.0,295.0,370.0
480291601001,1320.0,727.0,593.0,721.0,389.0,332.0,599.0,338.0,261.0
480291813023,2003.0,921.0,1082.0,1324.0,644.0,680.0,679.0,277.0,402.0
480291809021,1093.0,583.0,510.0,555.0,344.0,211.0,538.0,239.0,299.0
480291809023,1556.0,694.0,862.0,911.0,453.0,458.0,645.0,241.0,404.0
480291809022,1264.0,421.0,843.0,790.0,159.0,631.0,474.0,262.0,212.0
480291809025,1979.0,763.0,1216.0,1344.0,470.0,874.0,635.0,293.0,342.0
480291810031,1931.0,999.0,932.0,1333.0,713.0,620.0,598.0,286.0,312.0
480291810051,1875.0,1078.0,797.0,1323.0,806.0,517.0,552.0,272.0,280.0
480291810052,552.0,263.0,289.0,422.0,189.0,233.0,130.0,74.0,56.0
480291815061,508.0,260.0,248.0,264.0,139.0,125.0,244.0,121.0,123.0
480291815062,1531.0,725.0,806.0,878.0,400.0,478.0,653.0,325.0,328.0
480291817151,1078.0,613.0,465.0,687.0,407.0,280.0,391.0,206.0,185.0
480291203002,569.0,241.0,328.0,360.0,162.0,198.0,209.0,79.0,130.0
480291203003,1377.0,603.0,774.0,905.0,376.0,529.0,472.0,227.0,245.0
480291203005,1085.0,574.0,511.0,614.0,293.0,321.0,471.0,281.0,190.0
480291205013,1414.0,648.0,766.0,849.0,335.0,514.0,565.0,313.0,252.0
480291205015,1365.0,658.0,707.0,747.0,383.0,364.0,618.0,275.0,343.0
480291205012,1578.0,774.0,804.0,1075.0,570.0,505.0,503.0,204.0,299.0
480291205014,1589.0,896.0,693.0,955.0,528.0,427.0,634.0,368.0,266.0
480291211152,2660.0,1209.0,1451.0,1529.0,755.0,774.0,1131.0,454.0,677.0
480291211153,1488.0,744.0,744.0,1031.0,551.0,480.0,457.0,193.0,264.0
480291211172,1290.0,618.0,672.0,928.0,461.0,467.0,362.0,157.0,205.0
480291211171,1760.0,954.0,806.0,1122.0,570.0,552.0,638.0,384.0,254.0
480291720021,5409.0,2783.0,2626.0,2983.0,1653.0,1330.0,2426.0,1130.0,1296.0
480291817031,3099.0,1675.0,1424.0,2155.0,1216.0,939.0,944.0,459.0,485.0
480291817032,2278.0,851.0,1427.0,1392.0,637.0,755.0,886.0,214.0,672.0
480291803003,1572.0,876.0,696.0,889.0,495.0,394.0,683.0,381.0,302.0
480291803001,1052.0,552.0,500.0,628.0,342.0,286.0,424.0,210.0,214.0
480291803002,1436.0,702.0,734.0,964.0,422.0,542.0,472.0,280.0,192.0
480291817161,3389.0,1924.0,1465.0,2488.0,1435.0,1053.0,901.0,489.0,412.0
480291910034,921.0,447.0,474.0,562.0,276.0,286.0,359.0,171.0,188.0
480291910035,822.0,375.0,447.0,459.0,220.0,239.0,363.0,155.0,208.0
480291910033,1266.0,624.0,642.0,741.0,375.0,366.0,525.0,249.0,276.0
480291910031,1503.0,748.0,755.0,746.0,414.0,332.0,757.0,334.0,423.0
480291910032,4336.0,2266.0,2070.0,3171.0,1778.0,1393.0,1165.0,488.0,677.0
480291214041,1910.0,1016.0,894.0,1231.0,664.0,567.0,679.0,352.0,327.0
480291214042,1784.0,705.0,1079.0,1031.0,332.0,699.0,753.0,373.0,380.0
480291214043,1678.0,842.0,836.0,858.0,393.0,465.0,820.0,449.0,371.0
480291313001,1499.0,862.0,637.0,771.0,459.0,312.0,728.0,403.0,325.0
480291313004,754.0,228.0,526.0,386.0,147.0,239.0,368.0,81.0,287.0
480291316061,2714.0,1469.0,1245.0,1487.0,726.0,761.0,1227.0,743.0,484.0
480291103003,371.0,201.0,170.0,226.0,137.0,89.0,145.0,64.0,81.0
480291103002,1084.0,595.0,489.0,720.0,382.0,338.0,364.0,213.0,151.0
480291201001,5289.0,2784.0,2505.0,3172.0,1612.0,1560.0,2117.0,1172.0,945.0
480291206002,916.0,505.0,411.0,569.0,328.0,241.0,347.0,177.0,170.0
480291206003,669.0,360.0,309.0,501.0,276.0,225.0,168.0,84.0,84.0
480291206006,459.0,207.0,252.0,270.0,160.0,110.0,189.0,47.0,142.0
480291206005,956.0,619.0,337.0,632.0,413.0,219.0,324.0,206.0,118.0
480291517003,1533.0,511.0,1022.0,1025.0,328.0,697.0,508.0,183.0,325.0
480291517002,1594.0,746.0,848.0,1027.0,531.0,496.0,567.0,215.0,352.0
480291517001,2048.0,1006.0,1042.0,1111.0,575.0,536.0,937.0,431.0,506.0
480291607013,945.0,521.0,424.0,580.0,300.0,280.0,365.0,221.0,144.0
480291306001,877.0,509.0,368.0,433.0,210.0,223.0,444.0,299.0,145.0
480291306003,994.0,595.0,399.0,744.0,455.0,289.0,250.0,140.0,110.0
480291306002,859.0,355.0,504.0,456.0,162.0,294.0,403.0,193.0,210.0
480291402003,788.0,469.0,319.0,423.0,239.0,184.0,365.0,230.0,135.0
480291402002,729.0,352.0,377.0,505.0,280.0,225.0,224.0,72.0,152.0
480291402001,618.0,280.0,338.0,446.0,186.0,260.0,172.0,94.0,78.0
480291402004,816.0,461.0,355.0,552.0,311.0,241.0,264.0,150.0,114.0
480291309001,2490.0,1021.0,1469.0,1495.0,624.0,871.0,995.0,397.0,598.0
480291717004,2449.0,1051.0,1398.0,1487.0,713.0,774.0,962.0,338.0,624.0
480291719035,1692.0,844.0,848.0,1114.0,580.0,534.0,578.0,264.0,314.0
480291717006,1356.0,669.0,687.0,624.0,313.0,311.0,732.0,356.0,376.0
480291719032,929.0,501.0,428.0,507.0,239.0,268.0,422.0,262.0,160.0
480291719034,1120.0,375.0,745.0,533.0,185.0,348.0,587.0,190.0,397.0
480291509002,802.0,294.0,508.0,492.0,217.0,275.0,310.0,77.0,233.0
480291509001,1520.0,663.0,857.0,936.0,392.0,544.0,584.0,271.0,313.0
480291509005,1767.0,962.0,805.0,990.0,497.0,493.0,777.0,465.0,312.0
480291705003,1099.0,422.0,677.0,597.0,276.0,321.0,502.0,146.0,356.0
480291705004,1055.0,622.0,433.0,585.0,335.0,250.0,470.0,287.0,183.0
480291705002,1267.0,642.0,625.0,1048.0,525.0,523.0,219.0,117.0,102.0
480291805042,3025.0,1465.0,1560.0,1689.0,871.0,818.0,1336.0,594.0,742.0
480291205025,1036.0,501.0,535.0,563.0,194.0,369.0,473.0,307.0,166.0
480291205023,419.0,205.0,214.0,293.0,138.0,155.0,126.0,67.0,59.0
480291205026,991.0,498.0,493.0,537.0,227.0,310.0,454.0,271.0,183.0
480291205024,875.0,479.0,396.0,577.0,283.0,294.0,298.0,196.0,102.0
480291207012,1380.0,521.0,859.0,883.0,320.0,563.0,497.0,201.0,296.0
480291207011,1072.0,396.0,676.0,631.0,274.0,357.0,441.0,122.0,319.0
480291302002,700.0,310.0,390.0,467.0,217.0,250.0,233.0,93.0,140.0
480291410003,1694.0,776.0,918.0,923.0,416.0,507.0,771.0,360.0,411.0
480291410002,1264.0,678.0,586.0,968.0,517.0,451.0,296.0,161.0,135.0
480291516001,2161.0,1410.0,751.0,1527.0,1129.0,398.0,634.0,281.0,353.0
480291516004,1546.0,702.0,844.0,854.0,331.0,523.0,692.0,371.0,321.0
480291516002,918.0,513.0,405.0,578.0,356.0,222.0,340.0,157.0,183.0
480291817051,1885.0,758.0,1127.0,1166.0,560.0,606.0,719.0,198.0,521.0
480291817052,1706.0,825.0,881.0,1050.0,517.0,533.0,656.0,308.0,348.0
480291512002,2974.0,1394.0,1580.0,1800.0,944.0,856.0,1174.0,450.0,724.0
480291606001,1303.0,694.0,609.0,911.0,536.0,375.0,392.0,158.0,234.0
480291606003,2451.0,1011.0,1440.0,1181.0,526.0,655.0,1270.0,485.0,785.0
480291419003,1407.0,694.0,713.0,895.0,515.0,380.0,512.0,179.0,333.0
480291419002,1662.0,835.0,827.0,1136.0,671.0,465.0,526.0,164.0,362.0
480291515003,1134.0,631.0,503.0,757.0,380.0,377.0,377.0,251.0,126.0
480291515002,981.0,535.0,446.0,621.0,342.0,279.0,360.0,193.0,167.0
480291603003,666.0,281.0,385.0,361.0,148.0,213.0,305.0,133.0,172.0
480291603002,1044.0,462.0,582.0,673.0,339.0,334.0,371.0,123.0,248.0
480291603005,1600.0,790.0,810.0,1020.0,512.0,508.0,580.0,278.0,302.0
480291612001,730.0,380.0,350.0,527.0,308.0,219.0,203.0,72.0,131.0
480291612002,2198.0,1016.0,1182.0,1185.0,468.0,717.0,1013.0,548.0,465.0
480291804003,754.0,397.0,357.0,425.0,236.0,189.0,329.0,161.0,168.0
480291804001,1929.0,1013.0,916.0,1170.0,619.0,551.0,759.0,394.0,365.0
480291807012,2671.0,1277.0,1394.0,2056.0,1002.0,1054.0,615.0,275.0,340.0
480291811004,923.0,565.0,358.0,559.0,329.0,230.0,364.0,236.0,128.0
480291811002,924.0,435.0,489.0,564.0,254.0,310.0,360.0,181.0,179.0
480291811003,2829.0,1209.0,1620.0,1399.0,637.0,762.0,1430.0,572.0,858.0
480291909015,1284.0,783.0,501.0,887.0,550.0,337.0,397.0,233.0,164.0
480291909013,367.0,136.0,231.0,247.0,72.0,175.0,120.0,64.0,56.0
480291809014,1188.0,728.0,460.0,750.0,422.0,328.0,438.0,306.0,132.0
480291813031,1960.0,1018.0,942.0,1254.0,653.0,601.0,706.0,365.0,341.0
480291815041,2049.0,793.0,1256.0,1110.0,437.0,673.0,939.0,356.0,583.0
480291815042,2632.0,1306.0,1326.0,2128.0,1119.0,1009.0,504.0,187.0,317.0
480291816012,2351.0,1173.0,1178.0,1455.0,763.0,692.0,896.0,410.0,486.0
480291906011,1737.0,868.0,869.0,1240.0,600.0,640.0,497.0,268.0,229.0
480291818091,1330.0,759.0,571.0,834.0,436.0,398.0,496.0,323.0,173.0
480291818092,2281.0,1167.0,1114.0,1330.0,758.0,572.0,951.0,409.0,542.0
480291818094,1432.0,579.0,853.0,914.0,430.0,484.0,518.0,149.0,369.0
480291906013,973.0,549.0,424.0,700.0,404.0,296.0,273.0,145.0,128.0
480291910041,1656.0,679.0,977.0,1002.0,385.0,617.0,654.0,294.0,360.0
480291910043,849.0,465.0,384.0,525.0,283.0,242.0,324.0,182.0,142.0
480291813022,2394.0,1231.0,1163.0,1660.0,809.0,851.0,734.0,422.0,312.0
480291212063,786.0,357.0,429.0,453.0,210.0,243.0,333.0,147.0,186.0
480291212061,1294.0,809.0,485.0,699.0,380.0,319.0,595.0,429.0,166.0
480291212065,2299.0,1107.0,1192.0,1386.0,594.0,792.0,913.0,513.0,400.0
480291212062,1193.0,583.0,610.0,699.0,380.0,319.0,494.0,203.0,291.0
480291214022,1233.0,632.0,601.0,841.0,424.0,417.0,392.0,208.0,184.0
480291214021,6269.0,3152.0,3117.0,3860.0,2022.0,1838.0,2409.0,1130.0,1279.0
480291218031,1622.0,822.0,800.0,954.0,474.0,480.0,668.0,348.0,320.0
480291218032,698.0,334.0,364.0,416.0,190.0,226.0,282.0,144.0,138.0
480291218033,2202.0,972.0,1230.0,1282.0,517.0,765.0,920.0,455.0,465.0
480291218041,2224.0,1124.0,1100.0,1456.0,684.0,772.0,768.0,440.0,328.0
480291218042,3031.0,1483.0,1548.0,1841.0,973.0,868.0,1190.0,510.0,680.0
480291218043,1854.0,938.0,916.0,1039.0,532.0,507.0,815.0,406.0,409.0
480291308001,3064.0,1365.0,1699.0,1768.0,588.0,1180.0,1296.0,777.0,519.0
480291308004,1543.0,811.0,732.0,861.0,481.0,380.0,682.0,330.0,352.0
480291308002,795.0,337.0,458.0,492.0,179.0,313.0,303.0,158.0,145.0
480291308003,509.0,240.0,269.0,370.0,179.0,191.0,139.0,61.0,78.0
480291311003,902.0,469.0,433.0,565.0,268.0,297.0,337.0,201.0,136.0
480291311002,929.0,456.0,473.0,585.0,271.0,314.0,344.0,185.0,159.0
480291602002,1009.0,398.0,611.0,565.0,247.0,318.0,444.0,151.0,293.0
480291817134,1793.0,932.0,861.0,1205.0,640.0,565.0,588.0,292.0,296.0
480291817132,1858.0,968.0,890.0,1094.0,611.0,483.0,764.0,357.0,407.0
480291817133,1878.0,1002.0,876.0,1172.0,672.0,500.0,706.0,330.0,376.0
480291815054,1399.0,617.0,782.0,793.0,309.0,484.0,606.0,308.0,298.0
480291815053,1067.0,564.0,503.0,712.0,363.0,349.0,355.0,201.0,154.0
480291815051,849.0,378.0,471.0,504.0,261.0,243.0,345.0,117.0,228.0
480291817042,1476.0,648.0,828.0,829.0,355.0,474.0,647.0,293.0,354.0
480291817044,997.0,373.0,624.0,675.0,242.0,433.0,322.0,131.0,191.0
480291817111,3392.0,1587.0,1805.0,1866.0,953.0,913.0,1526.0,634.0,892.0
480291907002,701.0,470.0,231.0,556.0,382.0,174.0,145.0,88.0,57.0
480291907003,1389.0,724.0,665.0,796.0,445.0,351.0,593.0,279.0,314.0
480291607011,1538.0,715.0,823.0,935.0,497.0,438.0,603.0,218.0,385.0
480291607012,1319.0,519.0,800.0,720.0,278.0,442.0,599.0,241.0,358.0
480291718011,1244.0,624.0,620.0,804.0,443.0,361.0,440.0,181.0,259.0
480291718013,1351.0,720.0,631.0,793.0,411.0,382.0,558.0,309.0,249.0
480291718014,1006.0,536.0,470.0,641.0,334.0,307.0,365.0,202.0,163.0
480291718012,2016.0,930.0,1086.0,1265.0,546.0,719.0,751.0,384.0,367.0
480291802013,2243.0,1348.0,895.0,1453.0,845.0,608.0,790.0,503.0,287.0
480291802012,842.0,409.0,433.0,519.0,260.0,259.0,323.0,149.0,174.0
480291802014,1261.0,722.0,539.0,855.0,518.0,337.0,406.0,204.0,202.0
480291802011,696.0,319.0,377.0,390.0,196.0,194.0,306.0,123.0,183.0
480291812001,589.0,258.0,331.0,261.0,127.0,134.0,328.0,131.0,197.0
480291812004,1495.0,924.0,571.0,999.0,658.0,341.0,496.0,266.0,230.0
480291812002,824.0,449.0,375.0,493.0,245.0,248.0,331.0,204.0,127.0
480291812005,1123.0,497.0,626.0,592.0,259.0,333.0,531.0,238.0,293.0
480291514004,918.0,550.0,368.0,553.0,329.0,224.0,365.0,221.0,144.0
480291511003,801.0,397.0,404.0,399.0,183.0,216.0,402.0,214.0,188.0
480291511001,1014.0,580.0,434.0,707.0,430.0,277.0,307.0,150.0,157.0
480291514001,963.0,546.0,417.0,736.0,428.0,308.0,227.0,118.0,109.0
480291514002,1548.0,854.0,694.0,891.0,463.0,428.0,657.0,391.0,266.0
480291905012,1594.0,794.0,800.0,1144.0,554.0,590.0,450.0,240.0,210.0
480291905013,1046.0,477.0,569.0,458.0,236.0,222.0,588.0,241.0,347.0
480291905011,961.0,534.0,427.0,545.0,262.0,283.0,416.0,272.0,144.0
480291908001,842.0,403.0,439.0,524.0,270.0,254.0,318.0,133.0,185.0
480291908002,1157.0,575.0,582.0,626.0,331.0,295.0,531.0,244.0,287.0
480291909011,1291.0,544.0,747.0,682.0,330.0,352.0,609.0,214.0,395.0
480291909012,2428.0,1031.0,1397.0,1522.0,709.0,813.0,906.0,322.0,584.0
480291909021,1765.0,843.0,922.0,1208.0,542.0,666.0,557.0,301.0,256.0
480291909023,678.0,408.0,270.0,460.0,320.0,140.0,218.0,88.0,130.0
480291810012,1826.0,784.0,1042.0,1207.0,498.0,709.0,619.0,286.0,333.0
480291810042,3009.0,1707.0,1302.0,2350.0,1254.0,1096.0,659.0,453.0,206.0
480291810041,2299.0,1005.0,1294.0,1653.0,793.0,860.0,646.0,212.0,434.0
480291901004,1072.0,578.0,494.0,760.0,439.0,321.0,312.0,139.0,173.0
480291901003,1050.0,481.0,569.0,661.0,259.0,402.0,389.0,222.0,167.0
480291901002,940.0,496.0,444.0,655.0,336.0,319.0,285.0,160.0,125.0
480291719021,2151.0,1080.0,1071.0,1605.0,736.0,869.0,546.0,344.0,202.0
480291311001,621.0,246.0,375.0,290.0,119.0,171.0,331.0,127.0,204.0
480291203008,672.0,369.0,303.0,402.0,226.0,176.0,270.0,143.0,127.0
480291203007,698.0,348.0,350.0,316.0,131.0,185.0,382.0,217.0,165.0
480291501001,1441.0,889.0,552.0,1156.0,739.0,417.0,285.0,150.0,135.0
480291501004,1334.0,661.0,673.0,878.0,439.0,439.0,456.0,222.0,234.0
480291506004,1285.0,667.0,618.0,640.0,299.0,341.0,645.0,368.0,277.0
480291506003,933.0,453.0,480.0,641.0,316.0,325.0,292.0,137.0,155.0
480291511007,1708.0,1147.0,561.0,909.0,584.0,325.0,799.0,563.0,236.0
480291511005,1038.0,547.0,491.0,326.0,201.0,125.0,712.0,346.0,366.0
480291511004,1351.0,589.0,762.0,927.0,446.0,481.0,424.0,143.0,281.0
480291918042,2781.0,1370.0,1411.0,1763.0,849.0,914.0,1018.0,521.0,497.0
480291918041,1900.0,1032.0,868.0,1098.0,558.0,540.0,802.0,474.0,328.0
480291210004,1085.0,506.0,579.0,700.0,377.0,323.0,385.0,129.0,256.0
480291210003,2843.0,1181.0,1662.0,1701.0,745.0,956.0,1142.0,436.0,706.0
480291210005,1463.0,710.0,753.0,744.0,319.0,425.0,719.0,391.0,328.0
480291210006,1466.0,775.0,691.0,991.0,589.0,402.0,475.0,186.0,289.0
480291211102,1436.0,627.0,809.0,982.0,440.0,542.0,454.0,187.0,267.0
480291215062,1002.0,608.0,394.0,660.0,417.0,243.0,342.0,191.0,151.0
480291215061,1139.0,526.0,613.0,568.0,263.0,305.0,571.0,263.0,308.0
480291305001,661.0,352.0,309.0,367.0,177.0,190.0,294.0,175.0,119.0
480291305003,2199.0,981.0,1218.0,1347.0,633.0,714.0,852.0,348.0,504.0
480291305002,855.0,482.0,373.0,529.0,286.0,243.0,326.0,196.0,130.0
480291305004,1097.0,515.0,582.0,596.0,231.0,365.0,501.0,284.0,217.0
480291904003,776.0,403.0,373.0,452.0,272.0,180.0,324.0,131.0,193.0
480291211081,1246.0,502.0,744.0,717.0,261.0,456.0,529.0,241.0,288.0
480291211083,1999.0,1011.0,988.0,1551.0,777.0,774.0,448.0,234.0,214.0
480291211084,1016.0,583.0,433.0,633.0,365.0,268.0,383.0,218.0,165.0
480291207015,1203.0,584.0,619.0,823.0,408.0,415.0,380.0,176.0,204.0
480291215042,637.0,342.0,295.0,324.0,145.0,179.0,313.0,197.0,116.0
480291215041,1272.0,623.0,649.0,769.0,352.0,417.0,503.0,271.0,232.0
480291503001,1069.0,513.0,556.0,533.0,269.0,264.0,536.0,244.0,292.0
480291503004,1689.0,982.0,707.0,1109.0,614.0,495.0,580.0,368.0,212.0
480291503003,851.0,364.0,487.0,570.0,230.0,340.0,281.0,134.0,147.0
480291602003,1016.0,511.0,505.0,636.0,318.0,318.0,380.0,193.0,187.0
480291508002,627.0,224.0,403.0,489.0,149.0,340.0,138.0,75.0,63.0
480291508003,937.0,589.0,348.0,384.0,143.0,241.0,553.0,446.0,107.0
480291712003,1488.0,584.0,904.0,841.0,408.0,433.0,647.0,176.0,471.0
480291418001,1163.0,630.0,533.0,622.0,319.0,303.0,541.0,311.0,230.0
480291418002,581.0,263.0,318.0,365.0,163.0,202.0,216.0,100.0,116.0
480291512005,4140.0,2213.0,1927.0,2729.0,1418.0,1311.0,1411.0,795.0,616.0
480291512003,1008.0,517.0,491.0,322.0,166.0,156.0,686.0,351.0,335.0
480291512001,1183.0,626.0,557.0,813.0,382.0,431.0,370.0,244.0,126.0
480291107001,1114.0,646.0,468.0,537.0,323.0,214.0,577.0,323.0,254.0
480291904001,535.0,276.0,259.0,390.0,185.0,205.0,145.0,91.0,54.0
480291719121,5161.0,2322.0,2839.0,3443.0,1621.0,1822.0,1718.0,701.0,1017.0
480291817122,1582.0,812.0,770.0,833.0,495.0,338.0,749.0,317.0,432.0
480291816023,1475.0,737.0,738.0,810.0,390.0,420.0,665.0,347.0,318.0
480291816021,811.0,426.0,385.0,507.0,302.0,205.0,304.0,124.0,180.0
480291818081,1625.0,730.0,895.0,897.0,425.0,472.0,728.0,305.0,423.0
480291821021,1726.0,1077.0,649.0,949.0,568.0,381.0,777.0,509.0,268.0
480291911011,847.0,403.0,444.0,527.0,224.0,303.0,320.0,179.0,141.0
480291911012,964.0,492.0,472.0,572.0,272.0,300.0,392.0,220.0,172.0
480291219082,1911.0,871.0,1040.0,1168.0,538.0,630.0,743.0,333.0,410.0
480291219091,3337.0,1736.0,1601.0,2468.0,1281.0,1187.0,869.0,455.0,414.0
480291219092,4615.0,2094.0,2521.0,2859.0,1322.0,1537.0,1756.0,772.0,984.0
480291219101,6037.0,3064.0,2973.0,3334.0,1639.0,1695.0,2703.0,1425.0,1278.0
480291219102,985.0,433.0,552.0,624.0,258.0,366.0,361.0,175.0,186.0
480291304011,916.0,577.0,339.0,591.0,375.0,216.0,325.0,202.0,123.0
480291304012,935.0,462.0,473.0,647.0,388.0,259.0,288.0,74.0,214.0
480291304013,1268.0,641.0,627.0,748.0,351.0,397.0,520.0,290.0,230.0
480291304014,850.0,479.0,371.0,542.0,315.0,227.0,308.0,164.0,144.0
480291304021,1142.0,523.0,619.0,513.0,261.0,252.0,629.0,262.0,367.0
480291304022,1737.0,781.0,956.0,738.0,295.0,443.0,999.0,486.0,513.0
480291304023,1380.0,744.0,636.0,883.0,498.0,385.0,497.0,246.0,251.0
480291314011,6846.0,3503.0,3343.0,4028.0,2049.0,1979.0,2818.0,1454.0,1364.0
480291314012,3746.0,1755.0,1991.0,2325.0,1092.0,1233.0,1421.0,663.0,758.0
480291314021,619.0,291.0,328.0,398.0,198.0,200.0,221.0,93.0,128.0
480291719182,992.0,486.0,506.0,775.0,317.0,458.0,217.0,169.0,48.0
480291719184,1784.0,840.0,944.0,1248.0,646.0,602.0,536.0,194.0,342.0
480291719191,5017.0,2527.0,2490.0,2817.0,1336.0,1481.0,2200.0,1191.0,1009.0
480291719202,5287.0,2372.0,2915.0,3461.0,1544.0,1917.0,1826.0,828.0,998.0
480291719211,2752.0,1361.0,1391.0,1703.0,825.0,878.0,1049.0,536.0,513.0
480291719213,1124.0,506.0,618.0,756.0,327.0,429.0,368.0,179.0,189.0
480291719221,3809.0,1788.0,2021.0,2347.0,1143.0,1204.0,1462.0,645.0,817.0
480291719232,1495.0,645.0,850.0,991.0,391.0,600.0,504.0,254.0,250.0
480291719233,2447.0,1144.0,1303.0,1894.0,926.0,968.0,553.0,218.0,335.0
480291719241,4965.0,2547.0,2418.0,3636.0,1696.0,1940.0,1329.0,851.0,478.0
480291720022,6552.0,3288.0,3264.0,3990.0,1752.0,2238.0,2562.0,1536.0,1026.0
480291719242,2169.0,941.0,1228.0,1457.0,658.0,799.0,712.0,283.0,429.0
480291719252,2012.0,927.0,1085.0,1496.0,756.0,740.0,516.0,171.0,345.0
480291719254,3135.0,1596.0,1539.0,1900.0,924.0,976.0,1235.0,672.0,563.0
480291720031,3411.0,1573.0,1838.0,2085.0,932.0,1153.0,1326.0,641.0,685.0
480291720032,2957.0,1398.0,1559.0,1795.0,777.0,1018.0,1162.0,621.0,541.0
480291720051,4741.0,2068.0,2673.0,2750.0,1242.0,1508.0,1991.0,826.0,1165.0
480291720052,7164.0,3627.0,3537.0,4293.0,2168.0,2125.0,2871.0,1459.0,1412.0
480291720062,2249.0,1031.0,1218.0,1233.0,570.0,663.0,1016.0,461.0,555.0
480291720063,1958.0,897.0,1061.0,1355.0,524.0,831.0,603.0,373.0,230.0
480291720072,2368.0,1254.0,1114.0,1250.0,665.0,585.0,1118.0,589.0,529.0
480291720073,4807.0,2426.0,2381.0,3067.0,1339.0,1728.0,1740.0,1087.0,653.0
480291801012,1355.0,598.0,757.0,889.0,304.0,585.0,466.0,294.0,172.0
480291315031,991.0,526.0,465.0,590.0,302.0,288.0,401.0,224.0,177.0
480291315032,853.0,348.0,505.0,494.0,232.0,262.0,359.0,116.0,243.0
480291315041,1392.0,516.0,876.0,614.0,225.0,389.0,778.0,291.0,487.0
480291315042,1206.0,524.0,682.0,718.0,274.0,444.0,488.0,250.0,238.0
480291315051,2445.0,1256.0,1189.0,1398.0,616.0,782.0,1047.0,640.0,407.0
480291315052,2812.0,1246.0,1566.0,1855.0,772.0,1083.0,957.0,474.0,483.0
480291315062,2567.0,1230.0,1337.0,1568.0,785.0,783.0,999.0,445.0,554.0
480291316081,2611.0,1235.0,1376.0,1336.0,649.0,687.0,1275.0,586.0,689.0
480291315071,3141.0,1683.0,1458.0,1847.0,939.0,908.0,1294.0,744.0,550.0
480291315073,2526.0,1197.0,1329.0,1482.0,676.0,806.0,1044.0,521.0,523.0
480291316012,3484.0,1524.0,1960.0,2137.0,957.0,1180.0,1347.0,567.0,780.0
480291316082,3350.0,1603.0,1747.0,2113.0,995.0,1118.0,1237.0,608.0,629.0
480291316092,1956.0,875.0,1081.0,1308.0,628.0,680.0,648.0,247.0,401.0
480291316093,3026.0,1307.0,1719.0,1867.0,934.0,933.0,1159.0,373.0,786.0
480291316102,2402.0,1062.0,1340.0,1465.0,594.0,871.0,937.0,468.0,469.0
480291316111,1050.0,526.0,524.0,624.0,323.0,301.0,426.0,203.0,223.0
480291316131,1544.0,682.0,862.0,897.0,372.0,525.0,647.0,310.0,337.0
480291316132,2856.0,1425.0,1431.0,1832.0,920.0,912.0,1024.0,505.0,519.0
480291316142,439.0,219.0,220.0,289.0,153.0,136.0,150.0,66.0,84.0
480291316151,2947.0,1235.0,1712.0,2285.0,996.0,1289.0,662.0,239.0,423.0
480291316153,1679.0,777.0,902.0,1184.0,668.0,516.0,495.0,109.0,386.0
480291316154,1445.0,581.0,864.0,898.0,364.0,534.0,547.0,217.0,330.0
480291318012,678.0,354.0,324.0,433.0,214.0,219.0,245.0,140.0,105.0
480291318021,1974.0,994.0,980.0,1272.0,642.0,630.0,702.0,352.0,350.0
480291318023,2007.0,927.0,1080.0,1285.0,623.0,662.0,722.0,304.0,418.0
480291411011,1355.0,751.0,604.0,810.0,517.0,293.0,545.0,234.0,311.0
480291411013,1489.0,693.0,796.0,806.0,383.0,423.0,683.0,310.0,373.0
480291411021,1164.0,612.0,552.0,589.0,325.0,264.0,575.0,287.0,288.0
480291411023,1652.0,751.0,901.0,1080.0,482.0,598.0,572.0,269.0,303.0
480291414022,1790.0,955.0,835.0,1197.0,608.0,589.0,593.0,347.0,246.0
480291414032,2675.0,1412.0,1263.0,1764.0,919.0,845.0,911.0,493.0,418.0
480291414041,2552.0,1262.0,1290.0,1597.0,832.0,765.0,955.0,430.0,525.0
480291414043,1017.0,401.0,616.0,655.0,292.0,363.0,362.0,109.0,253.0
480291416002,2075.0,1058.0,1017.0,1290.0,623.0,667.0,785.0,435.0,350.0
480291513011,823.0,406.0,417.0,585.0,289.0,296.0,238.0,117.0,121.0
480291513012,1037.0,476.0,561.0,475.0,246.0,229.0,562.0,230.0,332.0
480291513013,1290.0,622.0,668.0,767.0,347.0,420.0,523.0,275.0,248.0
480291513014,2489.0,1172.0,1317.0,1670.0,884.0,786.0,819.0,288.0,531.0
480291513021,1841.0,858.0,983.0,1022.0,523.0,499.0,819.0,335.0,484.0
480291513022,1782.0,963.0,819.0,1042.0,552.0,490.0,740.0,411.0,329.0
480291521003,828.0,457.0,371.0,529.0,321.0,208.0,299.0,136.0,163.0
480291521004,1884.0,1078.0,806.0,1406.0,759.0,647.0,478.0,319.0,159.0
480291522011,3337.0,1779.0,1558.0,1955.0,1009.0,946.0,1382.0,770.0,612.0
480291522012,2670.0,1241.0,1429.0,1379.0,646.0,733.0,1291.0,595.0,696.0
480291522013,1588.0,833.0,755.0,1022.0,525.0,497.0,566.0,308.0,258.0
480291522021,3714.0,1944.0,1770.0,2300.0,1215.0,1085.0,1414.0,729.0,685.0
480291605011,2416.0,1180.0,1236.0,1149.0,524.0,625.0,1267.0,656.0,611.0
480291605012,1022.0,572.0,450.0,553.0,336.0,217.0,469.0,236.0,233.0
480291605021,566.0,294.0,272.0,263.0,116.0,147.0,303.0,178.0,125.0
480291609013,1212.0,669.0,543.0,728.0,396.0,332.0,484.0,273.0,211.0
480291605022,1148.0,503.0,645.0,565.0,214.0,351.0,583.0,289.0,294.0
480291605024,1596.0,871.0,725.0,800.0,437.0,363.0,796.0,434.0,362.0
480291609011,881.0,387.0,494.0,557.0,255.0,302.0,324.0,132.0,192.0
480291609021,2152.0,1028.0,1124.0,1375.0,647.0,728.0,777.0,381.0,396.0
480291609023,1485.0,707.0,778.0,823.0,332.0,491.0,662.0,375.0,287.0
480291613022,1970.0,871.0,1099.0,1211.0,557.0,654.0,759.0,314.0,445.0
480291613032,2472.0,1187.0,1285.0,1350.0,496.0,854.0,1122.0,691.0,431.0
480291613041,2087.0,1118.0,969.0,1132.0,576.0,556.0,955.0,542.0,413.0
480291614001,6454.0,4275.0,2179.0,5517.0,3888.0,1629.0,937.0,387.0,550.0
480291615031,2277.0,1061.0,1216.0,1460.0,598.0,862.0,817.0,463.0,354.0
480291615033,1273.0,598.0,675.0,668.0,244.0,424.0,605.0,354.0,251.0
480291615041,1681.0,895.0,786.0,1007.0,582.0,425.0,674.0,313.0,361.0
480291618011,3455.0,1872.0,1583.0,2195.0,1122.0,1073.0,1260.0,750.0,510.0
480291618012,1003.0,569.0,434.0,450.0,225.0,225.0,553.0,344.0,209.0
480291618022,3950.0,1869.0,2081.0,2049.0,1063.0,986.0,1901.0,806.0,1095.0
480291619011,1109.0,602.0,507.0,633.0,341.0,292.0,476.0,261.0,215.0
480291619022,3580.0,1765.0,1815.0,1959.0,1003.0,956.0,1621.0,762.0,859.0
480291619023,5411.0,4010.0,1401.0,4205.0,3267.0,938.0,1206.0,743.0,463.0
480291620032,1546.0,750.0,796.0,940.0,486.0,454.0,606.0,264.0,342.0
480291620033,1372.0,644.0,728.0,784.0,411.0,373.0,588.0,233.0,355.0
480291620042,2372.0,1255.0,1117.0,1360.0,658.0,702.0,1012.0,597.0,415.0
480291713011,837.0,405.0,432.0,536.0,280.0,256.0,301.0,125.0,176.0
480291713021,2212.0,1023.0,1189.0,1857.0,830.0,1027.0,355.0,193.0,162.0
480291713022,804.0,312.0,492.0,460.0,222.0,238.0,344.0,90.0,254.0
480291716011,2128.0,1153.0,975.0,1109.0,492.0,617.0,1019.0,661.0,358.0
480291716013,1210.0,552.0,658.0,680.0,332.0,348.0,530.0,220.0,310.0
480291716021,2658.0,1207.0,1451.0,1459.0,735.0,724.0,1199.0,472.0,727.0
480291719022,4637.0,2180.0,2457.0,3308.0,1606.0,1702.0,1329.0,574.0,755.0
480291719023,7876.0,3580.0,4296.0,4842.0,2216.0,2626.0,3034.0,1364.0,1670.0
480291719131,4746.0,2499.0,2247.0,2802.0,1428.0,1374.0,1944.0,1071.0,873.0
480291719132,1657.0,783.0,874.0,1063.0,443.0,620.0,594.0,340.0,254.0
480291719142,2047.0,912.0,1135.0,1373.0,611.0,762.0,674.0,301.0,373.0
480291719143,2031.0,1027.0,1004.0,1408.0,687.0,721.0,623.0,340.0,283.0
480291719161,3625.0,1633.0,1992.0,2284.0,1051.0,1233.0,1341.0,582.0,759.0
480291719162,1869.0,818.0,1051.0,1078.0,582.0,496.0,791.0,236.0,555.0
480291719171,4034.0,2000.0,2034.0,2616.0,1214.0,1402.0,1418.0,786.0,632.0
480291719172,5515.0,2828.0,2687.0,3240.0,1653.0,1587.0,2275.0,1175.0,1100.0
480291215053,2063.0,987.0,1076.0,1353.0,618.0,735.0,710.0,369.0,341.0
480291216051,1353.0,614.0,739.0,775.0,414.0,361.0,578.0,200.0,378.0
480291216052,680.0,307.0,373.0,426.0,212.0,214.0,254.0,95.0,159.0
480291216062,2633.0,1351.0,1282.0,1940.0,983.0,957.0,693.0,368.0,325.0
480291216063,1034.0,503.0,531.0,615.0,313.0,302.0,419.0,190.0,229.0
480291217011,1508.0,686.0,822.0,831.0,386.0,445.0,677.0,300.0,377.0
480291217012,811.0,376.0,435.0,415.0,202.0,213.0,396.0,174.0,222.0
480291217014,1221.0,561.0,660.0,778.0,416.0,362.0,443.0,145.0,298.0
480291217021,3477.0,1711.0,1766.0,2010.0,884.0,1126.0,1467.0,827.0,640.0
480291217023,2855.0,1378.0,1477.0,1689.0,791.0,898.0,1166.0,587.0,579.0
480291218081,727.0,355.0,372.0,429.0,216.0,213.0,298.0,139.0,159.0
480291218091,1041.0,519.0,522.0,682.0,317.0,365.0,359.0,202.0,157.0
480291218092,2298.0,1157.0,1141.0,1310.0,649.0,661.0,988.0,508.0,480.0
480291218101,3426.0,1498.0,1928.0,2030.0,921.0,1109.0,1396.0,577.0,819.0
480291218102,1430.0,626.0,804.0,900.0,420.0,480.0,530.0,206.0,324.0
480291218112,1108.0,448.0,660.0,719.0,296.0,423.0,389.0,152.0,237.0
480291218121,4193.0,2013.0,2180.0,2625.0,1265.0,1360.0,1568.0,748.0,820.0
480291219032,3367.0,1651.0,1716.0,2036.0,1044.0,992.0,1331.0,607.0,724.0
480291218123,595.0,299.0,296.0,394.0,185.0,209.0,201.0,114.0,87.0
480291218124,628.0,239.0,389.0,289.0,111.0,178.0,339.0,128.0,211.0
480291219031,2382.0,1111.0,1271.0,1536.0,733.0,803.0,846.0,378.0,468.0
480291219042,2193.0,1088.0,1105.0,1401.0,714.0,687.0,792.0,374.0,418.0
480291219051,1936.0,970.0,966.0,1319.0,745.0,574.0,617.0,225.0,392.0
480291219061,2893.0,1453.0,1440.0,2095.0,1055.0,1040.0,798.0,398.0,400.0
480291219062,2564.0,1360.0,1204.0,1793.0,974.0,819.0,771.0,386.0,385.0
480291219072,10997.0,5597.0,5400.0,6566.0,3667.0,2899.0,4431.0,1930.0,2501.0
480291219081,1823.0,940.0,883.0,1094.0,548.0,546.0,729.0,392.0,337.0
480291209024,1628.0,676.0,952.0,1184.0,482.0,702.0,444.0,194.0,250.0
480291211103,1561.0,835.0,726.0,994.0,510.0,484.0,567.0,325.0,242.0
480291211183,1898.0,1048.0,850.0,1111.0,595.0,516.0,787.0,453.0,334.0
480291211192,3549.0,1704.0,1845.0,2386.0,1153.0,1233.0,1163.0,551.0,612.0
480291211193,1960.0,1060.0,900.0,1215.0,652.0,563.0,745.0,408.0,337.0
480291211202,2199.0,1134.0,1065.0,1437.0,686.0,751.0,762.0,448.0,314.0
480291211211,1734.0,868.0,866.0,1085.0,591.0,494.0,649.0,277.0,372.0
480291211212,1159.0,545.0,614.0,753.0,294.0,459.0,406.0,251.0,155.0
480291211221,1756.0,908.0,848.0,984.0,466.0,518.0,772.0,442.0,330.0
480291211222,1578.0,757.0,821.0,1033.0,512.0,521.0,545.0,245.0,300.0
480291211223,2411.0,1099.0,1312.0,1552.0,717.0,835.0,859.0,382.0,477.0
480291215014,2281.0,1242.0,1039.0,1285.0,673.0,612.0,996.0,569.0,427.0
480291713023,1046.0,544.0,502.0,672.0,375.0,297.0,374.0,169.0,205.0
480291713024,858.0,326.0,532.0,451.0,154.0,297.0,407.0,172.0,235.0
480291714012,2816.0,1429.0,1387.0,1747.0,866.0,881.0,1069.0,563.0,506.0
480291714021,2824.0,1193.0,1631.0,1514.0,626.0,888.0,1310.0,567.0,743.0
480291714023,2656.0,1402.0,1254.0,1551.0,775.0,776.0,1105.0,627.0,478.0
480291715011,1279.0,846.0,433.0,909.0,577.0,332.0,370.0,269.0,101.0
480291715021,1429.0,659.0,770.0,903.0,438.0,465.0,526.0,221.0,305.0
480291715022,840.0,485.0,355.0,549.0,387.0,162.0,291.0,98.0,193.0
480291715024,1366.0,660.0,706.0,887.0,452.0,435.0,479.0,208.0,271.0
480291914121,2412.0,1197.0,1215.0,1355.0,649.0,706.0,1057.0,548.0,509.0
480291914131,3024.0,1258.0,1766.0,1758.0,740.0,1018.0,1266.0,518.0,748.0
480291914132,3285.0,1523.0,1762.0,2086.0,1045.0,1041.0,1199.0,478.0,721.0
480291915031,2254.0,888.0,1366.0,1270.0,589.0,681.0,984.0,299.0,685.0
480291915032,1836.0,972.0,864.0,1193.0,548.0,645.0,643.0,424.0,219.0
480291915033,1156.0,549.0,607.0,525.0,280.0,245.0,631.0,269.0,362.0
480291915041,1169.0,566.0,603.0,589.0,272.0,317.0,580.0,294.0,286.0
480291915042,1385.0,694.0,691.0,789.0,338.0,451.0,596.0,356.0,240.0
480291915051,1006.0,467.0,539.0,539.0,252.0,287.0,467.0,215.0,252.0
480291915052,1270.0,590.0,680.0,525.0,257.0,268.0,745.0,333.0,412.0
480291915061,2115.0,1122.0,993.0,1234.0,724.0,510.0,881.0,398.0,483.0
480291915062,2914.0,1459.0,1455.0,1674.0,818.0,856.0,1240.0,641.0,599.0
480291915063,1497.0,699.0,798.0,937.0,413.0,524.0,560.0,286.0,274.0
480291917012,715.0,332.0,383.0,350.0,156.0,194.0,365.0,176.0,189.0
480291917021,3776.0,1927.0,1849.0,2335.0,1276.0,1059.0,1441.0,651.0,790.0
480291917023,991.0,437.0,554.0,695.0,298.0,397.0,296.0,139.0,157.0
480291917024,1205.0,673.0,532.0,413.0,197.0,216.0,792.0,476.0,316.0
480291918061,1135.0,614.0,521.0,715.0,423.0,292.0,420.0,191.0,229.0
480291918062,1521.0,721.0,800.0,846.0,418.0,428.0,675.0,303.0,372.0
480291918071,4018.0,2074.0,1944.0,2355.0,1218.0,1137.0,1663.0,856.0,807.0
480291918072,2503.0,1306.0,1197.0,1671.0,828.0,843.0,832.0,478.0,354.0
480291918082,1398.0,598.0,800.0,976.0,363.0,613.0,422.0,235.0,187.0
480291918091,5320.0,2583.0,2737.0,3019.0,1439.0,1580.0,2301.0,1144.0,1157.0
480291918101,2742.0,1341.0,1401.0,1658.0,833.0,825.0,1084.0,508.0,576.0
480291918102,2097.0,986.0,1111.0,1282.0,610.0,672.0,815.0,376.0,439.0
480291918121,2814.0,1424.0,1390.0,1661.0,866.0,795.0,1153.0,558.0,595.0
480291918122,1445.0,674.0,771.0,911.0,399.0,512.0,534.0,275.0,259.0
480291918132,2344.0,1169.0,1175.0,1449.0,669.0,780.0,895.0,500.0,395.0
480291821062,3882.0,1726.0,2156.0,2437.0,1065.0,1372.0,1445.0,661.0,784.0
480291905031,1255.0,722.0,533.0,883.0,530.0,353.0,372.0,192.0,180.0
480291905033,1792.0,819.0,973.0,1138.0,564.0,574.0,654.0,255.0,399.0
480291905041,1431.0,693.0,738.0,978.0,461.0,517.0,453.0,232.0,221.0
480291906031,1542.0,769.0,773.0,1139.0,579.0,560.0,403.0,190.0,213.0
480291906032,1588.0,803.0,785.0,1048.0,531.0,517.0,540.0,272.0,268.0
480291906042,1262.0,672.0,590.0,716.0,342.0,374.0,546.0,330.0,216.0
480291906043,1495.0,715.0,780.0,951.0,425.0,526.0,544.0,290.0,254.0
480291910052,1080.0,487.0,593.0,693.0,311.0,382.0,387.0,176.0,211.0
480291910061,1075.0,586.0,489.0,659.0,357.0,302.0,416.0,229.0,187.0
480291910063,1740.0,738.0,1002.0,1102.0,505.0,597.0,638.0,233.0,405.0
480291801014,630.0,339.0,291.0,423.0,177.0,246.0,207.0,162.0,45.0
480291801015,681.0,298.0,383.0,441.0,164.0,277.0,240.0,134.0,106.0
480291801021,842.0,453.0,389.0,479.0,301.0,178.0,363.0,152.0,211.0
480291806044,630.0,285.0,345.0,408.0,177.0,231.0,222.0,108.0,114.0
480291801022,1076.0,557.0,519.0,733.0,388.0,345.0,343.0,169.0,174.0
480291806041,2231.0,1202.0,1029.0,1399.0,777.0,622.0,832.0,425.0,407.0
480291806042,2080.0,858.0,1222.0,1343.0,603.0,740.0,737.0,255.0,482.0
480291806045,1021.0,614.0,407.0,483.0,310.0,173.0,538.0,304.0,234.0
480291810033,3993.0,2304.0,1689.0,3042.0,1871.0,1171.0,951.0,433.0,518.0
480291813032,2215.0,1103.0,1112.0,1350.0,647.0,703.0,865.0,456.0,409.0
480291814032,2683.0,1690.0,993.0,1961.0,1151.0,810.0,722.0,539.0,183.0
480291814033,1633.0,689.0,944.0,1070.0,534.0,536.0,563.0,155.0,408.0
480291814042,1525.0,685.0,840.0,1119.0,566.0,553.0,406.0,119.0,287.0
480291815032,4546.0,1913.0,2633.0,3220.0,1505.0,1715.0,1326.0,408.0,918.0
480291817112,2123.0,1120.0,1003.0,1626.0,847.0,779.0,497.0,273.0,224.0
480291817113,3456.0,1560.0,1896.0,1837.0,853.0,984.0,1619.0,707.0,912.0
480291817153,1696.0,496.0,1200.0,1216.0,313.0,903.0,480.0,183.0,297.0
480291817162,1791.0,979.0,812.0,1158.0,706.0,452.0,633.0,273.0,360.0
480291817163,2542.0,1271.0,1271.0,1840.0,995.0,845.0,702.0,276.0,426.0
480291817164,1101.0,427.0,674.0,874.0,339.0,535.0,227.0,88.0,139.0
480291817183,1783.0,732.0,1051.0,1143.0,465.0,678.0,640.0,267.0,373.0
480291817201,4338.0,2027.0,2311.0,2760.0,1275.0,1485.0,1578.0,752.0,826.0
480291817202,790.0,465.0,325.0,459.0,269.0,190.0,331.0,196.0,135.0
480291817211,2202.0,988.0,1214.0,1522.0,733.0,789.0,680.0,255.0,425.0
480291817212,1685.0,856.0,829.0,1115.0,583.0,532.0,570.0,273.0,297.0
480291817231,1833.0,920.0,913.0,1088.0,592.0,496.0,745.0,328.0,417.0
480291817221,1990.0,945.0,1045.0,1291.0,605.0,686.0,699.0,340.0,359.0
480291817222,1513.0,722.0,791.0,1041.0,396.0,645.0,472.0,326.0,146.0
480291817223,1642.0,756.0,886.0,965.0,492.0,473.0,677.0,264.0,413.0
480291817232,1035.0,512.0,523.0,676.0,289.0,387.0,359.0,223.0,136.0
480291817233,2371.0,1096.0,1275.0,1484.0,636.0,848.0,887.0,460.0,427.0
480291817241,3319.0,1710.0,1609.0,2015.0,1110.0,905.0,1304.0,600.0,704.0
480291817242,2514.0,1283.0,1231.0,1538.0,744.0,794.0,976.0,539.0,437.0
480291817251,2485.0,1079.0,1406.0,1505.0,780.0,725.0,980.0,299.0,681.0
480291817261,2719.0,1324.0,1395.0,1523.0,666.0,857.0,1196.0,658.0,538.0
480291817262,4038.0,1855.0,2183.0,2416.0,1061.0,1355.0,1622.0,794.0,828.0
480291817271,3469.0,1615.0,1854.0,2356.0,1080.0,1276.0,1113.0,535.0,578.0
480291817272,788.0,374.0,414.0,533.0,253.0,280.0,255.0,121.0,134.0
480291817282,5381.0,2490.0,2891.0,3027.0,1485.0,1542.0,2354.0,1005.0,1349.0
480291817291,9776.0,4531.0,5245.0,5751.0,2913.0,2838.0,4025.0,1618.0,2407.0
480291817302,2803.0,1273.0,1530.0,1625.0,755.0,870.0,1178.0,518.0,660.0
480291817311,1419.0,732.0,687.0,1063.0,529.0,534.0,356.0,203.0,153.0
480291817313,2369.0,1124.0,1245.0,1527.0,650.0,877.0,842.0,474.0,368.0
480291817314,1707.0,722.0,985.0,1135.0,461.0,674.0,572.0,261.0,311.0
480291818131,2386.0,1264.0,1122.0,1832.0,969.0,863.0,554.0,295.0,259.0
480291818133,2962.0,1156.0,1806.0,2003.0,839.0,1164.0,959.0,317.0,642.0
480291818141,3727.0,1961.0,1766.0,3103.0,1808.0,1295.0,624.0,153.0,471.0
480291818151,1241.0,537.0,704.0,684.0,324.0,360.0,557.0,213.0,344.0
480291818152,2085.0,1016.0,1069.0,1509.0,746.0,763.0,576.0,270.0,306.0
480291818162,3313.0,1666.0,1647.0,2139.0,1096.0,1043.0,1174.0,570.0,604.0
480291818171,2309.0,1240.0,1069.0,1513.0,800.0,713.0,796.0,440.0,356.0
480291818181,2390.0,1198.0,1192.0,1520.0,701.0,819.0,870.0,497.0,373.0
480291818182,1977.0,1067.0,910.0,1115.0,612.0,503.0,862.0,455.0,407.0
480291818191,821.0,460.0,361.0,678.0,431.0,247.0,143.0,29.0,114.0
480291818192,6321.0,3139.0,3182.0,4504.0,2220.0,2284.0,1817.0,919.0,898.0
480291818202,4833.0,2834.0,1999.0,4496.0,2623.0,1873.0,337.0,211.0,126.0
480291818211,1011.0,519.0,492.0,674.0,359.0,315.0,337.0,160.0,177.0
480291818221,1345.0,521.0,824.0,944.0,380.0,564.0,401.0,141.0,260.0
480291818222,1627.0,774.0,853.0,877.0,496.0,381.0,750.0,278.0,472.0
480291818231,3451.0,1670.0,1781.0,2849.0,1286.0,1563.0,602.0,384.0,218.0
480291818241,1307.0,610.0,697.0,843.0,413.0,430.0,464.0,197.0,267.0
480291912012,1527.0,733.0,794.0,967.0,517.0,450.0,560.0,216.0,344.0
480291910064,1391.0,764.0,627.0,948.0,599.0,349.0,443.0,165.0,278.0
480291912011,1382.0,750.0,632.0,828.0,414.0,414.0,554.0,336.0,218.0
480291912021,1336.0,598.0,738.0,862.0,389.0,473.0,474.0,209.0,265.0
480291912022,1850.0,1115.0,735.0,1517.0,952.0,565.0,333.0,163.0,170.0
480291912023,676.0,288.0,388.0,359.0,178.0,181.0,317.0,110.0,207.0
480291912024,1356.0,549.0,807.0,763.0,313.0,450.0,593.0,236.0,357.0
480291913031,1779.0,904.0,875.0,1225.0,600.0,625.0,554.0,304.0,250.0
480291913041,835.0,430.0,405.0,456.0,291.0,165.0,379.0,139.0,240.0
480291913042,1901.0,1159.0,742.0,1234.0,787.0,447.0,667.0,372.0,295.0
480291914062,2166.0,879.0,1287.0,1260.0,560.0,700.0,906.0,319.0,587.0
480291914063,1920.0,796.0,1124.0,1202.0,518.0,684.0,718.0,278.0,440.0
480291914082,1047.0,614.0,433.0,799.0,450.0,349.0,248.0,164.0,84.0
480291914101,1234.0,612.0,622.0,956.0,422.0,534.0,278.0,190.0,88.0
480291914102,2297.0,1239.0,1058.0,1695.0,857.0,838.0,602.0,382.0,220.0
480291914103,1493.0,839.0,654.0,1164.0,645.0,519.0,329.0,194.0,135.0
480291914111,1978.0,866.0,1112.0,1353.0,539.0,814.0,625.0,327.0,298.0
480291914112,2660.0,1314.0,1346.0,1911.0,926.0,985.0,749.0,388.0,361.0
480291818242,2239.0,1130.0,1109.0,1851.0,886.0,965.0,388.0,244.0,144.0
480291818251,1606.0,797.0,809.0,1081.0,548.0,533.0,525.0,249.0,276.0
480291818252,3202.0,1681.0,1521.0,2264.0,1134.0,1130.0,938.0,547.0,391.0
480291818261,1892.0,877.0,1015.0,1263.0,514.0,749.0,629.0,363.0,266.0
480291818262,2984.0,1353.0,1631.0,1949.0,856.0,1093.0,1035.0,497.0,538.0
480291818263,1368.0,419.0,949.0,920.0,281.0,639.0,448.0,138.0,310.0
480291818264,1730.0,857.0,873.0,1247.0,582.0,665.0,483.0,275.0,208.0
480291819011,3113.0,1608.0,1505.0,2819.0,1441.0,1378.0,294.0,167.0,127.0
480291819012,2634.0,1430.0,1204.0,1985.0,1019.0,966.0,649.0,411.0,238.0
480291819021,5717.0,2729.0,2988.0,3478.0,1668.0,1810.0,2239.0,1061.0,1178.0
480291819022,2714.0,1433.0,1281.0,1536.0,808.0,728.0,1178.0,625.0,553.0
480291820011,2368.0,1121.0,1247.0,1474.0,692.0,782.0,894.0,429.0,465.0
480291820012,3493.0,1775.0,1718.0,2153.0,1047.0,1106.0,1340.0,728.0,612.0
480291820021,5658.0,2890.0,2768.0,3407.0,1733.0,1674.0,2251.0,1157.0,1094.0
480291820023,3442.0,1880.0,1562.0,2079.0,997.0,1082.0,1363.0,883.0,480.0
480291820032,1531.0,755.0,776.0,1152.0,506.0,646.0,379.0,249.0,130.0
480291821012,2100.0,1021.0,1079.0,877.0,389.0,488.0,1223.0,632.0,591.0
480291821022,2110.0,996.0,1114.0,1131.0,448.0,683.0,979.0,548.0,431.0
480291821023,4571.0,2405.0,2166.0,2342.0,1147.0,1195.0,2229.0,1258.0,971.0
480291821061,3360.0,1769.0,1591.0,2124.0,1135.0,989.0,1236.0,634.0,602.0
480291918142,2413.0,1228.0,1185.0,1305.0,658.0,647.0,1108.0,570.0,538.0
480291918151,3027.0,1404.0,1623.0,1766.0,828.0,938.0,1261.0,576.0,685.0
480291918161,1699.0,674.0,1025.0,892.0,381.0,511.0,807.0,293.0,514.0
480291918162,1143.0,571.0,572.0,662.0,309.0,353.0,481.0,262.0,219.0
480291918172,3728.0,1653.0,2075.0,2336.0,1007.0,1329.0,1392.0,646.0,746.0
480291919001,983.0,452.0,531.0,584.0,289.0,295.0,399.0,163.0,236.0
480291919003,748.0,317.0,431.0,550.0,275.0,275.0,198.0,42.0,156.0
480291919004,856.0,414.0,442.0,492.0,252.0,240.0,364.0,162.0,202.0
480291920001,2170.0,898.0,1272.0,1519.0,641.0,878.0,651.0,257.0,394.0
480291920002,1302.0,929.0,373.0,941.0,659.0,282.0,361.0,270.0,91.0
480291920004,492.0,252.0,240.0,326.0,191.0,135.0,166.0,61.0,105.0
480291920005,302.0,179.0,123.0,278.0,155.0,123.0,24.0,24.0,0.0
480291921002,979.0,427.0,552.0,610.0,322.0,288.0,369.0,105.0,264.0
480291922001,1422.0,843.0,579.0,1087.0,656.0,431.0,335.0,187.0,148.0
480291923001,743.0,291.0,452.0,308.0,168.0,140.0,435.0,123.0,312.0
480291923002,2391.0,1248.0,1143.0,1671.0,922.0,749.0,720.0,326.0,394.0
480291923003,1049.0,476.0,573.0,725.0,296.0,429.0,324.0,180.0,144.0
480291923004,824.0,309.0,515.0,552.0,198.0,354.0,272.0,111.0,161.0
480299800011,0.0,0.0,0.0,0.0,0.0,0.0,0.0,0.0,0.0
480299800021,0.0,0.0,0.0,0.0,0.0,0.0,0.0,0.0,0.0
480299800031,1133.0,758.0,375.0,864.0,606.0,258.0,269.0,152.0,117.0
480299800041,0.0,0.0,0.0,0.0,0.0,0.0,0.0,0.0,0.0
480299800051,8.0,8.0,0.0,8.0,8.0,0.0,0.0,0.0,0.0
480299801001,709.0,517.0,192.0,571.0,440.0,131.0,138.0,77.0,61.0
480291805033,2432.0,1141.0,1291.0,1515.0,745.0,770.0,917.0,396.0,521.0
480291704011,1158.0,568.0,590.0,582.0,315.0,267.0,576.0,253.0,323.0
480291914081,1905.0,988.0,917.0,1284.0,670.0,614.0,621.0,318.0,303.0
480291914091,3898.0,1701.0,2197.0,2800.0,1222.0,1578.0,1098.0,479.0,619.0
480291412006,1155.0,509.0,646.0,706.0,344.0,362.0,449.0,165.0,284.0
480291412003,1169.0,608.0,561.0,568.0,350.0,218.0,601.0,258.0,343.0
480291501002,1894.0,869.0,1025.0,1211.0,514.0,697.0,683.0,355.0,328.0
480291407002,998.0,487.0,511.0,638.0,369.0,269.0,360.0,118.0,242.0
480291413002,2992.0,1513.0,1479.0,1684.0,900.0,784.0,1308.0,613.0,695.0
480291414021,3327.0,1687.0,1640.0,2145.0,1103.0,1042.0,1182.0,584.0,598.0
480291806022,2306.0,946.0,1360.0,1028.0,432.0,596.0,1278.0,514.0,764.0
480291101003,1691.0,1246.0,445.0,1436.0,1172.0,264.0,255.0,74.0,181.0
480291211121,2192.0,985.0,1207.0,1372.0,699.0,673.0,820.0,286.0,534.0
480291519002,5032.0,2417.0,2615.0,3012.0,1366.0,1646.0,2020.0,1051.0,969.0
480291409001,985.0,472.0,513.0,585.0,276.0,309.0,400.0,196.0,204.0
480291505011,858.0,401.0,457.0,512.0,266.0,246.0,346.0,135.0,211.0
480291505013,1156.0,605.0,551.0,610.0,309.0,301.0,546.0,296.0,250.0
480291110001,1080.0,599.0,481.0,741.0,465.0,276.0,339.0,134.0,205.0
480291204002,684.0,293.0,391.0,360.0,162.0,198.0,324.0,131.0,193.0
480291204006,785.0,309.0,476.0,195.0,100.0,95.0,590.0,209.0,381.0
480291204004,1184.0,658.0,526.0,538.0,237.0,301.0,646.0,421.0,225.0
480291710005,577.0,251.0,326.0,294.0,118.0,176.0,283.0,133.0,150.0
480291710003,1732.0,774.0,958.0,986.0,457.0,529.0,746.0,317.0,429.0
480291717005,1040.0,507.0,533.0,577.0,270.0,307.0,463.0,237.0,226.0
480291213004,1631.0,801.0,830.0,1001.0,479.0,522.0,630.0,322.0,308.0
480291215012,2413.0,1117.0,1296.0,1397.0,656.0,741.0,1016.0,461.0,555.0
480291215073,1068.0,610.0,458.0,803.0,434.0,369.0,265.0,176.0,89.0
480291312001,1770.0,767.0,1003.0,1088.0,497.0,591.0,682.0,270.0,412.0
480291404003,960.0,311.0,649.0,613.0,260.0,353.0,347.0,51.0,296.0
480291101001,698.0,417.0,281.0,589.0,394.0,195.0,109.0,23.0,86.0
480291209023,1911.0,974.0,937.0,1250.0,599.0,651.0,661.0,375.0,286.0
480291214032,1316.0,499.0,817.0,814.0,279.0,535.0,502.0,220.0,282.0
480291216041,4153.0,2112.0,2041.0,2766.0,1423.0,1343.0,1387.0,689.0,698.0
480291216044,2332.0,1167.0,1165.0,1322.0,572.0,750.0,1010.0,595.0,415.0
480291207023,1126.0,431.0,695.0,695.0,280.0,415.0,431.0,151.0,280.0
480291213002,1272.0,613.0,659.0,722.0,353.0,369.0,550.0,260.0,290.0
480291703001,1703.0,692.0,1011.0,1234.0,478.0,756.0,469.0,214.0,255.0
480291704022,1059.0,516.0,543.0,727.0,408.0,319.0,332.0,108.0,224.0
480291704023,1175.0,700.0,475.0,773.0,451.0,322.0,402.0,249.0,153.0
480291706002,1290.0,607.0,683.0,746.0,374.0,372.0,544.0,233.0,311.0
480291707001,1392.0,675.0,717.0,851.0,427.0,424.0,541.0,248.0,293.0
480291212041,1891.0,929.0,962.0,1172.0,560.0,612.0,719.0,369.0,350.0
480291212045,1616.0,777.0,839.0,1354.0,709.0,645.0,262.0,68.0,194.0
480291416001,2823.0,1528.0,1295.0,1717.0,817.0,900.0,1106.0,711.0,395.0
480291215051,2811.0,1378.0,1433.0,1862.0,952.0,910.0,949.0,426.0,523.0
480291403001,1125.0,571.0,554.0,699.0,353.0,346.0,426.0,218.0,208.0
480291701013,1348.0,614.0,734.0,857.0,423.0,434.0,491.0,191.0,300.0
480291718021,1280.0,822.0,458.0,846.0,523.0,323.0,434.0,299.0,135.0
480291718024,1302.0,464.0,838.0,746.0,250.0,496.0,556.0,214.0,342.0
480291507005,1274.0,661.0,613.0,709.0,387.0,322.0,565.0,274.0,291.0
480291507002,1597.0,587.0,1010.0,839.0,331.0,508.0,758.0,256.0,502.0
480291507004,1347.0,737.0,610.0,928.0,585.0,343.0,419.0,152.0,267.0
480291601002,1789.0,726.0,1063.0,1075.0,384.0,691.0,714.0,342.0,372.0
480291813021,2160.0,1123.0,1037.0,1770.0,883.0,887.0,390.0,240.0,150.0
480291815063,2271.0,992.0,1279.0,1308.0,662.0,646.0,963.0,330.0,633.0
480291809024,1846.0,905.0,941.0,1258.0,654.0,604.0,588.0,251.0,337.0
480291810032,1340.0,698.0,642.0,760.0,430.0,330.0,580.0,268.0,312.0
480291810053,1525.0,938.0,587.0,1131.0,694.0,437.0,394.0,244.0,150.0
480291817152,1393.0,588.0,805.0,1044.0,433.0,611.0,349.0,155.0,194.0
480291203001,1762.0,889.0,873.0,1248.0,567.0,681.0,514.0,322.0,192.0
480291205011,651.0,428.0,223.0,428.0,240.0,188.0,223.0,188.0,35.0
480291205016,1622.0,927.0,695.0,994.0,580.0,414.0,628.0,347.0,281.0
480291205017,1228.0,563.0,665.0,736.0,314.0,422.0,492.0,249.0,243.0
480291211151,1243.0,560.0,683.0,753.0,318.0,435.0,490.0,242.0,248.0
480291211173,1601.0,717.0,884.0,1010.0,449.0,561.0,591.0,268.0,323.0
480291815031,3275.0,1792.0,1483.0,2233.0,1227.0,1006.0,1042.0,565.0,477.0
480291215082,2184.0,1146.0,1038.0,1459.0,877.0,582.0,725.0,269.0,456.0
480291914054,1292.0,642.0,650.0,773.0,371.0,402.0,519.0,271.0,248.0
480291709002,1806.0,781.0,1025.0,882.0,472.0,410.0,924.0,309.0,615.0
480291615012,748.0,293.0,455.0,405.0,155.0,250.0,343.0,138.0,205.0
480291615014,1465.0,766.0,699.0,747.0,363.0,384.0,718.0,403.0,315.0
480291701023,1583.0,967.0,616.0,1111.0,636.0,475.0,472.0,331.0,141.0
480291711002,1911.0,949.0,962.0,1233.0,625.0,608.0,678.0,324.0,354.0
480291807024,988.0,459.0,529.0,488.0,215.0,273.0,500.0,244.0,256.0
480291807021,1966.0,895.0,1071.0,1108.0,466.0,642.0,858.0,429.0,429.0
480291809013,1280.0,756.0,524.0,896.0,537.0,359.0,384.0,219.0,165.0
480291108003,599.0,303.0,296.0,387.0,194.0,193.0,212.0,109.0,103.0
480291211163,1458.0,787.0,671.0,967.0,510.0,457.0,491.0,277.0,214.0
480291212034,1150.0,467.0,683.0,684.0,251.0,433.0,466.0,216.0,250.0
480291212033,1071.0,623.0,448.0,808.0,477.0,331.0,263.0,146.0,117.0
480291817181,2172.0,955.0,1217.0,1373.0,573.0,800.0,799.0,382.0,417.0
480291902005,1301.0,852.0,449.0,902.0,598.0,304.0,399.0,254.0,145.0
480291902002,569.0,291.0,278.0,380.0,229.0,151.0,189.0,62.0,127.0
480291802024,733.0,260.0,473.0,349.0,170.0,179.0,384.0,90.0,294.0
480291802022,1628.0,684.0,944.0,894.0,460.0,434.0,734.0,224.0,510.0
480291805014,1061.0,550.0,511.0,537.0,276.0,261.0,524.0,274.0,250.0
480291808003,478.0,234.0,244.0,330.0,180.0,150.0,148.0,54.0,94.0
480291708001,765.0,433.0,332.0,419.0,225.0,194.0,346.0,208.0,138.0
480291106001,815.0,470.0,345.0,489.0,285.0,204.0,326.0,185.0,141.0
480291510002,1027.0,472.0,555.0,626.0,300.0,326.0,401.0,172.0,229.0
480291510003,1268.0,652.0,616.0,818.0,405.0,413.0,450.0,247.0,203.0
480291607021,1035.0,483.0,552.0,832.0,430.0,402.0,203.0,53.0,150.0
480291607022,2126.0,885.0,1241.0,1161.0,415.0,746.0,965.0,470.0,495.0
480291215083,1001.0,421.0,580.0,607.0,238.0,369.0,394.0,183.0,211.0
480291216011,1341.0,652.0,689.0,853.0,441.0,412.0,488.0,211.0,277.0
480291218022,2904.0,1728.0,1176.0,1866.0,1155.0,711.0,1038.0,573.0,465.0
480291303004,1189.0,522.0,667.0,682.0,298.0,384.0,507.0,224.0,283.0
480291303003,611.0,346.0,265.0,356.0,164.0,192.0,255.0,182.0,73.0
480291909014,752.0,385.0,367.0,451.0,238.0,213.0,301.0,147.0,154.0
480291809011,1061.0,537.0,524.0,713.0,349.0,364.0,348.0,188.0,160.0
480291815043,428.0,206.0,222.0,260.0,100.0,160.0,168.0,106.0,62.0
480291816011,989.0,528.0,461.0,576.0,354.0,222.0,413.0,174.0,239.0
480291818093,1447.0,707.0,740.0,1049.0,594.0,455.0,398.0,113.0,285.0
480291821011,4205.0,2076.0,2129.0,2499.0,1182.0,1317.0,1706.0,894.0,812.0
480291906012,1473.0,623.0,850.0,776.0,372.0,404.0,697.0,251.0,446.0
480291910042,2026.0,881.0,1145.0,1324.0,625.0,699.0,702.0,256.0,446.0
480291212052,1160.0,627.0,533.0,611.0,322.0,289.0,549.0,305.0,244.0
480291212064,1066.0,622.0,444.0,649.0,389.0,260.0,417.0,233.0,184.0
480291212066,1940.0,948.0,992.0,913.0,465.0,448.0,1027.0,483.0,544.0
480291602001,970.0,427.0,543.0,648.0,293.0,355.0,322.0,134.0,188.0
480291817131,2301.0,1296.0,1005.0,1430.0,804.0,626.0,871.0,492.0,379.0
480291815052,1617.0,949.0,668.0,982.0,595.0,387.0,635.0,354.0,281.0
480291817041,1763.0,853.0,910.0,1023.0,546.0,477.0,740.0,307.0,433.0
480291817043,2161.0,1082.0,1079.0,1461.0,805.0,656.0,700.0,277.0,423.0
480291907001,946.0,520.0,426.0,701.0,403.0,298.0,245.0,117.0,128.0
480291812003,1151.0,659.0,492.0,755.0,433.0,322.0,396.0,226.0,170.0
480291511006,318.0,144.0,174.0,307.0,144.0,163.0,11.0,0.0,11.0
480291514003,1660.0,946.0,714.0,980.0,619.0,361.0,680.0,327.0,353.0
480291909022,1556.0,757.0,799.0,1006.0,388.0,618.0,550.0,369.0,181.0
480291810011,1872.0,849.0,1023.0,988.0,416.0,572.0,884.0,433.0,451.0
480291821031,3004.0,1354.0,1650.0,1752.0,866.0,886.0,1252.0,488.0,764.0
480291901001,739.0,412.0,327.0,465.0,322.0,143.0,274.0,90.0,184.0
480291817033,2820.0,1401.0,1419.0,1940.0,839.0,1101.0,880.0,562.0,318.0
480291803004,1002.0,372.0,630.0,526.0,183.0,343.0,476.0,189.0,287.0
480291313003,2307.0,1153.0,1154.0,1028.0,544.0,484.0,1279.0,609.0,670.0
480291313002,1549.0,602.0,947.0,975.0,263.0,712.0,574.0,339.0,235.0
480291103001,1568.0,706.0,862.0,948.0,367.0,581.0,620.0,339.0,281.0
480291206007,747.0,417.0,330.0,612.0,343.0,269.0,135.0,74.0,61.0
480291206004,1153.0,595.0,558.0,771.0,425.0,346.0,382.0,170.0,212.0
480291206001,989.0,538.0,451.0,877.0,487.0,390.0,112.0,51.0,61.0
480291517005,1300.0,671.0,629.0,722.0,335.0,387.0,578.0,336.0,242.0
480291517004,848.0,452.0,396.0,626.0,347.0,279.0,222.0,105.0,117.0
480291719031,1665.0,802.0,863.0,987.0,470.0,517.0,678.0,332.0,346.0
480291717002,1199.0,580.0,619.0,753.0,296.0,457.0,446.0,284.0,162.0
480291719033,1698.0,889.0,809.0,1002.0,518.0,484.0,696.0,371.0,325.0
480291509004,918.0,545.0,373.0,646.0,420.0,226.0,272.0,125.0,147.0
480291509003,1775.0,711.0,1064.0,1224.0,561.0,663.0,551.0,150.0,401.0
480291705001,1466.0,603.0,863.0,736.0,343.0,393.0,730.0,260.0,470.0
480291805041,1679.0,854.0,825.0,1081.0,559.0,522.0,598.0,295.0,303.0
480291205022,544.0,200.0,344.0,279.0,88.0,191.0,265.0,112.0,153.0
480291205021,1688.0,837.0,851.0,916.0,404.0,512.0,772.0,433.0,339.0
480291207014,997.0,443.0,554.0,517.0,267.0,250.0,480.0,176.0,304.0
480291302001,1069.0,517.0,552.0,735.0,414.0,321.0,334.0,103.0,231.0
480291410001,591.0,335.0,256.0,359.0,219.0,140.0,232.0,116.0,116.0
480291516005,761.0,343.0,418.0,361.0,173.0,188.0,400.0,170.0,230.0
480291516003,2568.0,1289.0,1279.0,1401.0,636.0,765.0,1167.0,653.0,514.0
480291817053,2189.0,988.0,1201.0,1503.0,714.0,789.0,686.0,274.0,412.0
480291606002,1534.0,801.0,733.0,946.0,480.0,466.0,588.0,321.0,267.0
480291419001,1700.0,695.0,1005.0,1149.0,469.0,680.0,551.0,226.0,325.0
480291515001,729.0,378.0,351.0,438.0,241.0,197.0,291.0,137.0,154.0
480291603001,959.0,599.0,360.0,590.0,326.0,264.0,369.0,273.0,96.0
480291603004,1080.0,503.0,577.0,593.0,227.0,366.0,487.0,276.0,211.0
480291613021,3990.0,2061.0,1929.0,2323.0,1122.0,1201.0,1667.0,939.0,728.0
480291804002,2078.0,889.0,1189.0,1061.0,411.0,650.0,1017.0,478.0,539.0
480291807011,1357.0,725.0,632.0,857.0,524.0,333.0,500.0,201.0,299.0
480291811001,1564.0,629.0,935.0,863.0,408.0,455.0,701.0,221.0,480.0
480291211082,1942.0,1064.0,878.0,1046.0,496.0,550.0,896.0,568.0,328.0
480291203004,1034.0,425.0,609.0,470.0,208.0,262.0,564.0,217.0,347.0
480291203006,996.0,470.0,526.0,533.0,253.0,280.0,463.0,217.0,246.0
480291506002,1267.0,657.0,610.0,940.0,475.0,465.0,327.0,182.0,145.0
480291506001,1349.0,625.0,724.0,666.0,289.0,377.0,683.0,336.0,347.0
480291511002,1491.0,921.0,570.0,1014.0,683.0,331.0,477.0,238.0,239.0
480291105001,2388.0,957.0,1431.0,1125.0,440.0,685.0,1263.0,517.0,746.0
480291210002,811.0,476.0,335.0,622.0,328.0,294.0,189.0,148.0,41.0
480291210001,534.0,208.0,326.0,280.0,129.0,151.0,254.0,79.0,175.0
480291211101,2090.0,1060.0,1030.0,1412.0,663.0,749.0,678.0,397.0,281.0
480291215063,1406.0,603.0,803.0,985.0,443.0,542.0,421.0,160.0,261.0
480291315033,1119.0,439.0,680.0,615.0,262.0,353.0,504.0,177.0,327.0
480291315043,2317.0,925.0,1392.0,1435.0,599.0,836.0,882.0,326.0,556.0
480291315061,1062.0,479.0,583.0,830.0,431.0,399.0,232.0,48.0,184.0
480291315072,1091.0,439.0,652.0,664.0,291.0,373.0,427.0,148.0,279.0
480291316062,3248.0,1466.0,1782.0,1949.0,909.0,1040.0,1299.0,557.0,742.0
480291316091,2743.0,1249.0,1494.0,1493.0,611.0,882.0,1250.0,638.0,612.0
480291316101,2930.0,1642.0,1288.0,1795.0,962.0,833.0,1135.0,680.0,455.0
480291316121,1987.0,944.0,1043.0,1215.0,536.0,679.0,772.0,408.0,364.0
480291316141,3999.0,1778.0,2221.0,2583.0,1205.0,1378.0,1416.0,573.0,843.0
480291316152,2045.0,1228.0,817.0,1475.0,869.0,606.0,570.0,359.0,211.0
480291318011,1433.0,701.0,732.0,883.0,421.0,462.0,550.0,280.0,270.0
480291318022,575.0,278.0,297.0,362.0,208.0,154.0,213.0,70.0,143.0
480291411012,1536.0,725.0,811.0,789.0,392.0,397.0,747.0,333.0,414.0
480291522022,1427.0,549.0,878.0,936.0,418.0,518.0,491.0,131.0,360.0
480291411022,436.0,294.0,142.0,290.0,187.0,103.0,146.0,107.0,39.0
480291414031,1968.0,983.0,985.0,1044.0,483.0,561.0,924.0,500.0,424.0
480291414042,2128.0,1201.0,927.0,1327.0,769.0,558.0,801.0,432.0,369.0
480291605013,1106.0,651.0,455.0,458.0,219.0,239.0,648.0,432.0,216.0
480291605023,990.0,476.0,514.0,584.0,266.0,318.0,406.0,210.0,196.0
480291609012,913.0,439.0,474.0,619.0,288.0,331.0,294.0,151.0,143.0
480291609022,1552.0,690.0,862.0,802.0,404.0,398.0,750.0,286.0,464.0
480291613031,2430.0,1297.0,1133.0,1575.0,806.0,769.0,855.0,491.0,364.0
480291613042,2659.0,1319.0,1340.0,1484.0,752.0,732.0,1175.0,567.0,608.0
480291615032,1520.0,764.0,756.0,919.0,489.0,430.0,601.0,275.0,326.0
480291615042,3042.0,1635.0,1407.0,1920.0,1028.0,892.0,1122.0,607.0,515.0
480291618021,6270.0,3158.0,3112.0,3686.0,1779.0,1907.0,2584.0,1379.0,1205.0
480291619021,1454.0,878.0,576.0,772.0,469.0,303.0,682.0,409.0,273.0
480291620031,2313.0,1145.0,1168.0,1442.0,602.0,840.0,871.0,543.0,328.0
480291620041,1480.0,895.0,585.0,838.0,493.0,345.0,642.0,402.0,240.0
480291713012,1950.0,953.0,997.0,1140.0,528.0,612.0,810.0,425.0,385.0
480291716012,925.0,371.0,554.0,572.0,202.0,370.0,353.0,169.0,184.0
480291716022,874.0,440.0,434.0,457.0,196.0,261.0,417.0,244.0,173.0
480291719122,2439.0,1258.0,1181.0,1499.0,793.0,706.0,940.0,465.0,475.0
480291719141,1453.0,642.0,811.0,929.0,484.0,445.0,524.0,158.0,366.0
480291719151,2240.0,1090.0,1150.0,1148.0,601.0,547.0,1092.0,489.0,603.0
480291719163,3361.0,1461.0,1900.0,1916.0,837.0,1079.0,1445.0,624.0,821.0
480291719181,1111.0,519.0,592.0,784.0,428.0,356.0,327.0,91.0,236.0
480291215044,3434.0,1750.0,1684.0,2127.0,1235.0,892.0,1307.0,515.0,792.0
480291215064,1082.0,573.0,509.0,541.0,278.0,263.0,541.0,295.0,246.0
480291216061,638.0,330.0,308.0,328.0,179.0,149.0,310.0,151.0,159.0
480291216064,653.0,348.0,305.0,313.0,215.0,98.0,340.0,133.0,207.0
480291217013,651.0,349.0,302.0,282.0,157.0,125.0,369.0,192.0,177.0
480291217022,1040.0,442.0,598.0,730.0,333.0,397.0,310.0,109.0,201.0
480291218082,2709.0,1286.0,1423.0,1677.0,868.0,809.0,1032.0,418.0,614.0
480291218093,1839.0,1037.0,802.0,1231.0,687.0,544.0,608.0,350.0,258.0
480291218111,4178.0,2099.0,2079.0,2831.0,1463.0,1368.0,1347.0,636.0,711.0
480291218122,1389.0,680.0,709.0,699.0,337.0,362.0,690.0,343.0,347.0
480291218131,1787.0,895.0,892.0,1179.0,593.0,586.0,608.0,302.0,306.0
480291219041,1056.0,524.0,532.0,636.0,314.0,322.0,420.0,210.0,210.0
480291219052,4103.0,1981.0,2122.0,2639.0,1323.0,1316.0,1464.0,658.0,806.0
480291219071,1455.0,664.0,791.0,949.0,454.0,495.0,506.0,210.0,296.0
480291211085,1737.0,704.0,1033.0,1188.0,492.0,696.0,549.0,212.0,337.0
480291211191,571.0,238.0,333.0,484.0,207.0,277.0,87.0,31.0,56.0
480291211201,3140.0,1640.0,1500.0,1911.0,1090.0,821.0,1229.0,550.0,679.0
480291207013,1255.0,479.0,776.0,782.0,305.0,477.0,473.0,174.0,299.0
480291215043,1947.0,968.0,979.0,1526.0,790.0,736.0,421.0,178.0,243.0
480291503002,1597.0,724.0,873.0,961.0,458.0,503.0,636.0,266.0,370.0
480291418003,2452.0,1258.0,1194.0,1482.0,721.0,761.0,970.0,537.0,433.0
480291508001,1461.0,670.0,791.0,647.0,226.0,421.0,814.0,444.0,370.0
480291712001,1213.0,609.0,604.0,778.0,436.0,342.0,435.0,173.0,262.0
480291712002,1388.0,683.0,705.0,800.0,466.0,334.0,588.0,217.0,371.0
480291512004,922.0,474.0,448.0,524.0,295.0,229.0,398.0,179.0,219.0
480291904002,2948.0,1491.0,1457.0,2617.0,1329.0,1288.0,331.0,162.0,169.0
480291817121,2822.0,1555.0,1267.0,1687.0,960.0,727.0,1135.0,595.0,540.0
480291816024,2140.0,1028.0,1112.0,1224.0,600.0,624.0,916.0,428.0,488.0
480291816022,1498.0,692.0,806.0,955.0,442.0,513.0,543.0,250.0,293.0
480291314022,2258.0,1189.0,1069.0,1348.0,693.0,655.0,910.0,496.0,414.0
480291719183,2576.0,1176.0,1400.0,1640.0,689.0,951.0,936.0,487.0,449.0
480291719201,3425.0,1797.0,1628.0,2344.0,1285.0,1059.0,1081.0,512.0,569.0
480291719212,1377.0,723.0,654.0,940.0,456.0,484.0,437.0,267.0,170.0
480291719231,1286.0,660.0,626.0,828.0,421.0,407.0,458.0,239.0,219.0
480291719234,4929.0,2198.0,2731.0,3547.0,1551.0,1996.0,1382.0,647.0,735.0
480291719251,1148.0,422.0,726.0,659.0,138.0,521.0,489.0,284.0,205.0
480291719253,3803.0,2239.0,1564.0,2415.0,1308.0,1107.0,1388.0,931.0,457.0
480291720023,5151.0,2583.0,2568.0,2951.0,1459.0,1492.0,2200.0,1124.0,1076.0
480291720041,4220.0,1978.0,2242.0,2305.0,1029.0,1276.0,1915.0,949.0,966.0
480291720061,4120.0,1889.0,2231.0,2325.0,1133.0,1192.0,1795.0,756.0,1039.0
480291720071,4731.0,2191.0,2540.0,2832.0,1468.0,1364.0,1899.0,723.0,1176.0
480291801011,1264.0,683.0,581.0,817.0,478.0,339.0,447.0,205.0,242.0
480291714011,2101.0,1182.0,919.0,1375.0,704.0,671.0,726.0,478.0,248.0
480291714022,1026.0,408.0,618.0,548.0,269.0,279.0,478.0,139.0,339.0
480291715012,1237.0,702.0,535.0,769.0,435.0,334.0,468.0,267.0,201.0
480291715023,2093.0,1258.0,835.0,1334.0,867.0,467.0,759.0,391.0,368.0
480291917011,792.0,394.0,398.0,424.0,220.0,204.0,368.0,174.0,194.0
480291917022,1529.0,816.0,713.0,901.0,475.0,426.0,628.0,341.0,287.0
480291918043,2275.0,1050.0,1225.0,1378.0,661.0,717.0,897.0,389.0,508.0
480291918111,4452.0,2197.0,2255.0,2453.0,1193.0,1260.0,1999.0,1004.0,995.0
480291918063,5976.0,2896.0,3080.0,3356.0,1664.0,1692.0,2620.0,1232.0,1388.0
480291918081,3175.0,1525.0,1650.0,1881.0,887.0,994.0,1294.0,638.0,656.0
480291918092,2432.0,1112.0,1320.0,1469.0,671.0,798.0,963.0,441.0,522.0
480291918131,4740.0,2274.0,2466.0,2869.0,1434.0,1435.0,1871.0,840.0,1031.0
480291817252,2254.0,961.0,1293.0,1436.0,688.0,748.0,818.0,273.0,545.0
480291817263,3970.0,1794.0,2176.0,2147.0,985.0,1162.0,1823.0,809.0,1014.0
480291817281,7522.0,3498.0,4024.0,4566.0,2172.0,2394.0,2956.0,1326.0,1630.0
480291817301,1069.0,434.0,635.0,835.0,297.0,538.0,234.0,137.0,97.0
480291817312,2413.0,1288.0,1125.0,1401.0,751.0,650.0,1012.0,537.0,475.0
480291818112,645.0,244.0,401.0,282.0,75.0,207.0,363.0,169.0,194.0
480291818132,2316.0,1285.0,1031.0,1881.0,1078.0,803.0,435.0,207.0,228.0
480291818142,2866.0,1289.0,1577.0,2286.0,1072.0,1214.0,580.0,217.0,363.0
480291818161,1231.0,664.0,567.0,738.0,364.0,374.0,493.0,300.0,193.0
480291818172,1355.0,466.0,889.0,769.0,373.0,396.0,586.0,93.0,493.0
480291818183,1862.0,1096.0,766.0,1496.0,959.0,537.0,366.0,137.0,229.0
480291818201,3157.0,1600.0,1557.0,3131.0,1600.0,1531.0,26.0,0.0,26.0
480291818212,2702.0,1245.0,1457.0,1740.0,734.0,1006.0,962.0,511.0,451.0
480291818223,2262.0,1197.0,1065.0,1633.0,829.0,804.0,629.0,368.0,261.0
480291905032,1099.0,514.0,585.0,825.0,382.0,443.0,274.0,132.0,142.0
480291905042,1446.0,769.0,677.0,915.0,529.0,386.0,531.0,240.0,291.0
480291906041,1591.0,794.0,797.0,847.0,439.0,408.0,744.0,355.0,389.0
480291910051,1166.0,528.0,638.0,714.0,312.0,402.0,452.0,216.0,236.0
480291910062,1139.0,638.0,501.0,783.0,446.0,337.0,356.0,192.0,164.0
480291801013,853.0,421.0,432.0,537.0,253.0,284.0,316.0,168.0,148.0
480291801016,514.0,222.0,292.0,285.0,152.0,133.0,229.0,70.0,159.0
480291806031,2218.0,999.0,1219.0,1258.0,528.0,730.0,960.0,471.0,489.0
480291806043,892.0,369.0,523.0,527.0,247.0,280.0,365.0,122.0,243.0
480291807026,1618.0,861.0,757.0,1231.0,630.0,601.0,387.0,231.0,156.0
480291814031,2462.0,1272.0,1190.0,1725.0,932.0,793.0,737.0,340.0,397.0
480291814041,4244.0,2357.0,1887.0,2906.0,1549.0,1357.0,1338.0,808.0,530.0
480291815044,1228.0,515.0,713.0,1087.0,440.0,647.0,141.0,75.0,66.0
480291817154,2399.0,1107.0,1292.0,1509.0,818.0,691.0,890.0,289.0,601.0
480291820022,679.0,357.0,322.0,228.0,104.0,124.0,451.0,253.0,198.0
480291820031,3639.0,1792.0,1847.0,2039.0,1000.0,1039.0,1600.0,792.0,808.0
480291821013,2645.0,1387.0,1258.0,1739.0,885.0,854.0,906.0,502.0,404.0
480291821051,2873.0,1516.0,1357.0,1691.0,871.0,820.0,1182.0,645.0,537.0
480291910065,835.0,291.0,544.0,433.0,190.0,243.0,402.0,101.0,301.0
480291912013,333.0,204.0,129.0,226.0,142.0,84.0,107.0,62.0,45.0
480291918141,2680.0,1337.0,1343.0,1568.0,725.0,843.0,1112.0,612.0,500.0
480291918152,2271.0,1163.0,1108.0,1492.0,759.0,733.0,779.0,404.0,375.0
480291918171,9587.0,5046.0,4541.0,5775.0,3012.0,2763.0,3812.0,2034.0,1778.0
480291919002,1220.0,636.0,584.0,894.0,523.0,371.0,326.0,113.0,213.0
480291919005,1076.0,407.0,669.0,739.0,277.0,462.0,337.0,130.0,207.0
480291920003,1348.0,840.0,508.0,1107.0,680.0,427.0,241.0,160.0,81.0
480291921001,1085.0,523.0,562.0,791.0,405.0,386.0,294.0,118.0,176.0
480291922002,976.0,437.0,539.0,674.0,304.0,370.0,302.0,133.0,169.0
