block_group,C17002_001E,C17002_002E,C17002_003E,C17002_005E_M,C17002_007E_M,C17002_008E
480291805031,659.0,33.0,0.0,193.0,39.0,394.0
480291805032,1942.0,160.0,280.0,158.0,173.0,1171.0
480291704013,1676.0,630.0,460.0,303.0,77.0,206.0
480291704012,730.0,260.0,69.0,116.0,159.0,126.0
480291914061,2612.0,0.0,84.0,150.0,50.0,2328.0
480291914092,2824.0,122.0,477.0,182.0,333.0,1710.0
480291212042,1635.0,257.0,24.0,202.0,98.0,1054.0
480291215081,1465.0,79.0,234.0,57.0,387.0,708.0
480291914051,2767.0,103.0,95.0,774.0,322.0,1473.0
480291914052,2152.0,2.0,110.0,108.0,52.0,1880.0
480291914053,1753.0,123.0,0.0,60.0,50.0,1520.0
480291914055,929.0,35.0,107.0,29.0,30.0,728.0
480291709001,1623.0,387.0,482.0,279.0,77.0,398.0
480291709003,592.0,32.0,85.0,115.0,118.0,242.0
480291610002,2125.0,251.0,438.0,677.0,277.0,482.0
480291610001,2017.0,512.0,373.0,314.0,301.0,517.0
480291615015,1647.0,374.0,200.0,26.0,326.0,721.0
480291615011,3279.0,126.0,771.0,883.0,728.0,771.0
480291615013,1116.0,0.0,249.0,247.0,173.0,447.0
480291711001,1924.0,316.0,428.0,421.0,0.0,759.0
480291620011,2297.0,149.0,264.0,447.0,182.0,1255.0
480291701022,1074.0,0.0,49.0,455.0,274.0,296.0
480291701021,962.0,28.0,414.0,238.0,81.0,201.0
480291807022,1236.0,265.0,58.0,38.0,166.0,709.0
480291807023,382.0,39.0,98.0,0.0,109.0,136.0
480291807025,596.0,118.0,46.0,11.0,60.0,361.0
480291809012,1325.0,176.0,232.0,138.0,178.0,601.0
480291809015,833.0,25.0,31.0,58.0,73.0,646.0
480291106003,591.0,50.0,310.0,58.0,150.0,23.0
480291108002,345.0,74.0,119.0,27.0,32.0,93.0
480291108001,690.0,80.0,34.0,143.0,59.0,374.0
480291208004,858.0,0.0,45.0,51.0,0.0,762.0
480291208006,950.0,0.0,0.0,0.0,0.0,950.0
480291208001,925.0,0.0,0.0,21.0,0.0,904.0
480291208002,1058.0,18.0,14.0,14.0,2.0,1010.0
480291208005,847.0,0.0,0.0,0.0,0.0,847.0
480291208007,759.0,14.0,14.0,0.0,39.0,692.0
480291208003,1406.0,25.0,41.0,57.0,16.0,1267.0
480291211113,1642.0,225.0,114.0,557.0,0.0,746.0
480291211111,963.0,0.0,37.0,0.0,25.0,901.0
480291211112,1919.0,128.0,71.0,93.0,47.0,1580.0
480291211114,2356.0,391.0,139.0,0.0,694.0,1132.0
480291211161,1873.0,144.0,135.0,168.0,114.0,1312.0
480291211164,1559.0,19.0,36.0,196.0,111.0,1197.0
480291211162,484.0,26.0,15.0,0.0,174.0,269.0
480291211181,1632.0,40.0,29.0,262.0,25.0,1276.0
480291211182,2195.0,99.0,240.0,299.0,510.0,1047.0
480291212031,661.0,96.0,69.0,35.0,0.0,461.0
480291212032,1508.0,135.0,91.0,71.0,552.0,659.0
480291212051,3307.0,256.0,679.0,476.0,306.0,1590.0
480291817182,1878.0,50.0,26.0,102.0,58.0,1642.0
480291818111,3375.0,23.0,206.0,383.0,235.0,2528.0
480291902003,927.0,21.0,32.0,83.0,29.0,762.0
480291902004,660.0,24.0,108.0,23.0,98.0,407.0
480291902001,558.0,114.0,14.0,0.0,47.0,383.0
480291802021,1103.0,214.0,167.0,193.0,126.0,403.0
480291802023,1508.0,230.0,416.0,148.0,235.0,479.0
480291805013,1148.0,45.0,58.0,196.0,141.0,708.0
480291805012,495.0,56.0,8.0,13.0,32.0,386.0
480291805011,1663.0,178.0,221.0,353.0,186.0,725.0
480291808002,1299.0,124.0,204.0,190.0,287.0,494.0
480291808001,691.0,162.0,68.0,67.0,36.0,358.0
480291708002,774.0,169.0,129.0,130.0,51.0,295.0
480291106002,1415.0,189.0,652.0,277.0,169.0,128.0
480291504001,414.0,0.0,33.0,29.0,66.0,286.0
480291504002,1158.0,110.0,499.0,240.0,15.0,294.0
480291510001,1270.0,31.0,105.0,415.0,186.0,533.0
480291521002,1192.0,137.0,20.0,96.0,260.0,679.0
480291521001,1128.0,138.0,95.0,371.0,6.0,518.0
480291607024,945.0,135.0,163.0,176.0,87.0,384.0
480291607023,1190.0,107.0,307.0,109.0,275.0,392.0
480291616002,2750.0,253.0,180.0,970.0,231.0,1116.0
480291616001,2002.0,115.0,399.0,106.0,335.0,1047.0
480291216012,1383.0,41.0,124.0,150.0,240.0,828.0
480291216013,1641.0,51.0,116.0,237.0,97.0,1140.0
480291216014,1231.0,316.0,51.0,177.0,220.0,467.0
480291218021,1894.0,106.0,34.0,115.0,236.0,1403.0
480291218023,3385.0,18.0,638.0,449.0,503.0,1777.0
480291303002,1026.0,106.0,14.0,268.0,9.0,629.0
480291303001,521.0,70.0,86.0,17.0,97.0,251.0
480291307002,894.0,13.0,171.0,248.0,5.0,457.0
480291307001,1861.0,361.0,487.0,599.0,124.0,290.0
480291702004,898.0,160.0,382.0,85.0,123.0,148.0
480291702006,1034.0,2.0,168.0,404.0,209.0,251.0
480291702002,757.0,0.0,247.0,153.0,87.0,270.0
480291702005,796.0,200.0,289.0,80.0,88.0,139.0
480291702001,725.0,48.0,120.0,260.0,181.0,116.0
480291316011,839.0,108.0,25.0,16.0,100.0,590.0
480291317001,1149.0,39.0,5.0,101.0,21.0,983.0
480291412004,645.0,23.0,94.0,251.0,16.0,261.0
480291412001,1839.0,272.0,771.0,190.0,260.0,346.0
480291412005,1188.0,65.0,325.0,0.0,209.0,589.0
480291412002,1255.0,64.0,392.0,126.0,279.0,394.0
480291501003,1162.0,153.0,405.0,0.0,121.0,483.0
480291309002,1169.0,121.0,116.0,162.0,156.0,614.0
480291309003,1155.0,181.0,129.0,192.0,118.0,535.0
480291310003,857.0,108.0,151.0,90.0,8.0,500.0
480291310004,728.0,173.0,155.0,39.0,169.0,192.0
480291310001,2782.0,501.0,721.0,716.0,134.0,710.0
480291310002,766.0,97.0,173.0,72.0,83.0,341.0
480291405003,1128.0,48.0,83.0,165.0,44.0,788.0
480291405002,1344.0,29.0,204.0,116.0,343.0,652.0
480291405001,825.0,93.0,0.0,60.0,245.0,427.0
480291405004,693.0,3.0,79.0,169.0,127.0,315.0
480291406002,894.0,71.0,83.0,52.0,124.0,564.0
480291406001,1934.0,171.0,250.0,395.0,327.0,791.0
480291407003,717.0,84.0,190.0,190.0,10.0,243.0
480291407001,1043.0,22.0,0.0,31.0,23.0,967.0
480291407004,733.0,32.0,100.0,147.0,98.0,356.0
480291407005,1170.0,79.0,202.0,147.0,195.0,547.0
480291413001,946.0,88.0,99.0,291.0,120.0,348.0
480291413003,3059.0,273.0,159.0,419.0,417.0,1791.0
480291702003,1297.0,294.0,444.0,193.0,147.0,219.0
480291806023,825.0,24.0,33.0,17.0,88.0,663.0
480291806021,590.0,25.0,0.0,66.0,60.0,439.0
480291911021,709.0,0.0,10.0,28.0,43.0,628.0
480291911022,918.0,20.0,102.0,16.0,42.0,738.0
480291911023,958.0,51.0,0.0,96.0,30.0,781.0
480291209012,1424.0,121.0,188.0,228.0,149.0,738.0
480291209011,894.0,112.0,128.0,55.0,1.0,598.0
480291211122,1331.0,189.0,8.0,111.0,67.0,956.0
480291519001,1841.0,87.0,495.0,164.0,179.0,916.0
480291409002,1052.0,77.0,257.0,60.0,65.0,593.0
480291417001,2815.0,53.0,251.0,522.0,198.0,1791.0
480291417002,2870.0,90.0,63.0,381.0,364.0,1972.0
480291505012,1341.0,49.0,366.0,313.0,20.0,593.0
480291505014,1113.0,112.0,147.0,186.0,174.0,494.0
480291604002,1922.0,305.0,499.0,246.0,124.0,748.0
480291604004,750.0,68.0,35.0,70.0,150.0,427.0
480291604001,1023.0,3.0,73.0,18.0,27.0,902.0
480291604003,1162.0,208.0,355.0,99.0,169.0,331.0
480291611005,1688.0,128.0,433.0,135.0,135.0,857.0
480291611006,455.0,122.0,14.0,41.0,17.0,261.0
480291611001,3154.0,137.0,345.0,727.0,355.0,1590.0
480291611004,1480.0,17.0,244.0,312.0,164.0,743.0
480291611003,1095.0,0.0,19.0,655.0,258.0,163.0
480291611002,851.0,63.0,85.0,149.0,142.0,412.0
480291813012,1509.0,54.0,84.0,133.0,211.0,1027.0
480291813011,3152.0,418.0,262.0,207.0,172.0,2093.0
480291814021,767.0,232.0,45.0,56.0,71.0,363.0
480291814022,1577.0,640.0,56.0,57.0,104.0,720.0
480291109001,1498.0,96.0,111.0,120.0,124.0,1047.0
480291110003,1040.0,82.0,94.0,176.0,51.0,637.0
480291110002,703.0,104.0,123.0,194.0,111.0,171.0
480291204001,1188.0,0.0,0.0,0.0,0.0,1188.0
480291204005,1165.0,17.0,0.0,139.0,20.0,989.0
480291710004,1845.0,148.0,496.0,553.0,286.0,362.0
480291204003,1085.0,0.0,0.0,122.0,0.0,963.0
480291207021,2543.0,80.0,110.0,414.0,171.0,1768.0
480291704014,785.0,138.0,223.0,74.0,109.0,241.0
480291710001,973.0,117.0,162.0,325.0,25.0,344.0
480291710002,892.0,0.0,369.0,191.0,29.0,303.0
480291717001,2257.0,71.0,208.0,978.0,252.0,748.0
480291717003,897.0,2.0,316.0,18.0,45.0,516.0
480291215013,2923.0,226.0,288.0,131.0,183.0,2095.0
480291215011,2062.0,74.0,132.0,217.0,45.0,1594.0
480291215074,1341.0,90.0,22.0,45.0,525.0,659.0
480291215071,1038.0,39.0,53.0,67.0,201.0,678.0
480291215072,1367.0,19.0,61.0,68.0,366.0,853.0
480291312002,1272.0,215.0,39.0,103.0,242.0,673.0
480291401002,674.0,24.0,82.0,119.0,104.0,345.0
480291401001,673.0,142.0,34.0,31.0,33.0,433.0
480291404004,703.0,196.0,46.0,29.0,139.0,293.0
480291101002,694.0,30.0,71.0,36.0,52.0,505.0
480291209022,1646.0,82.0,72.0,93.0,75.0,1324.0
480291209021,1918.0,99.0,260.0,356.0,378.0,825.0
480291214033,1806.0,58.0,147.0,43.0,439.0,1119.0
480291214031,2342.0,167.0,395.0,425.0,358.0,997.0
480291216042,1308.0,15.0,42.0,147.0,117.0,987.0
480291216043,868.0,55.0,0.0,23.0,0.0,790.0
480291306004,1315.0,264.0,360.0,238.0,167.0,286.0
480291207022,837.0,45.0,30.0,88.0,0.0,674.0
480291213003,732.0,0.0,100.0,161.0,25.0,446.0
480291213001,2998.0,100.0,84.0,168.0,115.0,2531.0
480291703004,628.0,196.0,68.0,163.0,38.0,163.0
480291703002,267.0,0.0,35.0,47.0,30.0,155.0
480291703006,946.0,47.0,198.0,147.0,116.0,438.0
480291703005,1654.0,228.0,268.0,457.0,174.0,527.0
480291703003,1127.0,473.0,128.0,82.0,248.0,196.0
480291704024,596.0,161.0,0.0,64.0,100.0,271.0
480291704021,2193.0,227.0,775.0,388.0,242.0,561.0
480291706001,1260.0,68.0,186.0,246.0,166.0,594.0
480291706004,882.0,34.0,49.0,114.0,47.0,638.0
480291706003,1154.0,7.0,81.0,172.0,214.0,680.0
480291707003,2594.0,241.0,400.0,510.0,524.0,919.0
480291707002,1112.0,72.0,177.0,139.0,56.0,668.0
480291212044,1306.0,159.0,27.0,103.0,185.0,832.0
480291212043,1031.0,87.0,0.0,151.0,259.0,534.0
480291404001,882.0,2.0,34.0,219.0,255.0,372.0
480291404002,1089.0,74.0,99.0,41.0,117.0,758.0
480291504003,2845.0,43.0,694.0,298.0,163.0,1647.0
480291215052,745.0,0.0,48.0,38.0,28.0,631.0
480291403002,1209.0,286.0,190.0,233.0,195.0,305.0
480291403003,1235.0,43.0,349.0,377.0,144.0,322.0
480291520001,2672.0,513.0,279.0,321.0,188.0,1371.0
480291701011,846.0,150.0,91.0,86.0,109.0,410.0
480291701012,1518.0,59.0,288.0,302.0,380.0,489.0
480291718022,1175.0,188.0,87.0,208.0,81.0,611.0
480291718025,733.0,116.0,32.0,207.0,130.0,248.0
480291718023,1536.0,178.0,195.0,395.0,0.0,768.0
480291408004,881.0,340.0,86.0,98.0,207.0,150.0
480291408001,1334.0,43.0,433.0,47.0,240.0,571.0
480291408005,1497.0,38.0,173.0,686.0,235.0,365.0
480291408003,423.0,10.0,135.0,84.0,95.0,99.0
480291408002,1356.0,205.0,299.0,177.0,162.0,513.0
480291505023,1004.0,78.0,15.0,145.0,276.0,490.0
480291505022,1250.0,54.0,186.0,87.0,333.0,590.0
480291505021,1171.0,184.0,336.0,57.0,203.0,391.0
480291507006,359.0,16.0,78.0,99.0,9.0,157.0
480291507001,923.0,39.0,162.0,206.0,26.0,490.0
480291507003,1503.0,98.0,8.0,381.0,453.0,563.0
480291601004,2448.0,421.0,824.0,452.0,443.0,308.0
480291601003,1631.0,587.0,505.0,300.0,181.0,58.0
480291601001,1296.0,383.0,138.0,140.0,286.0,349.0
480291813023,1967.0,182.0,42.0,130.0,530.0,1083.0
480291809021,1093.0,204.0,326.0,68.0,51.0,444.0
480291809023,1556.0,237.0,586.0,127.0,41.0,565.0
480291809022,1264.0,71.0,45.0,262.0,268.0,618.0
480291809025,1979.0,16.0,493.0,52.0,186.0,1232.0
480291810031,1914.0,152.0,406.0,402.0,266.0,688.0
480291810051,1875.0,255.0,298.0,188.0,257.0,877.0
480291810052,552.0,10.0,151.0,94.0,78.0,219.0
480291815061,506.0,0.0,11.0,13.0,64.0,418.0
480291815062,1507.0,64.0,41.0,2.0,169.0,1231.0
480291817151,1078.0,88.0,0.0,0.0,202.0,788.0
480291203002,569.0,32.0,56.0,0.0,49.0,432.0
480291203003,1377.0,43.0,23.0,97.0,4.0,1210.0
480291203005,1085.0,27.0,37.0,0.0,32.0,989.0
480291205013,1414.0,62.0,437.0,186.0,192.0,537.0
480291205015,1365.0,154.0,43.0,113.0,368.0,687.0
480291205012,1500.0,232.0,307.0,264.0,184.0,513.0
480291205014,1577.0,294.0,53.0,232.0,121.0,877.0
480291211152,2646.0,43.0,213.0,25.0,42.0,2323.0
480291211153,1488.0,1.0,67.0,24.0,32.0,1364.0
480291211172,1257.0,0.0,82.0,134.0,69.0,972.0
480291211171,1760.0,45.0,0.0,259.0,128.0,1328.0
480291720021,5361.0,52.0,54.0,289.0,592.0,4374.0
480291817031,3099.0,134.0,520.0,72.0,228.0,2145.0
480291817032,2172.0,153.0,135.0,172.0,64.0,1648.0
480291803003,1572.0,174.0,317.0,256.0,518.0,307.0
480291803001,1052.0,68.0,101.0,245.0,109.0,529.0
480291803002,1436.0,100.0,127.0,293.0,160.0,756.0
480291817161,3273.0,0.0,313.0,473.0,543.0,1944.0
480291910034,921.0,49.0,3.0,260.0,110.0,499.0
480291910035,822.0,0.0,164.0,218.0,0.0,440.0
480291910033,1242.0,132.0,113.0,271.0,14.0,712.0
480291910031,1503.0,102.0,638.0,442.0,39.0,282.0
480291910032,4336.0,488.0,1126.0,792.0,166.0,1764.0
480291214041,1910.0,221.0,96.0,339.0,127.0,1127.0
480291214042,1762.0,475.0,388.0,405.0,75.0,419.0
480291214043,1678.0,192.0,419.0,365.0,105.0,597.0
480291313001,1499.0,0.0,151.0,712.0,397.0,239.0
480291313004,754.0,0.0,57.0,72.0,10.0,615.0
480291316061,2705.0,24.0,64.0,335.0,400.0,1882.0
480291103003,371.0,25.0,61.0,27.0,26.0,232.0
480291103002,1070.0,34.0,59.0,35.0,543.0,399.0
480291201001,3932.0,147.0,92.0,619.0,365.0,2709.0
480291206002,916.0,173.0,120.0,38.0,171.0,414.0
480291206003,669.0,62.0,92.0,0.0,39.0,476.0
480291206006,459.0,127.0,0.0,0.0,0.0,332.0
480291206005,956.0,198.0,3.0,9.0,0.0,746.0
480291517003,1533.0,46.0,516.0,6.0,7.0,958.0
480291517002,1594.0,173.0,172.0,152.0,133.0,964.0
480291517001,2048.0,53.0,5.0,333.0,517.0,1140.0
480291607013,945.0,44.0,91.0,69.0,82.0,659.0
480291306001,877.0,176.0,371.0,201.0,62.0,67.0
480291306003,980.0,236.0,210.0,181.0,139.0,214.0
480291306002,859.0,130.0,122.0,132.0,100.0,375.0
480291402003,670.0,30.0,45.0,140.0,45.0,410.0
480291402002,729.0,35.0,66.0,91.0,220.0,317.0
480291402001,618.0,51.0,74.0,162.0,35.0,296.0
480291402004,816.0,11.0,17.0,33.0,0.0,755.0
480291309001,2490.0,324.0,652.0,503.0,266.0,745.0
480291717004,2449.0,19.0,206.0,372.0,520.0,1332.0
480291719035,1692.0,0.0,59.0,42.0,73.0,1518.0
480291717006,1356.0,248.0,193.0,481.0,1.0,433.0
480291719032,791.0,27.0,249.0,50.0,232.0,233.0
480291719034,1109.0,73.0,0.0,121.0,624.0,291.0
480291509002,771.0,134.0,0.0,165.0,75.0,397.0
480291509001,1520.0,8.0,191.0,301.0,204.0,816.0
480291509005,1767.0,82.0,66.0,490.0,600.0,529.0
480291705003,1099.0,258.0,392.0,84.0,42.0,323.0
480291705004,1055.0,144.0,426.0,60.0,129.0,296.0
480291705002,1267.0,35.0,28.0,198.0,333.0,673.0
480291805042,3017.0,504.0,655.0,225.0,576.0,1057.0
480291205025,1036.0,309.0,258.0,69.0,149.0,251.0
480291205023,419.0,18.0,218.0,72.0,44.0,67.0
480291205026,991.0,12.0,0.0,405.0,237.0,337.0
480291205024,875.0,190.0,65.0,197.0,116.0,307.0
480291207012,1380.0,43.0,170.0,237.0,81.0,849.0
480291207011,1014.0,61.0,44.0,43.0,340.0,526.0
480291302002,700.0,111.0,58.0,244.0,37.0,250.0
480291410003,1694.0,82.0,549.0,172.0,431.0,460.0
480291410002,1264.0,183.0,349.0,121.0,341.0,270.0
480291516001,2161.0,45.0,545.0,184.0,211.0,1176.0
480291516004,1546.0,57.0,230.0,230.0,351.0,678.0
480291516002,918.0,15.0,61.0,224.0,106.0,512.0
480291817051,1885.0,12.0,204.0,45.0,258.0,1366.0
480291817052,1706.0,90.0,0.0,247.0,196.0,1173.0
480291512002,2736.0,95.0,728.0,443.0,340.0,1130.0
480291606001,1301.0,85.0,380.0,107.0,179.0,550.0
480291606003,2425.0,474.0,867.0,250.0,609.0,225.0
480291419003,1407.0,11.0,24.0,192.0,324.0,856.0
480291419002,1662.0,28.0,50.0,121.0,67.0,1396.0
480291515003,1134.0,42.0,74.0,342.0,93.0,583.0
480291515002,974.0,16.0,171.0,139.0,154.0,494.0
480291603003,666.0,91.0,55.0,91.0,233.0,196.0
480291603002,1044.0,31.0,172.0,130.0,226.0,485.0
480291603005,1495.0,263.0,129.0,330.0,100.0,673.0
480291612001,730.0,46.0,48.0,63.0,131.0,442.0
480291612002,2172.0,343.0,328.0,217.0,457.0,827.0
480291804003,754.0,25.0,21.0,336.0,36.0,336.0
480291804001,1929.0,109.0,151.0,93.0,447.0,1129.0
480291807012,2465.0,326.0,136.0,265.0,152.0,1586.0
480291811004,923.0,0.0,292.0,81.0,32.0,518.0
480291811002,924.0,31.0,65.0,16.0,47.0,765.0
480291811003,2829.0,82.0,113.0,188.0,212.0,2234.0
480291909015,1274.0,316.0,12.0,93.0,57.0,796.0
480291909013,367.0,120.0,25.0,29.0,69.0,124.0
480291809014,1045.0,53.0,32.0,0.0,474.0,486.0
480291813031,1960.0,301.0,540.0,259.0,292.0,568.0
480291815041,2049.0,80.0,157.0,535.0,165.0,1112.0
480291815042,2632.0,247.0,129.0,640.0,187.0,1429.0
480291816012,2351.0,242.0,234.0,336.0,200.0,1339.0
480291906011,1731.0,41.0,47.0,323.0,183.0,1137.0
480291818091,1330.0,14.0,9.0,197.0,140.0,970.0
480291818092,2281.0,173.0,379.0,242.0,431.0,1056.0
480291818094,1386.0,100.0,80.0,79.0,132.0,995.0
480291906013,973.0,33.0,91.0,322.0,318.0,209.0
480291910041,1656.0,228.0,352.0,261.0,256.0,559.0
480291910043,849.0,74.0,184.0,147.0,28.0,416.0
480291813022,2394.0,105.0,66.0,105.0,206.0,1912.0
480291212063,786.0,29.0,33.0,76.0,84.0,564.0
480291212061,1294.0,0.0,0.0,0.0,175.0,1119.0
480291212065,2299.0,0.0,303.0,205.0,1199.0,592.0
480291212062,1193.0,0.0,0.0,0.0,79.0,1114.0
480291214022,1233.0,50.0,0.0,43.0,528.0,612.0
480291214021,6269.0,286.0,644.0,1087.0,524.0,3728.0
480291218031,1622.0,25.0,66.0,127.0,92.0,1312.0
480291218032,689.0,27.0,11.0,22.0,170.0,459.0
480291218033,2202.0,116.0,39.0,264.0,33.0,1750.0
480291218041,2224.0,138.0,81.0,151.0,214.0,1640.0
480291218042,3031.0,526.0,34.0,192.0,207.0,2072.0
480291218043,1854.0,378.0,580.0,159.0,307.0,430.0
480291308001,3052.0,339.0,288.0,849.0,469.0,1107.0
480291308004,1543.0,274.0,541.0,282.0,61.0,385.0
480291308002,795.0,153.0,72.0,45.0,232.0,293.0
480291308003,509.0,0.0,245.0,30.0,0.0,234.0
480291311003,902.0,44.0,79.0,63.0,166.0,550.0
480291311002,929.0,116.0,90.0,171.0,146.0,406.0
480291602002,1009.0,4.0,137.0,196.0,118.0,554.0
480291817134,1793.0,85.0,578.0,291.0,169.0,670.0
480291817132,1858.0,0.0,0.0,329.0,264.0,1265.0
480291817133,1878.0,91.0,233.0,76.0,128.0,1350.0
480291815054,1399.0,88.0,0.0,181.0,94.0,1036.0
480291815053,1067.0,57.0,55.0,0.0,107.0,848.0
480291815051,849.0,22.0,21.0,0.0,103.0,703.0
480291817042,1476.0,15.0,525.0,159.0,337.0,440.0
480291817044,985.0,9.0,82.0,0.0,226.0,668.0
480291817111,3392.0,345.0,101.0,0.0,94.0,2852.0
480291907002,701.0,73.0,126.0,120.0,74.0,308.0
480291907003,1389.0,246.0,134.0,428.0,130.0,451.0
480291607011,1538.0,173.0,396.0,227.0,322.0,420.0
480291607012,1319.0,140.0,109.0,378.0,317.0,375.0
480291718011,1244.0,8.0,119.0,196.0,179.0,742.0
480291718013,1351.0,0.0,199.0,209.0,68.0,875.0
480291718014,1006.0,196.0,62.0,307.0,85.0,356.0
480291718012,2016.0,138.0,240.0,58.0,641.0,939.0
480291802013,2243.0,291.0,762.0,259.0,209.0,722.0
480291802012,842.0,19.0,29.0,81.0,124.0,589.0
480291802014,1261.0,54.0,164.0,109.0,189.0,745.0
480291802011,599.0,26.0,103.0,173.0,32.0,265.0
480291812001,589.0,0.0,14.0,73.0,15.0,487.0
480291812004,1495.0,17.0,18.0,0.0,32.0,1428.0
480291812002,797.0,0.0,0.0,30.0,0.0,767.0
480291812005,1123.0,121.0,14.0,16.0,0.0,972.0
480291514004,918.0,0.0,359.0,99.0,158.0,302.0
480291511003,801.0,66.0,33.0,291.0,99.0,312.0
480291511001,925.0,0.0,630.0,92.0,19.0,184.0
480291514001,905.0,116.0,36.0,250.0,210.0,293.0
480291514002,1548.0,114.0,105.0,409.0,519.0,401.0
480291905012,1594.0,137.0,305.0,124.0,189.0,839.0
480291905013,1046.0,38.0,239.0,74.0,24.0,671.0
480291905011,961.0,0.0,8.0,464.0,123.0,366.0
480291908001,842.0,27.0,13.0,25.0,23.0,754.0
480291908002,1157.0,25.0,0.0,6.0,11.0,1115.0
480291909011,1175.0,0.0,32.0,46.0,23.0,1074.0
480291909012,2364.0,225.0,422.0,238.0,385.0,1094.0
480291909021,1765.0,14.0,224.0,71.0,158.0,1298.0
480291909023,678.0,5.0,62.0,20.0,0.0,591.0
480291810012,1753.0,130.0,61.0,96.0,229.0,1237.0
480291810042,3009.0,648.0,390.0,96.0,211.0,1664.0
480291810041,2299.0,235.0,93.0,173.0,474.0,1324.0
480291901004,1072.0,233.0,150.0,203.0,124.0,362.0
480291901003,1050.0,58.0,56.0,455.0,43.0,438.0
480291901002,940.0,45.0,214.0,71.0,9.0,601.0
480291719021,2151.0,74.0,312.0,41.0,257.0,1467.0
480291311001,621.0,186.0,31.0,134.0,44.0,226.0
480291203008,672.0,52.0,34.0,73.0,0.0,513.0
480291203007,698.0,9.0,0.0,0.0,0.0,689.0
480291501001,1441.0,16.0,104.0,186.0,322.0,813.0
480291501004,1334.0,130.0,166.0,175.0,333.0,530.0
480291506004,1285.0,24.0,277.0,535.0,200.0,249.0
480291506003,933.0,128.0,176.0,185.0,149.0,295.0
480291511007,1708.0,285.0,30.0,314.0,23.0,1056.0
480291511005,1038.0,239.0,381.0,50.0,44.0,324.0
480291511004,1351.0,0.0,63.0,127.0,637.0,524.0
480291918042,2781.0,73.0,17.0,0.0,197.0,2494.0
480291918041,1900.0,14.0,79.0,344.0,0.0,1463.0
480291210004,1067.0,22.0,176.0,106.0,13.0,750.0
480291210003,2843.0,182.0,170.0,621.0,375.0,1495.0
480291210005,1463.0,33.0,369.0,96.0,72.0,893.0
480291210006,1466.0,39.0,1.0,167.0,101.0,1158.0
480291211102,1436.0,112.0,130.0,54.0,0.0,1140.0
480291215062,1002.0,0.0,33.0,83.0,115.0,771.0
480291215061,1129.0,76.0,30.0,177.0,124.0,722.0
480291305001,661.0,332.0,95.0,16.0,85.0,133.0
480291305003,2185.0,401.0,512.0,427.0,161.0,684.0
480291305002,855.0,230.0,237.0,139.0,56.0,193.0
480291305004,1097.0,100.0,379.0,288.0,86.0,244.0
480291904003,776.0,104.0,120.0,140.0,23.0,389.0
480291211081,1246.0,5.0,33.0,2.0,76.0,1130.0
480291211083,1999.0,72.0,129.0,376.0,240.0,1182.0
480291211084,1016.0,0.0,35.0,159.0,100.0,722.0
480291207015,1203.0,20.0,16.0,228.0,31.0,908.0
480291215042,637.0,17.0,15.0,162.0,0.0,443.0
480291215041,1272.0,14.0,81.0,582.0,15.0,580.0
480291503001,974.0,170.0,209.0,31.0,177.0,387.0
480291503004,1689.0,134.0,191.0,646.0,52.0,666.0
480291503003,851.0,115.0,50.0,78.0,55.0,553.0
480291602003,1016.0,8.0,77.0,465.0,83.0,383.0
480291508002,627.0,45.0,2.0,27.0,264.0,289.0
480291508003,937.0,440.0,274.0,29.0,9.0,185.0
480291712003,1461.0,33.0,387.0,418.0,58.0,565.0
480291418001,1163.0,41.0,202.0,90.0,223.0,607.0
480291418002,581.0,89.0,155.0,35.0,114.0,188.0
480291512005,4102.0,183.0,150.0,735.0,236.0,2798.0
480291512003,993.0,321.0,59.0,134.0,58.0,421.0
480291512001,1183.0,96.0,172.0,78.0,34.0,803.0
480291107001,1114.0,180.0,196.0,285.0,112.0,341.0
480291904001,535.0,32.0,9.0,28.0,9.0,457.0
480291719121,5161.0,148.0,46.0,356.0,16.0,4595.0
480291817122,1466.0,58.0,42.0,165.0,123.0,1078.0
480291816023,1475.0,25.0,145.0,496.0,264.0,545.0
480291816021,811.0,55.0,23.0,140.0,5.0,588.0
480291818081,1530.0,256.0,112.0,76.0,19.0,1067.0
480291821021,1726.0,80.0,341.0,0.0,0.0,1305.0
480291911011,847.0,28.0,60.0,0.0,16.0,743.0
480291911012,964.0,12.0,7.0,76.0,67.0,802.0
480291219082,1911.0,0.0,68.0,0.0,84.0,1759.0
480291219091,3303.0,11.0,8.0,14.0,152.0,3118.0
480291219092,4527.0,163.0,65.0,486.0,133.0,3680.0
480291219101,6037.0,16.0,133.0,65.0,12.0,5811.0
480291219102,985.0,0.0,0.0,22.0,0.0,963.0
480291304011,916.0,208.0,195.0,130.0,243.0,140.0
480291304012,935.0,48.0,110.0,279.0,159.0,339.0
480291304013,1254.0,204.0,437.0,125.0,90.0,398.0
480291304014,850.0,167.0,50.0,220.0,158.0,255.0
480291304021,1125.0,123.0,211.0,236.0,41.0,514.0
480291304022,1737.0,422.0,603.0,479.0,107.0,126.0
480291304023,1380.0,210.0,90.0,294.0,381.0,405.0
480291314011,6831.0,177.0,730.0,653.0,278.0,4993.0
480291314012,3746.0,204.0,228.0,248.0,769.0,2297.0
480291314021,615.0,67.0,95.0,160.0,33.0,260.0
480291719182,992.0,144.0,0.0,39.0,127.0,682.0
480291719184,1784.0,0.0,64.0,0.0,14.0,1706.0
480291719191,4969.0,103.0,397.0,587.0,962.0,2920.0
480291719202,5287.0,179.0,124.0,579.0,1329.0,3076.0
480291719211,2752.0,159.0,378.0,167.0,187.0,1861.0
480291719213,1098.0,18.0,90.0,76.0,17.0,897.0
480291719221,3809.0,55.0,495.0,247.0,241.0,2771.0
480291719232,1495.0,193.0,21.0,333.0,71.0,877.0
480291719233,2447.0,101.0,221.0,373.0,201.0,1551.0
480291719241,4910.0,272.0,278.0,473.0,461.0,3426.0
480291720022,6499.0,79.0,138.0,0.0,951.0,5331.0
480291719242,2120.0,111.0,44.0,0.0,43.0,1922.0
480291719252,1996.0,113.0,43.0,193.0,31.0,1616.0
480291719254,3103.0,274.0,551.0,466.0,153.0,1659.0
480291720031,3411.0,59.0,26.0,147.0,257.0,2922.0
480291720032,2948.0,72.0,142.0,251.0,165.0,2318.0
480291720051,4694.0,67.0,271.0,175.0,265.0,3916.0
480291720052,7151.0,59.0,480.0,153.0,359.0,6100.0
480291720062,2249.0,110.0,0.0,0.0,58.0,2081.0
480291720063,1958.0,206.0,148.0,112.0,248.0,1244.0
480291720072,2368.0,0.0,13.0,94.0,56.0,2205.0
480291720073,4770.0,147.0,0.0,177.0,0.0,4446.0
480291801012,1355.0,71.0,124.0,264.0,198.0,698.0
480291315031,991.0,122.0,76.0,73.0,45.0,675.0
480291315032,828.0,10.0,28.0,112.0,86.0,592.0
480291315041,1392.0,353.0,0.0,178.0,158.0,703.0
480291315042,1206.0,7.0,638.0,33.0,57.0,471.0
480291315051,2445.0,18.0,118.0,550.0,393.0,1366.0
480291315052,2812.0,20.0,433.0,161.0,268.0,1930.0
480291315062,2557.0,40.0,187.0,214.0,183.0,1933.0
480291316081,2574.0,91.0,310.0,562.0,383.0,1228.0
480291315071,3141.0,137.0,868.0,172.0,520.0,1444.0
480291315073,2526.0,251.0,612.0,448.0,249.0,966.0
480291316012,3470.0,8.0,29.0,56.0,0.0,3377.0
480291316082,3350.0,193.0,104.0,165.0,219.0,2669.0
480291316092,1956.0,150.0,24.0,218.0,165.0,1399.0
480291316093,2987.0,0.0,146.0,39.0,390.0,2412.0
480291316102,2366.0,127.0,0.0,3.0,361.0,1875.0
480291316111,1045.0,48.0,46.0,33.0,63.0,855.0
480291316131,1544.0,0.0,0.0,358.0,122.0,1064.0
480291316132,2856.0,121.0,166.0,434.0,345.0,1790.0
480291316142,439.0,0.0,35.0,0.0,30.0,374.0
480291316151,2947.0,5.0,3.0,432.0,0.0,2507.0
480291316153,1679.0,0.0,171.0,279.0,0.0,1229.0
480291316154,1445.0,79.0,363.0,75.0,142.0,786.0
480291318012,678.0,11.0,3.0,6.0,0.0,658.0
480291318021,1974.0,37.0,82.0,120.0,113.0,1622.0
480291318023,2007.0,174.0,140.0,342.0,84.0,1267.0
480291411011,950.0,65.0,166.0,200.0,170.0,349.0
480291411013,1489.0,131.0,576.0,120.0,204.0,458.0
480291411021,1148.0,249.0,151.0,281.0,193.0,274.0
480291411023,1641.0,89.0,77.0,510.0,331.0,634.0
480291414022,1790.0,111.0,61.0,0.0,22.0,1596.0
480291414032,2675.0,120.0,255.0,328.0,510.0,1462.0
480291414041,2552.0,226.0,79.0,76.0,581.0,1590.0
480291414043,1017.0,100.0,254.0,106.0,270.0,287.0
480291416002,2059.0,62.0,191.0,161.0,376.0,1269.0
480291513011,823.0,9.0,138.0,51.0,55.0,570.0
480291513012,1037.0,35.0,356.0,278.0,77.0,291.0
480291513013,1290.0,92.0,63.0,290.0,230.0,615.0
480291513014,2461.0,98.0,356.0,311.0,119.0,1577.0
480291513021,1841.0,287.0,198.0,175.0,274.0,907.0
480291513022,1734.0,140.0,242.0,368.0,198.0,786.0
480291521003,828.0,245.0,211.0,10.0,30.0,332.0
480291521004,1884.0,60.0,283.0,200.0,88.0,1253.0
480291522011,3337.0,651.0,601.0,167.0,138.0,1780.0
480291522012,2670.0,150.0,700.0,227.0,518.0,1075.0
480291522013,1588.0,28.0,230.0,120.0,435.0,775.0
480291522021,3646.0,142.0,246.0,795.0,1025.0,1438.0
480291605011,2416.0,1313.0,341.0,399.0,17.0,346.0
480291605012,1022.0,219.0,119.0,10.0,159.0,515.0
480291605021,566.0,111.0,79.0,256.0,58.0,62.0
480291609013,1212.0,127.0,132.0,392.0,63.0,498.0
480291605022,1147.0,187.0,262.0,16.0,312.0,370.0
480291605024,1474.0,9.0,260.0,267.0,88.0,850.0
480291609011,881.0,185.0,153.0,45.0,155.0,343.0
480291609021,2152.0,216.0,128.0,605.0,263.0,940.0
480291609023,1485.0,209.0,380.0,284.0,399.0,213.0
480291613022,1970.0,232.0,162.0,545.0,311.0,720.0
480291613032,2453.0,58.0,423.0,864.0,339.0,769.0
480291613041,2087.0,161.0,189.0,305.0,728.0,704.0
480291614001,1773.0,172.0,10.0,111.0,141.0,1339.0
480291615031,2270.0,166.0,331.0,479.0,207.0,1087.0
480291615033,1273.0,195.0,254.0,353.0,14.0,457.0
480291615041,1681.0,239.0,184.0,183.0,360.0,715.0
480291618011,3344.0,169.0,229.0,124.0,304.0,2518.0
480291618012,987.0,19.0,34.0,744.0,66.0,124.0
480291618022,3908.0,342.0,720.0,582.0,845.0,1419.0
480291619011,1109.0,46.0,170.0,245.0,184.0,464.0
480291619022,3545.0,94.0,738.0,192.0,448.0,2073.0
480291619023,3240.0,93.0,157.0,515.0,155.0,2320.0
480291620032,1544.0,113.0,73.0,225.0,208.0,925.0
480291620033,1372.0,268.0,264.0,23.0,330.0,487.0
480291620042,2355.0,211.0,96.0,236.0,495.0,1317.0
480291713011,837.0,82.0,134.0,158.0,134.0,329.0
480291713021,798.0,61.0,11.0,0.0,326.0,400.0
480291713022,804.0,13.0,270.0,43.0,56.0,422.0
480291716011,2128.0,16.0,516.0,275.0,127.0,1194.0
480291716013,1210.0,253.0,375.0,183.0,30.0,369.0
480291716021,2658.0,546.0,819.0,427.0,283.0,583.0
480291719022,4623.0,162.0,392.0,46.0,769.0,3254.0
480291719023,7801.0,1141.0,1631.0,1170.0,1251.0,2608.0
480291719131,4746.0,296.0,881.0,604.0,759.0,2206.0
480291719132,1657.0,117.0,112.0,250.0,236.0,942.0
480291719142,2012.0,94.0,73.0,12.0,157.0,1676.0
480291719143,2018.0,304.0,40.0,98.0,314.0,1262.0
480291719161,3625.0,95.0,27.0,150.0,420.0,2933.0
480291719162,1869.0,61.0,49.0,89.0,297.0,1373.0
480291719171,4034.0,109.0,120.0,98.0,80.0,3627.0
480291719172,5515.0,83.0,29.0,230.0,542.0,4631.0
480291215053,2063.0,160.0,0.0,145.0,401.0,1357.0
480291216051,1353.0,164.0,174.0,86.0,49.0,880.0
480291216052,680.0,16.0,46.0,27.0,33.0,558.0
480291216062,2633.0,156.0,54.0,188.0,216.0,2019.0
480291216063,1016.0,63.0,30.0,52.0,0.0,871.0
480291217011,1508.0,87.0,191.0,89.0,111.0,1030.0
480291217012,811.0,0.0,12.0,96.0,0.0,703.0
480291217014,1221.0,111.0,232.0,56.0,176.0,646.0
480291217021,3477.0,0.0,278.0,136.0,14.0,3049.0
480291217023,2809.0,58.0,82.0,449.0,242.0,1978.0
480291218081,727.0,0.0,4.0,13.0,15.0,695.0
480291218091,1041.0,163.0,58.0,171.0,123.0,526.0
480291218092,2298.0,56.0,61.0,195.0,104.0,1882.0
480291218101,3422.0,92.0,353.0,208.0,137.0,2632.0
480291218102,1419.0,130.0,37.0,0.0,0.0,1252.0
480291218112,1108.0,0.0,0.0,36.0,103.0,969.0
480291218121,4193.0,113.0,739.0,580.0,238.0,2523.0
480291219032,3367.0,109.0,88.0,139.0,209.0,2822.0
480291218123,590.0,12.0,0.0,0.0,44.0,534.0
480291218124,628.0,5.0,0.0,0.0,150.0,473.0
480291219031,2382.0,35.0,62.0,9.0,146.0,2130.0
480291219042,2193.0,0.0,39.0,38.0,117.0,1999.0
480291219051,1936.0,124.0,11.0,0.0,63.0,1738.0
480291219061,2760.0,9.0,13.0,38.0,46.0,2654.0
480291219062,2564.0,273.0,0.0,115.0,43.0,2133.0
480291219072,10968.0,148.0,269.0,984.0,579.0,8988.0
480291219081,1816.0,59.0,0.0,0.0,155.0,1602.0
480291209024,1628.0,170.0,89.0,145.0,252.0,972.0
480291211103,1561.0,0.0,70.0,56.0,133.0,1302.0
480291211183,1898.0,13.0,1.0,2.0,0.0,1882.0
480291211192,3528.0,303.0,13.0,78.0,474.0,2660.0
480291211193,1960.0,229.0,54.0,88.0,151.0,1438.0
480291211202,2199.0,28.0,0.0,131.0,176.0,1864.0
480291211211,1734.0,28.0,0.0,0.0,16.0,1690.0
480291211212,1159.0,1.0,2.0,18.0,1.0,1137.0
480291211221,1756.0,55.0,86.0,50.0,24.0,1541.0
480291211222,1565.0,85.0,65.0,9.0,61.0,1345.0
480291211223,2399.0,14.0,42.0,52.0,263.0,2028.0
480291215014,2281.0,16.0,23.0,660.0,41.0,1541.0
480291713023,1046.0,150.0,385.0,247.0,114.0,150.0
480291713024,858.0,6.0,338.0,131.0,109.0,274.0
480291714012,2799.0,190.0,258.0,355.0,382.0,1614.0
480291714021,2795.0,338.0,766.0,428.0,425.0,838.0
480291714023,2656.0,195.0,147.0,673.0,443.0,1198.0
480291715011,1279.0,96.0,314.0,132.0,133.0,604.0
480291715021,1429.0,166.0,152.0,221.0,300.0,590.0
480291715022,810.0,0.0,322.0,96.0,223.0,169.0
480291715024,1366.0,113.0,357.0,229.0,93.0,574.0
480291914121,2412.0,0.0,12.0,57.0,18.0,2325.0
480291914131,2978.0,57.0,178.0,115.0,138.0,2490.0
480291914132,3285.0,280.0,77.0,483.0,181.0,2264.0
480291915031,2254.0,38.0,41.0,132.0,71.0,1972.0
480291915032,1820.0,191.0,0.0,23.0,51.0,1555.0
480291915033,1156.0,18.0,11.0,0.0,0.0,1127.0
480291915041,1169.0,81.0,5.0,0.0,17.0,1066.0
480291915042,1385.0,17.0,10.0,64.0,30.0,1264.0
480291915051,1006.0,14.0,0.0,0.0,49.0,943.0
480291915052,1270.0,14.0,0.0,5.0,0.0,1251.0
480291915061,2115.0,163.0,2.0,43.0,66.0,1841.0
480291915062,2914.0,173.0,205.0,349.0,211.0,1976.0
480291915063,1497.0,77.0,0.0,13.0,0.0,1407.0
480291917012,715.0,16.0,4.0,104.0,0.0,591.0
480291917021,3667.0,64.0,177.0,130.0,18.0,3278.0
480291917023,991.0,0.0,119.0,0.0,0.0,872.0
480291917024,1205.0,4.0,24.0,0.0,0.0,1177.0
480291918061,1135.0,32.0,0.0,16.0,48.0,1039.0
480291918062,1521.0,20.0,14.0,49.0,61.0,1377.0
480291918071,4012.0,222.0,266.0,48.0,151.0,3325.0
480291918072,2503.0,125.0,19.0,181.0,88.0,2090.0
480291918082,1398.0,38.0,0.0,80.0,54.0,1226.0
480291918091,5320.0,244.0,94.0,222.0,94.0,4666.0
480291918101,2742.0,59.0,23.0,60.0,148.0,2452.0
480291918102,2097.0,8.0,18.0,55.0,66.0,1950.0
480291918121,2814.0,73.0,88.0,0.0,15.0,2638.0
480291918122,1445.0,11.0,0.0,0.0,40.0,1394.0
480291918132,2330.0,163.0,237.0,48.0,122.0,1760.0
480291821062,3882.0,9.0,198.0,0.0,49.0,3626.0
480291905031,1255.0,9.0,82.0,176.0,177.0,811.0
480291905033,1792.0,97.0,0.0,248.0,388.0,1059.0
480291905041,1417.0,88.0,72.0,165.0,104.0,988.0
480291906031,1516.0,346.0,161.0,180.0,291.0,538.0
480291906032,1576.0,29.0,131.0,576.0,240.0,600.0
480291906042,1262.0,52.0,362.0,93.0,288.0,467.0
480291906043,1465.0,72.0,146.0,394.0,100.0,753.0
480291910052,1080.0,36.0,66.0,123.0,95.0,760.0
480291910061,1075.0,238.0,54.0,0.0,356.0,427.0
480291910063,1720.0,37.0,242.0,338.0,283.0,820.0
480291801014,630.0,18.0,69.0,18.0,58.0,467.0
480291801015,681.0,34.0,67.0,158.0,0.0,422.0
480291801021,832.0,33.0,28.0,101.0,60.0,610.0
480291806044,630.0,48.0,69.0,59.0,0.0,454.0
480291801022,1076.0,117.0,46.0,5.0,172.0,736.0
480291806041,2231.0,20.0,621.0,315.0,190.0,1085.0
480291806042,2061.0,223.0,0.0,288.0,106.0,1444.0
480291806045,1021.0,171.0,56.0,50.0,67.0,677.0
480291810033,3893.0,760.0,605.0,351.0,338.0,1839.0
480291813032,2215.0,209.0,696.0,465.0,210.0,635.0
480291814032,2683.0,126.0,185.0,935.0,225.0,1212.0
480291814033,1633.0,18.0,34.0,267.0,48.0,1266.0
480291814042,1525.0,160.0,79.0,203.0,175.0,908.0
480291815032,4369.0,241.0,407.0,354.0,776.0,2591.0
480291817112,2109.0,77.0,77.0,40.0,64.0,1851.0
480291817113,3456.0,116.0,79.0,163.0,584.0,2514.0
480291817153,1696.0,10.0,251.0,254.0,218.0,963.0
480291817162,1791.0,9.0,33.0,310.0,594.0,845.0
480291817163,2542.0,75.0,249.0,236.0,179.0,1803.0
480291817164,1064.0,105.0,94.0,0.0,34.0,831.0
480291817183,1783.0,147.0,0.0,54.0,209.0,1373.0
480291817201,4329.0,41.0,14.0,79.0,108.0,4087.0
480291817202,790.0,6.0,0.0,57.0,96.0,631.0
480291817211,2202.0,47.0,3.0,0.0,164.0,1988.0
480291817212,1685.0,35.0,0.0,107.0,310.0,1233.0
480291817231,1833.0,56.0,0.0,14.0,555.0,1208.0
480291817221,1990.0,0.0,21.0,67.0,251.0,1651.0
480291817222,1513.0,68.0,37.0,2.0,80.0,1326.0
480291817223,1642.0,10.0,7.0,150.0,258.0,1217.0
480291817232,1035.0,66.0,13.0,0.0,133.0,823.0
480291817233,2371.0,116.0,64.0,149.0,50.0,1992.0
480291817241,3225.0,35.0,0.0,172.0,208.0,2810.0
480291817242,2489.0,16.0,51.0,25.0,102.0,2295.0
480291817251,2485.0,52.0,363.0,605.0,392.0,1073.0
480291817261,2719.0,165.0,0.0,91.0,32.0,2431.0
480291817262,4013.0,198.0,94.0,817.0,63.0,2841.0
480291817271,3452.0,26.0,200.0,713.0,210.0,2303.0
480291817272,788.0,0.0,0.0,48.0,231.0,509.0
480291817282,5343.0,0.0,102.0,304.0,340.0,4597.0
480291817291,9776.0,38.0,469.0,130.0,420.0,8719.0
480291817302,2803.0,45.0,37.0,48.0,324.0,2349.0
480291817311,1419.0,0.0,0.0,0.0,43.0,1376.0
480291817313,2348.0,365.0,22.0,0.0,46.0,1915.0
480291817314,1707.0,22.0,17.0,110.0,37.0,1521.0
480291818131,2386.0,208.0,249.0,277.0,238.0,1414.0
480291818133,2962.0,472.0,343.0,347.0,378.0,1422.0
480291818141,3727.0,354.0,258.0,95.0,390.0,2630.0
480291818151,1219.0,7.0,39.0,18.0,110.0,1045.0
480291818152,2058.0,124.0,112.0,46.0,144.0,1632.0
480291818162,3313.0,140.0,306.0,109.0,170.0,2588.0
480291818171,2309.0,83.0,49.0,287.0,153.0,1737.0
480291818181,2339.0,152.0,157.0,309.0,100.0,1621.0
480291818182,1977.0,13.0,0.0,232.0,256.0,1476.0
480291818191,821.0,55.0,222.0,30.0,52.0,462.0
480291818192,6321.0,900.0,1027.0,551.0,523.0,3320.0
480291818202,4833.0,1421.0,656.0,485.0,537.0,1734.0
480291818211,1011.0,57.0,25.0,39.0,52.0,838.0
480291818221,1345.0,8.0,118.0,24.0,69.0,1126.0
480291818222,1627.0,58.0,32.0,178.0,0.0,1359.0
480291818231,3451.0,922.0,339.0,335.0,276.0,1579.0
480291818241,1291.0,21.0,0.0,48.0,10.0,1212.0
480291912012,1527.0,140.0,33.0,183.0,73.0,1098.0
480291910064,1391.0,23.0,416.0,142.0,142.0,668.0
480291912011,1382.0,48.0,11.0,158.0,91.0,1074.0
480291912021,1336.0,102.0,144.0,62.0,100.0,928.0
480291912022,1850.0,128.0,580.0,268.0,190.0,684.0
480291912023,676.0,0.0,83.0,0.0,0.0,593.0
480291912024,1249.0,16.0,59.0,178.0,142.0,854.0
480291913031,1779.0,79.0,93.0,38.0,57.0,1512.0
480291913041,835.0,40.0,6.0,46.0,129.0,614.0
480291913042,1901.0,201.0,641.0,232.0,288.0,539.0
480291914062,2166.0,0.0,82.0,0.0,0.0,2084.0
480291914063,1920.0,46.0,74.0,100.0,51.0,1649.0
480291914082,1047.0,44.0,100.0,83.0,215.0,605.0
480291914101,1234.0,194.0,69.0,187.0,252.0,532.0
480291914102,2297.0,0.0,166.0,175.0,648.0,1308.0
480291914103,1493.0,23.0,215.0,231.0,251.0,773.0
480291914111,1905.0,315.0,88.0,74.0,212.0,1216.0
480291914112,2660.0,110.0,97.0,143.0,154.0,2156.0
480291818242,2210.0,332.0,246.0,101.0,264.0,1267.0
480291818251,1606.0,28.0,134.0,31.0,125.0,1288.0
480291818252,3202.0,196.0,39.0,68.0,52.0,2847.0
480291818261,1892.0,125.0,143.0,1.0,149.0,1474.0
480291818262,2984.0,0.0,114.0,200.0,208.0,2462.0
480291818263,1368.0,149.0,0.0,0.0,0.0,1219.0
480291818264,1730.0,0.0,0.0,0.0,0.0,1730.0
480291819011,3113.0,1071.0,712.0,351.0,441.0,538.0
480291819012,2634.0,77.0,0.0,32.0,37.0,2488.0
480291819021,5717.0,103.0,244.0,90.0,76.0,5204.0
480291819022,2714.0,32.0,31.0,0.0,0.0,2651.0
480291820011,2368.0,58.0,44.0,48.0,61.0,2157.0
480291820012,3493.0,118.0,80.0,102.0,231.0,2962.0
480291820021,5652.0,150.0,97.0,384.0,97.0,4924.0
480291820023,3436.0,0.0,0.0,134.0,16.0,3286.0
480291820032,1517.0,151.0,37.0,13.0,28.0,1288.0
480291821012,2100.0,0.0,80.0,16.0,210.0,1794.0
480291821022,2071.0,0.0,66.0,0.0,214.0,1791.0
480291821023,4571.0,107.0,0.0,0.0,43.0,4421.0
480291821061,3360.0,7.0,0.0,111.0,164.0,3078.0
480291918142,2413.0,0.0,0.0,0.0,67.0,2346.0
480291918151,3027.0,106.0,115.0,54.0,0.0,2752.0
480291918161,1699.0,19.0,43.0,111.0,23.0,1503.0
480291918162,1143.0,0.0,25.0,16.0,81.0,1021.0
480291918172,3728.0,34.0,0.0,86.0,0.0,3608.0
480291919001,983.0,336.0,37.0,64.0,13.0,533.0
480291919003,713.0,91.0,18.0,346.0,59.0,199.0
480291919004,846.0,158.0,166.0,145.0,74.0,303.0
480291920001,1014.0,28.0,0.0,54.0,164.0,768.0
480291920002,1302.0,142.0,458.0,43.0,0.0,659.0
480291920004,492.0,54.0,0.0,0.0,76.0,362.0
480291920005,302.0,13.0,26.0,107.0,0.0,156.0
480291921002,979.0,22.0,11.0,43.0,102.0,801.0
480291922001,1422.0,103.0,94.0,79.0,69.0,1077.0
480291923001,742.0,136.0,41.0,91.0,2.0,472.0
480291923002,2391.0,45.0,12.0,139.0,142.0,2053.0
480291923003,1049.0,48.0,0.0,0.0,0.0,1001.0
480291923004,824.0,117.0,0.0,63.0,152.0,492.0
480299800011,0.0,0.0,0.0,0.0,0.0,0.0
480299800021,0.0,0.0,0.0,0.0,0.0,0.0
480299800031,705.0,38.0,39.0,77.0,145.0,406.0
480299800041,0.0,0.0,0.0,0.0,0.0,0.0
480299800051,8.0,0.0,0.0,0.0,0.0,8.0
480299801001,285.0,33.0,42.0,0.0,122.0,88.0
480291805033,2400.0,163.0,197.0,74.0,486.0,1480.0
480291704011,1158.0,59.0,51.0,193.0,344.0,511.0
480291914081,1872.0,104.0,225.0,186.0,268.0,1089.0
480291914091,3898.0,329.0,104.0,389.0,393.0,2683.0
480291412006,1155.0,85.0,1.0,0.0,70.0,999.0
480291412003,1169.0,0.0,124.0,18.0,550.0,477.0
480291501002,1894.0,49.0,357.0,273.0,716.0,499.0
480291407002,978.0,160.0,130.0,90.0,149.0,449.0
480291413002,2826.0,40.0,453.0,606.0,29.0,1698.0
480291414021,3327.0,150.0,156.0,296.0,283.0,2442.0
480291806022,1980.0,315.0,150.0,503.0,141.0,871.0
480291101003,1108.0,74.0,206.0,66.0,30.0,732.0
480291211121,2192.0,137.0,230.0,192.0,132.0,1501.0
480291519002,4979.0,581.0,143.0,431.0,533.0,3291.0
480291409001,985.0,24.0,249.0,54.0,370.0,288.0
480291505011,858.0,21.0,63.0,292.0,120.0,362.0
480291505013,1156.0,81.0,190.0,325.0,241.0,319.0
480291110001,1059.0,66.0,134.0,353.0,265.0,241.0
480291204002,684.0,0.0,0.0,36.0,0.0,648.0
480291204006,698.0,4.0,3.0,21.0,83.0,587.0
480291204004,1184.0,0.0,19.0,0.0,0.0,1165.0
480291710005,577.0,100.0,86.0,91.0,239.0,61.0
480291710003,1732.0,223.0,706.0,329.0,90.0,384.0
480291717005,1040.0,109.0,0.0,66.0,193.0,672.0
480291213004,1631.0,48.0,252.0,0.0,72.0,1259.0
480291215012,2413.0,16.0,39.0,503.0,87.0,1768.0
480291215073,1068.0,41.0,62.0,164.0,152.0,649.0
480291312001,1770.0,464.0,442.0,331.0,41.0,492.0
480291404003,960.0,53.0,119.0,63.0,14.0,711.0
480291101001,669.0,59.0,73.0,17.0,107.0,413.0
480291209023,1879.0,13.0,352.0,338.0,294.0,882.0
480291214032,1315.0,15.0,43.0,476.0,95.0,686.0
480291216041,4153.0,75.0,42.0,361.0,634.0,3041.0
480291216044,2332.0,56.0,361.0,490.0,166.0,1259.0
480291207023,1126.0,66.0,14.0,64.0,320.0,662.0
480291213002,1120.0,89.0,147.0,128.0,79.0,677.0
480291703001,1233.0,59.0,199.0,272.0,223.0,480.0
480291704022,1059.0,83.0,227.0,184.0,209.0,356.0
480291704023,1175.0,117.0,122.0,274.0,250.0,412.0
480291706002,1290.0,46.0,210.0,112.0,195.0,727.0
480291707001,1392.0,208.0,67.0,278.0,153.0,686.0
480291212041,1891.0,408.0,210.0,173.0,76.0,1024.0
480291212045,1616.0,76.0,0.0,142.0,345.0,1053.0
480291416001,2823.0,165.0,288.0,637.0,311.0,1422.0
480291215051,2788.0,70.0,239.0,270.0,518.0,1691.0
480291403001,1115.0,87.0,118.0,376.0,156.0,378.0
480291701013,1348.0,220.0,417.0,199.0,129.0,383.0
480291718021,1280.0,488.0,147.0,0.0,197.0,448.0
480291718024,1302.0,49.0,379.0,331.0,295.0,248.0
480291507005,1274.0,0.0,93.0,53.0,642.0,486.0
480291507002,1597.0,304.0,367.0,38.0,456.0,432.0
480291507004,1347.0,140.0,254.0,76.0,12.0,865.0
480291601002,1789.0,126.0,181.0,431.0,292.0,759.0
480291813021,2160.0,164.0,279.0,203.0,391.0,1123.0
480291815063,2271.0,212.0,367.0,403.0,110.0,1179.0
480291809024,1846.0,243.0,155.0,753.0,26.0,669.0
480291810032,1340.0,282.0,457.0,198.0,0.0,403.0
480291810053,1525.0,57.0,40.0,234.0,316.0,878.0
480291817152,1393.0,0.0,0.0,325.0,314.0,754.0
480291203001,1762.0,38.0,29.0,0.0,38.0,1657.0
480291205011,651.0,74.0,26.0,81.0,15.0,455.0
480291205016,1622.0,0.0,17.0,668.0,129.0,808.0
480291205017,1228.0,0.0,79.0,276.0,339.0,534.0
480291211151,1243.0,195.0,114.0,53.0,36.0,845.0
480291211173,1601.0,139.0,105.0,50.0,310.0,997.0
480291815031,3245.0,85.0,411.0,205.0,274.0,2270.0
480291215082,2184.0,216.0,375.0,290.0,449.0,854.0
480291914054,1292.0,24.0,34.0,86.0,15.0,1133.0
480291709002,1764.0,42.0,309.0,367.0,175.0,871.0
480291615012,748.0,0.0,183.0,12.0,33.0,520.0
480291615014,1465.0,309.0,244.0,254.0,209.0,449.0
480291701023,1583.0,238.0,278.0,426.0,189.0,452.0
480291711002,1911.0,75.0,366.0,430.0,250.0,790.0
480291807024,988.0,153.0,115.0,75.0,320.0,325.0
480291807021,1966.0,482.0,121.0,523.0,23.0,817.0
480291809013,1255.0,60.0,78.0,85.0,356.0,676.0
480291108003,599.0,114.0,11.0,154.0,74.0,246.0
480291211163,1458.0,0.0,14.0,107.0,60.0,1277.0
480291212034,1150.0,28.0,38.0,163.0,437.0,484.0
480291212033,1071.0,11.0,0.0,365.0,18.0,677.0
480291817181,2153.0,59.0,24.0,19.0,74.0,1977.0
480291902005,1301.0,130.0,180.0,86.0,53.0,852.0
480291902002,569.0,74.0,86.0,0.0,20.0,389.0
480291802024,733.0,75.0,38.0,180.0,0.0,440.0
480291802022,1628.0,114.0,305.0,739.0,35.0,435.0
480291805014,1061.0,321.0,233.0,330.0,98.0,79.0
480291808003,478.0,30.0,115.0,28.0,32.0,273.0
480291708001,765.0,220.0,106.0,204.0,35.0,200.0
480291106001,815.0,66.0,174.0,20.0,25.0,530.0
480291510002,1027.0,126.0,75.0,201.0,126.0,499.0
480291510003,1268.0,34.0,482.0,102.0,63.0,587.0
480291607021,1035.0,112.0,122.0,286.0,97.0,418.0
480291607022,2088.0,555.0,300.0,302.0,334.0,597.0
480291215083,1001.0,35.0,214.0,38.0,147.0,567.0
480291216011,1341.0,46.0,103.0,145.0,141.0,906.0
480291218022,2904.0,218.0,175.0,431.0,333.0,1747.0
480291303004,1189.0,105.0,326.0,56.0,450.0,252.0
480291303003,611.0,64.0,106.0,25.0,380.0,36.0
480291909014,747.0,279.0,19.0,53.0,48.0,348.0
480291809011,1061.0,58.0,46.0,331.0,108.0,518.0
480291815043,428.0,0.0,0.0,0.0,0.0,428.0
480291816011,929.0,116.0,68.0,182.0,115.0,448.0
480291818093,1447.0,0.0,109.0,165.0,53.0,1120.0
480291821011,4205.0,236.0,0.0,29.0,97.0,3843.0
480291906012,1473.0,55.0,246.0,383.0,292.0,497.0
480291910042,2026.0,288.0,307.0,614.0,131.0,686.0
480291212052,1160.0,483.0,161.0,218.0,122.0,176.0
480291212064,1066.0,20.0,17.0,112.0,13.0,904.0
480291212066,1940.0,69.0,109.0,545.0,17.0,1200.0
480291602001,970.0,94.0,92.0,135.0,215.0,434.0
480291817131,2301.0,179.0,252.0,16.0,0.0,1854.0
480291815052,1617.0,106.0,0.0,58.0,122.0,1331.0
480291817041,1763.0,104.0,47.0,9.0,205.0,1398.0
480291817043,2161.0,188.0,257.0,178.0,71.0,1467.0
480291907001,946.0,65.0,101.0,113.0,39.0,628.0
480291812003,1151.0,278.0,39.0,94.0,0.0,740.0
480291511006,318.0,17.0,193.0,0.0,78.0,30.0
480291514003,1660.0,272.0,337.0,63.0,308.0,680.0
480291909022,1556.0,0.0,180.0,0.0,162.0,1214.0
480291810011,1872.0,173.0,209.0,162.0,218.0,1110.0
480291821031,2991.0,82.0,91.0,215.0,126.0,2477.0
480291901001,528.0,17.0,49.0,44.0,47.0,371.0
480291817033,2820.0,224.0,150.0,0.0,16.0,2430.0
480291803004,1002.0,89.0,145.0,284.0,121.0,363.0
480291313003,2307.0,397.0,280.0,412.0,343.0,875.0
480291313002,1549.0,0.0,499.0,79.0,206.0,765.0
480291103001,1568.0,402.0,476.0,142.0,13.0,535.0
480291206007,747.0,49.0,215.0,71.0,57.0,355.0
480291206004,1153.0,37.0,0.0,0.0,88.0,1028.0
480291206001,989.0,68.0,10.0,0.0,143.0,768.0
480291517005,1300.0,9.0,474.0,9.0,17.0,791.0
480291517004,848.0,77.0,27.0,232.0,83.0,429.0
480291719031,1665.0,216.0,192.0,206.0,126.0,925.0
480291717002,1199.0,121.0,262.0,53.0,42.0,721.0
480291719033,1698.0,91.0,93.0,316.0,215.0,983.0
480291509004,918.0,67.0,163.0,99.0,48.0,541.0
480291509003,1775.0,70.0,355.0,432.0,202.0,716.0
480291705001,1403.0,40.0,227.0,105.0,268.0,763.0
480291805041,1679.0,113.0,77.0,388.0,389.0,712.0
480291205022,544.0,174.0,16.0,24.0,66.0,264.0
480291205021,1688.0,356.0,150.0,270.0,468.0,444.0
480291207014,915.0,88.0,16.0,33.0,0.0,778.0
480291302001,1069.0,134.0,37.0,463.0,77.0,358.0
480291410001,591.0,2.0,116.0,0.0,49.0,424.0
480291516005,761.0,179.0,161.0,0.0,56.0,365.0
480291516003,2554.0,15.0,534.0,182.0,420.0,1403.0
480291817053,2189.0,0.0,221.0,210.0,468.0,1290.0
480291606002,1534.0,162.0,60.0,385.0,93.0,834.0
480291419001,1700.0,7.0,69.0,220.0,61.0,1343.0
480291515001,729.0,6.0,148.0,67.0,278.0,230.0
480291603001,959.0,127.0,172.0,68.0,44.0,548.0
480291603004,1080.0,21.0,274.0,282.0,70.0,433.0
480291613021,3973.0,440.0,499.0,963.0,380.0,1691.0
480291804002,2075.0,710.0,296.0,380.0,145.0,544.0
480291807011,1337.0,34.0,60.0,18.0,90.0,1135.0
480291811001,1564.0,16.0,230.0,271.0,179.0,868.0
480291211082,1942.0,179.0,73.0,142.0,119.0,1429.0
480291203004,969.0,0.0,0.0,0.0,15.0,954.0
480291203006,996.0,0.0,0.0,0.0,0.0,996.0
480291506002,1267.0,35.0,239.0,443.0,81.0,469.0
480291506001,1349.0,156.0,488.0,220.0,153.0,332.0
480291511002,1491.0,94.0,86.0,510.0,15.0,786.0
480291105001,2388.0,949.0,674.0,211.0,169.0,385.0
480291210002,811.0,0.0,154.0,67.0,151.0,439.0
480291210001,534.0,0.0,265.0,0.0,96.0,173.0
480291211101,2064.0,43.0,0.0,150.0,14.0,1857.0
480291215063,1406.0,80.0,139.0,225.0,576.0,386.0
480291315033,1106.0,0.0,13.0,162.0,187.0,744.0
480291315043,2317.0,7.0,395.0,94.0,327.0,1494.0
480291315061,1062.0,93.0,35.0,275.0,90.0,569.0
480291315072,1075.0,65.0,217.0,81.0,44.0,668.0
480291316062,3227.0,64.0,57.0,317.0,519.0,2270.0
480291316091,2743.0,252.0,97.0,1.0,422.0,1971.0
480291316101,2930.0,62.0,192.0,127.0,351.0,2198.0
480291316121,1980.0,136.0,26.0,62.0,180.0,1576.0
480291316141,3999.0,23.0,248.0,1029.0,813.0,1886.0
480291316152,2045.0,14.0,24.0,215.0,170.0,1622.0
480291318011,1427.0,28.0,46.0,117.0,30.0,1206.0
480291318022,575.0,0.0,0.0,13.0,113.0,449.0
480291411012,1536.0,393.0,299.0,242.0,72.0,530.0
480291522022,1427.0,23.0,205.0,148.0,231.0,820.0
480291411022,436.0,0.0,9.0,43.0,166.0,218.0
480291414031,1881.0,113.0,150.0,198.0,36.0,1384.0
480291414042,2128.0,29.0,62.0,316.0,192.0,1529.0
480291605013,1106.0,320.0,234.0,88.0,28.0,436.0
480291605023,990.0,211.0,246.0,239.0,45.0,249.0
480291609012,913.0,80.0,85.0,240.0,140.0,368.0
480291609022,1552.0,267.0,373.0,159.0,178.0,575.0
480291613031,2423.0,166.0,505.0,475.0,418.0,859.0
480291613042,2637.0,256.0,489.0,237.0,511.0,1144.0
480291615032,1520.0,96.0,218.0,354.0,107.0,745.0
480291615042,3042.0,213.0,528.0,449.0,363.0,1489.0
480291618021,6270.0,366.0,423.0,1162.0,1130.0,3189.0
480291619021,1454.0,21.0,74.0,365.0,122.0,872.0
480291620031,2313.0,238.0,221.0,479.0,443.0,932.0
480291620041,1434.0,0.0,285.0,433.0,189.0,527.0
480291713012,1950.0,303.0,290.0,414.0,221.0,722.0
480291716012,925.0,295.0,197.0,113.0,97.0,223.0
480291716022,874.0,213.0,109.0,128.0,86.0,338.0
480291719122,2366.0,71.0,175.0,73.0,398.0,1649.0
480291719141,1453.0,44.0,42.0,18.0,130.0,1219.0
480291719151,2232.0,49.0,268.0,89.0,227.0,1599.0
480291719163,3208.0,0.0,145.0,298.0,0.0,2765.0
480291719181,1111.0,17.0,47.0,6.0,0.0,1041.0
480291215044,3315.0,28.0,42.0,67.0,472.0,2706.0
480291215064,1082.0,335.0,6.0,60.0,7.0,674.0
480291216061,638.0,0.0,46.0,15.0,16.0,561.0
480291216064,653.0,0.0,0.0,101.0,121.0,431.0
480291217013,651.0,65.0,0.0,84.0,136.0,366.0
480291217022,1040.0,47.0,19.0,0.0,275.0,699.0
480291218082,2618.0,113.0,64.0,101.0,379.0,1961.0
480291218093,1797.0,9.0,97.0,78.0,43.0,1570.0
480291218111,4178.0,102.0,257.0,158.0,228.0,3433.0
480291218122,1389.0,67.0,18.0,464.0,74.0,766.0
480291218131,1787.0,162.0,54.0,39.0,200.0,1332.0
480291219041,1056.0,0.0,21.0,0.0,7.0,1028.0
480291219052,4074.0,113.0,91.0,136.0,98.0,3636.0
480291219071,1455.0,12.0,0.0,0.0,227.0,1216.0
480291211085,1737.0,15.0,168.0,17.0,57.0,1480.0
480291211191,571.0,0.0,23.0,106.0,83.0,359.0
480291211201,3108.0,115.0,0.0,83.0,713.0,2197.0
480291207013,1123.0,183.0,238.0,143.0,57.0,502.0
480291215043,1947.0,63.0,13.0,35.0,94.0,1742.0
480291503002,1597.0,41.0,332.0,322.0,61.0,841.0
480291418003,2399.0,222.0,74.0,517.0,297.0,1289.0
480291508001,1319.0,441.0,583.0,140.0,25.0,130.0
480291712001,1213.0,14.0,234.0,456.0,119.0,390.0
480291712002,1330.0,21.0,182.0,737.0,54.0,336.0
480291512004,922.0,226.0,0.0,44.0,118.0,534.0
480291904002,911.0,65.0,20.0,0.0,10.0,816.0
480291817121,2782.0,154.0,24.0,101.0,75.0,2428.0
480291816024,2140.0,322.0,168.0,161.0,349.0,1140.0
480291816022,1498.0,161.0,170.0,498.0,49.0,620.0
480291314022,2258.0,128.0,423.0,426.0,118.0,1163.0
480291719183,2563.0,13.0,42.0,123.0,406.0,1979.0
480291719201,3386.0,182.0,631.0,288.0,319.0,1966.0
480291719212,1377.0,61.0,33.0,108.0,193.0,982.0
480291719231,1286.0,0.0,17.0,23.0,15.0,1231.0
480291719234,4899.0,159.0,267.0,261.0,186.0,4026.0
480291719251,1148.0,2.0,211.0,63.0,264.0,608.0
480291719253,3803.0,7.0,31.0,255.0,168.0,3342.0
480291720023,5151.0,90.0,88.0,272.0,523.0,4178.0
480291720041,4188.0,129.0,145.0,127.0,219.0,3568.0
480291720061,4120.0,71.0,151.0,132.0,300.0,3466.0
480291720071,4664.0,118.0,59.0,294.0,65.0,4128.0
480291801011,1264.0,153.0,118.0,166.0,111.0,716.0
480291714011,2101.0,216.0,296.0,355.0,248.0,986.0
480291714022,1026.0,42.0,218.0,228.0,59.0,479.0
480291715012,1237.0,133.0,235.0,205.0,86.0,578.0
480291715023,2093.0,0.0,392.0,671.0,240.0,790.0
480291917011,790.0,7.0,5.0,50.0,29.0,699.0
480291917022,1435.0,0.0,0.0,59.0,61.0,1315.0
480291918043,2275.0,0.0,0.0,81.0,119.0,2075.0
480291918111,4452.0,181.0,7.0,0.0,244.0,4020.0
480291918063,5976.0,63.0,0.0,109.0,4.0,5800.0
480291918081,3165.0,112.0,55.0,91.0,169.0,2738.0
480291918092,2432.0,11.0,0.0,0.0,36.0,2385.0
480291918131,4713.0,20.0,98.0,72.0,284.0,4239.0
480291817252,2254.0,130.0,57.0,153.0,402.0,1512.0
480291817263,3970.0,89.0,110.0,393.0,124.0,3254.0
480291817281,7470.0,407.0,348.0,793.0,1020.0,4902.0
480291817301,1069.0,17.0,177.0,60.0,316.0,499.0
480291817312,2401.0,20.0,10.0,198.0,116.0,2057.0
480291818112,645.0,7.0,0.0,0.0,142.0,496.0
480291818132,2316.0,74.0,51.0,374.0,392.0,1425.0
480291818142,2866.0,319.0,128.0,189.0,151.0,2079.0
480291818161,1231.0,27.0,9.0,4.0,74.0,1117.0
480291818172,1355.0,148.0,99.0,180.0,121.0,807.0
480291818183,1862.0,26.0,171.0,115.0,92.0,1458.0
480291818201,539.0,423.0,47.0,40.0,17.0,12.0
480291818212,2702.0,162.0,84.0,86.0,354.0,2016.0
480291818223,2262.0,159.0,115.0,221.0,161.0,1606.0
480291905032,1082.0,128.0,224.0,83.0,93.0,554.0
480291905042,1446.0,99.0,291.0,273.0,6.0,777.0
480291906041,1591.0,91.0,517.0,234.0,381.0,368.0
480291910051,1166.0,85.0,117.0,85.0,437.0,442.0
480291910062,1139.0,65.0,205.0,189.0,184.0,496.0
480291801013,853.0,0.0,71.0,191.0,33.0,558.0
480291801016,514.0,0.0,0.0,82.0,0.0,432.0
480291806031,2176.0,44.0,291.0,246.0,174.0,1421.0
480291806043,863.0,102.0,111.0,31.0,80.0,539.0
480291807026,1618.0,96.0,187.0,288.0,192.0,855.0
480291814031,2462.0,57.0,66.0,230.0,353.0,1756.0
480291814041,4227.0,183.0,203.0,132.0,537.0,3172.0
480291815044,1228.0,163.0,44.0,173.0,30.0,818.0
480291817154,2399.0,28.0,75.0,230.0,443.0,1623.0
480291820022,679.0,0.0,0.0,20.0,0.0,659.0
480291820031,3639.0,87.0,75.0,76.0,132.0,3269.0
480291821013,2645.0,19.0,0.0,0.0,37.0,2589.0
480291821051,2873.0,18.0,71.0,31.0,184.0,2569.0
480291910065,835.0,49.0,250.0,85.0,32.0,419.0
480291912013,333.0,0.0,9.0,9.0,0.0,315.0
480291918141,2680.0,63.0,191.0,176.0,128.0,2122.0
480291918152,2271.0,67.0,15.0,181.0,57.0,1951.0
480291918171,9453.0,428.0,509.0,373.0,494.0,7649.0
480291919002,1220.0,102.0,212.0,234.0,247.0,425.0
480291919005,985.0,195.0,134.0,97.0,223.0,336.0
480291920003,1348.0,161.0,24.0,370.0,145.0,648.0
480291921001,1085.0,31.0,54.0,119.0,82.0,799.0
480291922002,897.0,132.0,167.0,120.0,100.0,378.0
