block_group,B19001_001E,B19001_002E,B19001_005E_M,B19001_010E_M,B19001_013E_M,B19001_016E_M,B19001_017E
480291805031,240.0,10.0,8.0,40.0,164.0,18.0,0.0
480291805032,536.0,33.0,116.0,91.0,244.0,52.0,0.0
480291704013,409.0,130.0,181.0,73.0,13.0,12.0,0.0
480291704012,190.0,57.0,62.0,14.0,57.0,0.0,0.0
480291914061,1133.0,0.0,56.0,228.0,258.0,379.0,212.0
480291914092,1419.0,80.0,321.0,490.0,392.0,110.0,26.0
480291212042,792.0,107.0,96.0,295.0,162.0,132.0,0.0
480291215081,462.0,26.0,63.0,157.0,193.0,23.0,0.0
480291914051,1131.0,31.0,233.0,224.0,531.0,80.0,32.0
480291914052,864.0,0.0,167.0,88.0,244.0,263.0,102.0
480291914053,587.0,0.0,14.0,139.0,236.0,171.0,27.0
480291914055,423.0,16.0,54.0,54.0,139.0,146.0,14.0
480291709001,453.0,87.0,144.0,125.0,77.0,20.0,0.0
480291709003,252.0,9.0,65.0,100.0,19.0,59.0,0.0
480291610002,533.0,35.0,185.0,193.0,89.0,22.0,9.0
480291610001,628.0,95.0,221.0,170.0,102.0,13.0,27.0
480291615015,537.0,89.0,121.0,130.0,172.0,0.0,25.0
480291615011,1101.0,13.0,343.0,553.0,177.0,15.0,0.0
480291615013,387.0,14.0,56.0,136.0,151.0,30.0,0.0
480291711001,556.0,89.0,190.0,139.0,138.0,0.0,0.0
480291620011,568.0,33.0,111.0,146.0,136.0,138.0,4.0
480291701022,260.0,28.0,21.0,74.0,106.0,31.0,0.0
480291701021,339.0,19.0,196.0,42.0,82.0,0.0,0.0
480291807022,486.0,68.0,87.0,92.0,155.0,84.0,0.0
480291807023,174.0,0.0,23.0,110.0,41.0,0.0,0.0
480291807025,238.0,31.0,57.0,34.0,65.0,51.0,0.0
480291809012,434.0,85.0,95.0,46.0,197.0,11.0,0.0
480291809015,322.0,31.0,18.0,106.0,126.0,41.0,0.0
480291106003,312.0,95.0,183.0,34.0,0.0,0.0,0.0
480291108002,284.0,91.0,94.0,49.0,25.0,25.0,0.0
480291108001,319.0,43.0,55.0,93.0,117.0,11.0,0.0
480291208004,309.0,0.0,21.0,119.0,28.0,110.0,31.0
480291208006,406.0,0.0,0.0,51.0,164.0,111.0,80.0
480291208001,275.0,0.0,21.0,31.0,74.0,123.0,26.0
480291208002,490.0,14.0,14.0,29.0,256.0,136.0,41.0
480291208005,262.0,0.0,0.0,13.0,99.0,102.0,48.0
480291208007,318.0,14.0,24.0,42.0,81.0,130.0,27.0
480291208003,602.0,15.0,90.0,45.0,205.0,114.0,133.0
480291211113,521.0,30.0,23.0,247.0,160.0,61.0,0.0
480291211111,397.0,0.0,0.0,58.0,296.0,43.0,0.0
480291211112,727.0,80.0,22.0,136.0,283.0,140.0,66.0
480291211114,688.0,140.0,36.0,162.0,258.0,92.0,0.0
480291211161,763.0,18.0,123.0,282.0,187.0,95.0,58.0
480291211164,685.0,55.0,55.0,169.0,175.0,231.0,0.0
480291211162,230.0,26.0,30.0,13.0,56.0,81.0,24.0
480291211181,626.0,10.0,49.0,63.0,193.0,187.0,124.0
480291211182,1072.0,35.0,157.0,544.0,312.0,15.0,9.0
480291212031,346.0,65.0,37.0,119.0,76.0,49.0,0.0
480291212032,521.0,63.0,131.0,138.0,170.0,19.0,0.0
480291212051,920.0,22.0,217.0,289.0,316.0,76.0,0.0
480291817182,543.0,28.0,9.0,77.0,248.0,174.0,7.0
480291818111,1168.0,21.0,131.0,212.0,431.0,344.0,29.0
480291902003,429.0,15.0,60.0,93.0,104.0,125.0,32.0
480291902004,401.0,30.0,31.0,112.0,211.0,2.0,15.0
480291902001,311.0,42.0,25.0,68.0,72.0,74.0,30.0
480291802021,660.0,169.0,234.0,152.0,61.0,44.0,0.0
480291802023,703.0,186.0,261.0,158.0,67.0,31.0,0.0
480291805013,395.0,8.0,13.0,161.0,163.0,50.0,0.0
480291805012,188.0,23.0,8.0,38.0,81.0,30.0,8.0
480291805011,780.0,121.0,283.0,296.0,45.0,35.0,0.0
480291808002,555.0,86.0,109.0,210.0,134.0,6.0,10.0
480291808001,407.0,57.0,121.0,190.0,23.0,16.0,0.0
480291708002,272.0,87.0,63.0,90.0,28.0,4.0,0.0
480291106002,765.0,346.0,284.0,122.0,13.0,0.0,0.0
480291504001,174.0,21.0,29.0,83.0,34.0,0.0,7.0
480291504002,256.0,15.0,86.0,72.0,44.0,39.0,0.0
480291510001,333.0,13.0,45.0,125.0,86.0,30.0,34.0
480291521002,338.0,23.0,54.0,21.0,222.0,6.0,12.0
480291521001,307.0,29.0,41.0,77.0,117.0,43.0,0.0
480291607024,376.0,55.0,111.0,107.0,103.0,0.0,0.0
480291607023,531.0,92.0,188.0,154.0,97.0,0.0,0.0
480291616002,754.0,96.0,160.0,328.0,121.0,49.0,0.0
480291616001,480.0,16.0,56.0,187.0,168.0,53.0,0.0
480291216012,517.0,0.0,91.0,130.0,168.0,128.0,0.0
480291216013,500.0,31.0,82.0,146.0,180.0,42.0,19.0
480291216014,435.0,81.0,129.0,135.0,72.0,0.0,18.0
480291218021,825.0,0.0,20.0,226.0,368.0,211.0,0.0
480291218023,975.0,16.0,135.0,283.0,339.0,202.0,0.0
480291303002,288.0,41.0,78.0,73.0,96.0,0.0,0.0
480291303001,220.0,37.0,69.0,71.0,43.0,0.0,0.0
480291307002,333.0,21.0,103.0,84.0,79.0,43.0,3.0
480291307001,486.0,106.0,123.0,186.0,67.0,4.0,0.0
480291702004,214.0,36.0,107.0,8.0,37.0,26.0,0.0
480291702006,288.0,26.0,87.0,101.0,74.0,0.0,0.0
480291702002,233.0,0.0,66.0,104.0,25.0,38.0,0.0
480291702005,379.0,175.0,129.0,41.0,26.0,8.0,0.0
480291702001,225.0,13.0,23.0,141.0,48.0,0.0,0.0
480291316011,281.0,27.0,22.0,86.0,74.0,62.0,10.0
480291317001,285.0,11.0,6.0,36.0,104.0,119.0,9.0
480291412004,255.0,11.0,106.0,76.0,21.0,41.0,0.0
480291412001,576.0,30.0,214.0,255.0,77.0,0.0,0.0
480291412005,476.0,54.0,116.0,140.0,149.0,17.0,0.0
480291412002,409.0,40.0,219.0,31.0,100.0,19.0,0.0
480291501003,350.0,67.0,92.0,67.0,113.0,11.0,0.0
480291309002,429.0,44.0,185.0,83.0,98.0,19.0,0.0
480291309003,461.0,66.0,91.0,209.0,95.0,0.0,0.0
480291310003,236.0,7.0,87.0,69.0,48.0,25.0,0.0
480291310004,294.0,89.0,84.0,28.0,93.0,0.0,0.0
480291310001,955.0,258.0,316.0,139.0,220.0,4.0,18.0
480291310002,283.0,26.0,90.0,96.0,31.0,40.0,0.0
480291405003,450.0,13.0,45.0,130.0,193.0,69.0,0.0
480291405002,453.0,11.0,100.0,134.0,156.0,52.0,0.0
480291405001,286.0,20.0,37.0,162.0,57.0,10.0,0.0
480291405004,199.0,32.0,30.0,46.0,58.0,27.0,6.0
480291406002,284.0,36.0,47.0,83.0,86.0,32.0,0.0
480291406001,540.0,64.0,118.0,192.0,125.0,41.0,0.0
480291407003,373.0,132.0,78.0,118.0,45.0,0.0,0.0
480291407001,411.0,15.0,31.0,61.0,228.0,76.0,0.0
480291407004,267.0,32.0,31.0,59.0,124.0,21.0,0.0
480291407005,371.0,56.0,81.0,98.0,83.0,53.0,0.0
480291413001,374.0,44.0,92.0,116.0,122.0,0.0,0.0
480291413003,957.0,50.0,134.0,267.0,366.0,140.0,0.0
480291702003,292.0,44.0,86.0,106.0,56.0,0.0,0.0
480291806023,305.0,0.0,59.0,82.0,111.0,53.0,0.0
480291806021,265.0,25.0,79.0,48.0,59.0,54.0,0.0
480291911021,345.0,10.0,71.0,49.0,32.0,102.0,81.0
480291911022,332.0,10.0,42.0,47.0,147.0,74.0,12.0
480291911023,312.0,14.0,11.0,82.0,62.0,114.0,29.0
480291209012,676.0,86.0,188.0,150.0,165.0,61.0,26.0
480291209011,321.0,52.0,37.0,26.0,103.0,80.0,23.0
480291211122,621.0,29.0,63.0,85.0,354.0,69.0,21.0
480291519001,506.0,56.0,121.0,139.0,149.0,32.0,9.0
480291409002,338.0,39.0,109.0,74.0,103.0,13.0,0.0
480291417001,795.0,54.0,144.0,179.0,169.0,208.0,41.0
480291417002,759.0,80.0,20.0,132.0,332.0,184.0,11.0
480291505012,401.0,27.0,144.0,83.0,140.0,7.0,0.0
480291505014,290.0,23.0,56.0,94.0,105.0,12.0,0.0
480291604002,637.0,55.0,226.0,195.0,111.0,50.0,0.0
480291604004,237.0,25.0,41.0,67.0,87.0,17.0,0.0
480291604001,307.0,8.0,67.0,63.0,90.0,70.0,9.0
480291604003,304.0,54.0,87.0,49.0,109.0,5.0,0.0
480291611005,377.0,38.0,53.0,113.0,130.0,43.0,0.0
480291611006,164.0,17.0,42.0,51.0,54.0,0.0,0.0
480291611001,916.0,51.0,136.0,316.0,315.0,98.0,0.0
480291611004,429.0,0.0,187.0,58.0,97.0,87.0,0.0
480291611003,264.0,0.0,35.0,221.0,8.0,0.0,0.0
480291611002,362.0,14.0,159.0,84.0,105.0,0.0,0.0
480291813012,726.0,36.0,64.0,210.0,244.0,147.0,25.0
480291813011,1211.0,114.0,140.0,300.0,471.0,161.0,25.0
480291814021,423.0,82.0,101.0,91.0,95.0,54.0,0.0
480291814022,718.0,212.0,92.0,153.0,212.0,40.0,9.0
480291109001,910.0,73.0,86.0,99.0,326.0,214.0,112.0
480291110003,529.0,37.0,83.0,126.0,175.0,43.0,65.0
480291110002,284.0,13.0,119.0,45.0,75.0,32.0,0.0
480291204001,471.0,0.0,0.0,11.0,162.0,225.0,73.0
480291204005,420.0,0.0,0.0,88.0,63.0,66.0,203.0
480291710004,450.0,57.0,139.0,183.0,25.0,46.0,0.0
480291204003,301.0,0.0,0.0,12.0,31.0,97.0,161.0
480291207021,1427.0,100.0,223.0,194.0,424.0,195.0,291.0
480291704014,287.0,50.0,82.0,130.0,25.0,0.0,0.0
480291710001,358.0,71.0,116.0,70.0,94.0,7.0,0.0
480291710002,196.0,25.0,81.0,59.0,14.0,9.0,8.0
480291717001,632.0,36.0,62.0,273.0,241.0,20.0,0.0
480291717003,250.0,0.0,103.0,69.0,49.0,29.0,0.0
480291215013,954.0,48.0,112.0,168.0,397.0,229.0,0.0
480291215011,577.0,12.0,62.0,46.0,85.0,302.0,70.0
480291215074,385.0,29.0,22.0,110.0,205.0,19.0,0.0
480291215071,327.0,1.0,66.0,76.0,159.0,25.0,0.0
480291215072,507.0,7.0,56.0,106.0,232.0,84.0,22.0
480291312002,498.0,43.0,113.0,128.0,182.0,32.0,0.0
480291401002,239.0,21.0,43.0,67.0,88.0,20.0,0.0
480291401001,279.0,61.0,33.0,97.0,43.0,29.0,16.0
480291404004,224.0,70.0,28.0,45.0,52.0,29.0,0.0
480291101002,497.0,54.0,75.0,94.0,213.0,30.0,31.0
480291209022,895.0,70.0,88.0,74.0,323.0,232.0,108.0
480291209021,908.0,49.0,242.0,189.0,339.0,77.0,12.0
480291214033,729.0,39.0,81.0,241.0,236.0,132.0,0.0
480291214031,885.0,141.0,108.0,411.0,138.0,87.0,0.0
480291216042,423.0,0.0,29.0,133.0,151.0,97.0,13.0
480291216043,290.0,0.0,0.0,134.0,67.0,89.0,0.0
480291306004,446.0,119.0,119.0,150.0,46.0,12.0,0.0
480291207022,494.0,38.0,61.0,74.0,139.0,91.0,91.0
480291213003,363.0,16.0,50.0,130.0,108.0,59.0,0.0
480291213001,982.0,56.0,57.0,174.0,384.0,272.0,39.0
480291703004,201.0,45.0,58.0,51.0,47.0,0.0,0.0
480291703002,139.0,19.0,50.0,25.0,45.0,0.0,0.0
480291703006,280.0,43.0,78.0,102.0,50.0,7.0,0.0
480291703005,448.0,131.0,55.0,122.0,119.0,21.0,0.0
480291703003,208.0,88.0,28.0,60.0,23.0,0.0,9.0
480291704024,166.0,0.0,56.0,88.0,22.0,0.0,0.0
480291704021,527.0,66.0,111.0,255.0,73.0,22.0,0.0
480291706001,353.0,0.0,101.0,63.0,139.0,42.0,8.0
480291706004,340.0,17.0,42.0,140.0,110.0,23.0,8.0
480291706003,342.0,32.0,57.0,110.0,88.0,45.0,10.0
480291707003,725.0,70.0,208.0,234.0,178.0,35.0,0.0
480291707002,282.0,10.0,67.0,81.0,69.0,55.0,0.0
480291212044,637.0,89.0,70.0,167.0,188.0,78.0,45.0
480291212043,497.0,12.0,114.0,149.0,180.0,14.0,28.0
480291404001,300.0,0.0,58.0,135.0,41.0,53.0,13.0
480291404002,432.0,51.0,61.0,70.0,182.0,68.0,0.0
480291504003,772.0,20.0,234.0,167.0,309.0,42.0,0.0
480291215052,235.0,10.0,41.0,49.0,95.0,40.0,0.0
480291403002,338.0,55.0,114.0,93.0,59.0,17.0,0.0
480291403003,312.0,0.0,118.0,58.0,114.0,22.0,0.0
480291520001,749.0,119.0,103.0,179.0,205.0,126.0,17.0
480291701011,246.0,45.0,74.0,61.0,30.0,30.0,6.0
480291701012,441.0,33.0,162.0,107.0,114.0,25.0,0.0
480291718022,501.0,89.0,77.0,175.0,160.0,0.0,0.0
480291718025,204.0,15.0,47.0,89.0,53.0,0.0,0.0
480291718023,443.0,78.0,134.0,58.0,116.0,57.0,0.0
480291408004,289.0,79.0,53.0,129.0,28.0,0.0,0.0
480291408001,384.0,8.0,17.0,155.0,125.0,79.0,0.0
480291408005,353.0,67.0,67.0,80.0,104.0,35.0,0.0
480291408003,173.0,26.0,37.0,80.0,30.0,0.0,0.0
480291408002,428.0,86.0,53.0,133.0,96.0,60.0,0.0
480291505023,278.0,16.0,33.0,86.0,125.0,18.0,0.0
480291505022,389.0,33.0,105.0,144.0,96.0,11.0,0.0
480291505021,341.0,65.0,85.0,75.0,48.0,68.0,0.0
480291507006,97.0,0.0,39.0,13.0,45.0,0.0,0.0
480291507001,253.0,19.0,48.0,83.0,92.0,11.0,0.0
480291507003,285.0,8.0,8.0,52.0,202.0,15.0,0.0
480291601004,754.0,156.0,215.0,299.0,84.0,0.0,0.0
480291601003,425.0,119.0,194.0,45.0,67.0,0.0,0.0
480291601001,362.0,98.0,61.0,69.0,99.0,35.0,0.0
480291813023,703.0,31.0,16.0,252.0,243.0,149.0,12.0
480291809021,463.0,83.0,146.0,134.0,30.0,56.0,14.0
480291809023,517.0,12.0,187.0,126.0,176.0,16.0,0.0
480291809022,481.0,13.0,45.0,246.0,142.0,35.0,0.0
480291809025,539.0,0.0,114.0,137.0,202.0,86.0,0.0
480291810031,903.0,113.0,313.0,232.0,206.0,39.0,0.0
480291810051,882.0,145.0,274.0,205.0,186.0,64.0,8.0
480291810052,277.0,15.0,128.0,67.0,67.0,0.0,0.0
480291815061,212.0,0.0,6.0,55.0,120.0,13.0,18.0
480291815062,494.0,35.0,0.0,106.0,286.0,53.0,14.0
480291817151,344.0,36.0,0.0,96.0,120.0,92.0,0.0
480291203002,269.0,0.0,28.0,39.0,80.0,71.0,51.0
480291203003,574.0,38.0,38.0,68.0,97.0,181.0,152.0
480291203005,324.0,10.0,37.0,16.0,55.0,90.0,116.0
480291205013,498.0,55.0,66.0,229.0,46.0,74.0,28.0
480291205015,385.0,16.0,44.0,97.0,149.0,79.0,0.0
480291205012,650.0,73.0,138.0,257.0,96.0,40.0,46.0
480291205014,619.0,175.0,44.0,164.0,170.0,66.0,0.0
480291211152,950.0,21.0,154.0,63.0,363.0,292.0,57.0
480291211153,687.0,0.0,64.0,92.0,176.0,271.0,84.0
480291211172,457.0,49.0,27.0,65.0,144.0,137.0,35.0
480291211171,787.0,7.0,76.0,147.0,312.0,228.0,17.0
480291720021,1716.0,13.0,116.0,382.0,704.0,452.0,49.0
480291817031,1173.0,119.0,203.0,198.0,369.0,243.0,41.0
480291817032,736.0,14.0,201.0,49.0,223.0,236.0,13.0
480291803003,404.0,39.0,58.0,158.0,116.0,33.0,0.0
480291803001,323.0,32.0,68.0,89.0,90.0,44.0,0.0
480291803002,468.0,60.0,84.0,111.0,111.0,81.0,21.0
480291817161,866.0,0.0,70.0,399.0,272.0,125.0,0.0
480291910034,340.0,47.0,27.0,112.0,87.0,67.0,0.0
480291910035,259.0,14.0,82.0,77.0,60.0,26.0,0.0
480291910033,376.0,14.0,180.0,14.0,168.0,0.0,0.0
480291910031,314.0,42.0,70.0,76.0,126.0,0.0,0.0
480291910032,1627.0,218.0,267.0,553.0,483.0,106.0,0.0
480291214041,551.0,31.0,99.0,199.0,165.0,57.0,0.0
480291214042,847.0,361.0,253.0,131.0,96.0,6.0,0.0
480291214043,494.0,50.0,128.0,254.0,7.0,55.0,0.0
480291313001,507.0,35.0,98.0,233.0,122.0,19.0,0.0
480291313004,346.0,38.0,101.0,69.0,138.0,0.0,0.0
480291316061,852.0,6.0,134.0,158.0,358.0,178.0,18.0
480291103003,200.0,25.0,63.0,42.0,49.0,11.0,10.0
480291103002,402.0,15.0,88.0,138.0,125.0,16.0,20.0
480291201001,921.0,19.0,25.0,204.0,476.0,180.0,17.0
480291206002,391.0,47.0,65.0,107.0,172.0,0.0,0.0
480291206003,390.0,16.0,55.0,168.0,63.0,55.0,33.0
480291206006,227.0,37.0,0.0,28.0,94.0,12.0,56.0
480291206005,323.0,0.0,9.0,39.0,76.0,132.0,67.0
480291517003,368.0,25.0,58.0,101.0,104.0,80.0,0.0
480291517002,504.0,45.0,119.0,111.0,141.0,88.0,0.0
480291517001,519.0,34.0,63.0,159.0,199.0,64.0,0.0
480291607013,271.0,19.0,61.0,72.0,107.0,12.0,0.0
480291306001,300.0,62.0,111.0,116.0,11.0,0.0,0.0
480291306003,301.0,49.0,134.0,66.0,52.0,0.0,0.0
480291306002,308.0,69.0,94.0,74.0,55.0,16.0,0.0
480291402003,225.0,30.0,64.0,79.0,26.0,26.0,0.0
480291402002,245.0,30.0,32.0,82.0,65.0,36.0,0.0
480291402001,247.0,19.0,67.0,95.0,41.0,25.0,0.0
480291402004,190.0,11.0,33.0,69.0,62.0,0.0,15.0
480291309001,726.0,77.0,279.0,209.0,143.0,12.0,6.0
480291717004,632.0,19.0,147.0,192.0,133.0,141.0,0.0
480291719035,379.0,0.0,84.0,36.0,175.0,84.0,0.0
480291717006,419.0,62.0,136.0,133.0,88.0,0.0,0.0
480291719032,343.0,79.0,35.0,123.0,51.0,55.0,0.0
480291719034,317.0,59.0,36.0,122.0,63.0,37.0,0.0
480291509002,239.0,16.0,42.0,93.0,58.0,30.0,0.0
480291509001,393.0,8.0,30.0,166.0,135.0,43.0,11.0
480291509005,486.0,20.0,93.0,235.0,107.0,31.0,0.0
480291705003,364.0,109.0,120.0,61.0,61.0,13.0,0.0
480291705004,256.0,11.0,40.0,107.0,98.0,0.0,0.0
480291705002,419.0,27.0,47.0,162.0,123.0,50.0,10.0
480291805042,741.0,140.0,140.0,186.0,225.0,50.0,0.0
480291205025,374.0,151.0,89.0,74.0,50.0,10.0,0.0
480291205023,189.0,17.0,61.0,85.0,26.0,0.0,0.0
480291205026,261.0,10.0,30.0,97.0,103.0,21.0,0.0
480291205024,259.0,39.0,26.0,93.0,86.0,4.0,11.0
480291207012,430.0,0.0,133.0,127.0,157.0,13.0,0.0
480291207011,309.0,16.0,21.0,90.0,165.0,17.0,0.0
480291302002,238.0,58.0,49.0,75.0,52.0,4.0,0.0
480291410003,517.0,41.0,178.0,186.0,87.0,25.0,0.0
480291410002,620.0,165.0,237.0,143.0,53.0,22.0,0.0
480291516001,775.0,33.0,223.0,285.0,127.0,107.0,0.0
480291516004,441.0,29.0,26.0,167.0,189.0,30.0,0.0
480291516002,346.0,14.0,117.0,121.0,80.0,14.0,0.0
480291817051,798.0,24.0,126.0,237.0,320.0,91.0,0.0
480291817052,596.0,47.0,21.0,159.0,237.0,132.0,0.0
480291512002,1029.0,43.0,356.0,350.0,231.0,35.0,14.0
480291606001,336.0,14.0,94.0,106.0,122.0,0.0,0.0
480291606003,632.0,113.0,227.0,171.0,107.0,14.0,0.0
480291419003,437.0,0.0,128.0,108.0,126.0,75.0,0.0
480291419002,684.0,14.0,90.0,153.0,300.0,100.0,27.0
480291515003,350.0,28.0,75.0,132.0,93.0,22.0,0.0
480291515002,305.0,32.0,75.0,98.0,51.0,49.0,0.0
480291603003,280.0,60.0,79.0,110.0,23.0,8.0,0.0
480291603002,361.0,58.0,113.0,91.0,84.0,15.0,0.0
480291603005,452.0,92.0,113.0,68.0,125.0,35.0,19.0
480291612001,249.0,52.0,9.0,50.0,94.0,33.0,11.0
480291612002,549.0,50.0,95.0,182.0,181.0,41.0,0.0
480291804003,214.0,8.0,40.0,62.0,81.0,16.0,7.0
480291804001,641.0,45.0,132.0,222.0,148.0,84.0,10.0
480291807012,1473.0,199.0,304.0,315.0,464.0,147.0,44.0
480291811004,316.0,0.0,42.0,96.0,115.0,63.0,0.0
480291811002,458.0,18.0,16.0,149.0,159.0,99.0,17.0
480291811003,987.0,49.0,93.0,126.0,336.0,267.0,116.0
480291909015,402.0,16.0,35.0,74.0,176.0,101.0,0.0
480291909013,251.0,89.0,44.0,105.0,13.0,0.0,0.0
480291809014,307.0,0.0,10.0,107.0,160.0,30.0,0.0
480291813031,629.0,45.0,168.0,189.0,144.0,79.0,4.0
480291815041,833.0,65.0,257.0,171.0,240.0,100.0,0.0
480291815042,1305.0,141.0,176.0,498.0,314.0,147.0,29.0
480291816012,838.0,60.0,181.0,225.0,219.0,133.0,20.0
480291906011,394.0,0.0,27.0,69.0,229.0,69.0,0.0
480291818091,509.0,0.0,64.0,235.0,106.0,93.0,11.0
480291818092,877.0,70.0,148.0,343.0,316.0,0.0,0.0
480291818094,517.0,17.0,46.0,149.0,206.0,65.0,34.0
480291906013,322.0,33.0,94.0,114.0,81.0,0.0,0.0
480291910041,439.0,57.0,59.0,175.0,130.0,18.0,0.0
480291910043,258.0,8.0,42.0,120.0,73.0,15.0,0.0
480291813022,1146.0,51.0,140.0,360.0,472.0,90.0,33.0
480291212063,320.0,16.0,17.0,72.0,147.0,26.0,42.0
480291212061,399.0,0.0,0.0,54.0,140.0,205.0,0.0
480291212065,607.0,8.0,96.0,287.0,216.0,0.0,0.0
480291212062,369.0,0.0,21.0,92.0,75.0,181.0,0.0
480291214022,401.0,11.0,38.0,187.0,130.0,35.0,0.0
480291214021,1636.0,29.0,176.0,462.0,744.0,195.0,30.0
480291218031,541.0,12.0,39.0,115.0,249.0,126.0,0.0
480291218032,273.0,8.0,20.0,103.0,95.0,47.0,0.0
480291218033,776.0,51.0,54.0,160.0,357.0,133.0,21.0
480291218041,732.0,38.0,61.0,141.0,344.0,116.0,32.0
480291218042,958.0,31.0,111.0,172.0,452.0,192.0,0.0
480291218043,741.0,203.0,259.0,104.0,95.0,80.0,0.0
480291308001,1075.0,122.0,299.0,477.0,132.0,34.0,11.0
480291308004,314.0,9.0,143.0,104.0,34.0,24.0,0.0
480291308002,318.0,38.0,102.0,123.0,48.0,7.0,0.0
480291308003,146.0,0.0,40.0,51.0,38.0,9.0,8.0
480291311003,308.0,25.0,57.0,109.0,91.0,26.0,0.0
480291311002,225.0,58.0,26.0,78.0,63.0,0.0,0.0
480291602002,298.0,4.0,25.0,160.0,68.0,41.0,0.0
480291817134,621.0,84.0,207.0,192.0,91.0,47.0,0.0
480291817132,511.0,0.0,12.0,101.0,229.0,169.0,0.0
480291817133,686.0,12.0,83.0,154.0,293.0,144.0,0.0
480291815054,480.0,21.0,72.0,43.0,236.0,108.0,0.0
480291815053,378.0,13.0,12.0,113.0,169.0,71.0,0.0
480291815051,327.0,9.0,10.0,67.0,152.0,81.0,8.0
480291817042,388.0,14.0,99.0,148.0,127.0,0.0,0.0
480291817044,295.0,46.0,11.0,51.0,133.0,54.0,0.0
480291817111,845.0,0.0,69.0,103.0,411.0,242.0,20.0
480291907002,386.0,72.0,91.0,91.0,99.0,17.0,16.0
480291907003,478.0,74.0,85.0,149.0,158.0,12.0,0.0
480291607011,394.0,25.0,151.0,154.0,52.0,6.0,6.0
480291607012,371.0,42.0,75.0,106.0,133.0,15.0,0.0
480291718011,418.0,39.0,87.0,148.0,109.0,29.0,6.0
480291718013,538.0,18.0,160.0,164.0,171.0,13.0,12.0
480291718014,330.0,63.0,51.0,106.0,77.0,13.0,20.0
480291718012,472.0,41.0,72.0,72.0,186.0,96.0,5.0
480291802013,841.0,142.0,297.0,250.0,139.0,13.0,0.0
480291802012,338.0,28.0,19.0,158.0,106.0,27.0,0.0
480291802014,470.0,0.0,99.0,173.0,132.0,66.0,0.0
480291802011,180.0,10.0,8.0,104.0,45.0,13.0,0.0
480291812001,242.0,0.0,29.0,76.0,28.0,93.0,16.0
480291812004,633.0,35.0,15.0,183.0,145.0,209.0,46.0
480291812002,367.0,0.0,0.0,120.0,74.0,113.0,60.0
480291812005,373.0,13.0,30.0,50.0,156.0,93.0,31.0
480291514004,213.0,25.0,41.0,93.0,36.0,18.0,0.0
480291511003,247.0,17.0,58.0,80.0,74.0,18.0,0.0
480291511001,196.0,0.0,128.0,45.0,15.0,8.0,0.0
480291514001,297.0,59.0,15.0,182.0,33.0,8.0,0.0
480291514002,389.0,39.0,85.0,127.0,104.0,34.0,0.0
480291905012,409.0,11.0,80.0,96.0,148.0,71.0,3.0
480291905013,284.0,9.0,7.0,91.0,148.0,29.0,0.0
480291905011,290.0,8.0,57.0,145.0,67.0,13.0,0.0
480291908001,362.0,0.0,28.0,74.0,39.0,79.0,142.0
480291908002,386.0,14.0,17.0,17.0,49.0,103.0,186.0
480291909011,501.0,14.0,50.0,101.0,277.0,59.0,0.0
480291909012,695.0,36.0,208.0,238.0,115.0,98.0,0.0
480291909021,631.0,6.0,142.0,165.0,264.0,54.0,0.0
480291909023,306.0,0.0,35.0,33.0,126.0,97.0,15.0
480291810012,777.0,61.0,137.0,163.0,252.0,158.0,6.0
480291810042,1557.0,147.0,297.0,411.0,565.0,126.0,11.0
480291810041,1054.0,83.0,176.0,341.0,340.0,103.0,11.0
480291901004,344.0,77.0,95.0,80.0,64.0,28.0,0.0
480291901003,367.0,31.0,73.0,128.0,73.0,62.0,0.0
480291901002,379.0,92.0,140.0,57.0,71.0,19.0,0.0
480291719021,1156.0,152.0,312.0,329.0,291.0,72.0,0.0
480291311001,189.0,33.0,55.0,60.0,39.0,2.0,0.0
480291203008,290.0,52.0,21.0,41.0,70.0,0.0,106.0
480291203007,257.0,9.0,0.0,34.0,31.0,80.0,103.0
480291501001,630.0,18.0,147.0,107.0,236.0,81.0,41.0
480291501004,458.0,74.0,100.0,178.0,58.0,24.0,24.0
480291506004,364.0,31.0,149.0,133.0,51.0,0.0,0.0
480291506003,307.0,37.0,135.0,35.0,83.0,17.0,0.0
480291511007,433.0,54.0,93.0,183.0,42.0,61.0,0.0
480291511005,280.0,68.0,52.0,139.0,21.0,0.0,0.0
480291511004,377.0,0.0,62.0,120.0,195.0,0.0,0.0
480291918042,947.0,47.0,0.0,73.0,318.0,372.0,137.0
480291918041,483.0,7.0,25.0,35.0,144.0,123.0,149.0
480291210004,401.0,0.0,82.0,111.0,164.0,44.0,0.0
480291210003,853.0,65.0,78.0,294.0,289.0,127.0,0.0
480291210005,589.0,40.0,150.0,110.0,137.0,152.0,0.0
480291210006,429.0,0.0,60.0,69.0,162.0,122.0,16.0
480291211102,516.0,32.0,32.0,89.0,258.0,105.0,0.0
480291215062,275.0,33.0,27.0,61.0,98.0,56.0,0.0
480291215061,396.0,17.0,25.0,96.0,180.0,78.0,0.0
480291305001,192.0,73.0,28.0,61.0,17.0,13.0,0.0
480291305003,795.0,188.0,322.0,167.0,82.0,31.0,5.0
480291305002,302.0,55.0,78.0,77.0,92.0,0.0,0.0
480291305004,222.0,36.0,19.0,104.0,43.0,20.0,0.0
480291904003,389.0,84.0,56.0,66.0,88.0,78.0,17.0
480291211081,419.0,16.0,17.0,44.0,143.0,167.0,32.0
480291211083,1060.0,15.0,220.0,334.0,426.0,65.0,0.0
480291211084,516.0,35.0,87.0,163.0,182.0,49.0,0.0
480291207015,508.0,36.0,46.0,175.0,107.0,105.0,39.0
480291215042,230.0,15.0,0.0,70.0,101.0,44.0,0.0
480291215041,609.0,31.0,206.0,179.0,121.0,58.0,14.0
480291503001,203.0,32.0,27.0,31.0,59.0,42.0,12.0
480291503004,472.0,60.0,76.0,140.0,167.0,22.0,7.0
480291503003,248.0,57.0,41.0,66.0,49.0,35.0,0.0
480291602003,293.0,24.0,94.0,86.0,56.0,33.0,0.0
480291508002,233.0,4.0,0.0,145.0,68.0,11.0,5.0
480291508003,333.0,115.0,128.0,31.0,56.0,3.0,0.0
480291712003,478.0,67.0,217.0,117.0,62.0,15.0,0.0
480291418001,319.0,18.0,54.0,112.0,97.0,13.0,25.0
480291418002,220.0,42.0,44.0,111.0,23.0,0.0,0.0
480291512005,1085.0,0.0,100.0,292.0,428.0,213.0,52.0
480291512003,290.0,0.0,109.0,78.0,52.0,51.0,0.0
480291512001,321.0,14.0,53.0,51.0,166.0,37.0,0.0
480291107001,562.0,185.0,167.0,137.0,67.0,6.0,0.0
480291904001,314.0,5.0,28.0,95.0,76.0,94.0,16.0
480291719121,1668.0,44.0,107.0,151.0,667.0,596.0,103.0
480291817122,527.0,13.0,119.0,68.0,156.0,158.0,13.0
480291816023,445.0,17.0,31.0,237.0,82.0,78.0,0.0
480291816021,323.0,38.0,61.0,42.0,114.0,68.0,0.0
480291818081,689.0,55.0,95.0,122.0,224.0,139.0,54.0
480291821021,448.0,0.0,59.0,84.0,211.0,61.0,33.0
480291911011,370.0,15.0,16.0,23.0,123.0,112.0,81.0
480291911012,335.0,13.0,35.0,45.0,69.0,118.0,55.0
480291219082,632.0,0.0,19.0,68.0,179.0,261.0,105.0
480291219091,1312.0,0.0,63.0,177.0,455.0,562.0,55.0
480291219092,1494.0,63.0,19.0,314.0,561.0,482.0,55.0
480291219101,1842.0,2.0,69.0,150.0,733.0,702.0,186.0
480291219102,373.0,0.0,0.0,23.0,158.0,179.0,13.0
480291304011,275.0,31.0,145.0,35.0,55.0,9.0,0.0
480291304012,341.0,46.0,73.0,123.0,91.0,8.0,0.0
480291304013,428.0,34.0,186.0,109.0,86.0,13.0,0.0
480291304014,260.0,49.0,45.0,91.0,55.0,20.0,0.0
480291304021,332.0,78.0,43.0,89.0,122.0,0.0,0.0
480291304022,518.0,106.0,244.0,150.0,10.0,8.0,0.0
480291304023,429.0,76.0,133.0,89.0,124.0,7.0,0.0
480291314011,1693.0,38.0,87.0,421.0,740.0,362.0,45.0
480291314012,1099.0,79.0,67.0,243.0,569.0,127.0,14.0
480291314021,260.0,31.0,44.0,82.0,80.0,16.0,7.0
480291719182,509.0,14.0,117.0,114.0,205.0,41.0,18.0
480291719184,472.0,0.0,8.0,102.0,218.0,125.0,19.0
480291719191,1348.0,10.0,87.0,418.0,580.0,243.0,10.0
480291719202,1514.0,41.0,147.0,417.0,679.0,203.0,27.0
480291719211,713.0,33.0,81.0,117.0,294.0,174.0,14.0
480291719213,328.0,7.0,19.0,106.0,75.0,115.0,6.0
480291719221,1002.0,18.0,26.0,164.0,395.0,372.0,27.0
480291719232,448.0,30.0,0.0,232.0,68.0,118.0,0.0
480291719233,1130.0,109.0,149.0,382.0,388.0,84.0,18.0
480291719241,2199.0,93.0,235.0,540.0,749.0,431.0,151.0
480291720022,1692.0,25.0,52.0,216.0,788.0,580.0,31.0
480291719242,677.0,26.0,7.0,44.0,372.0,209.0,19.0
480291719252,758.0,17.0,14.0,235.0,269.0,194.0,29.0
480291719254,949.0,13.0,182.0,274.0,325.0,155.0,0.0
480291720031,923.0,28.0,20.0,58.0,235.0,460.0,122.0
480291720032,859.0,7.0,85.0,111.0,329.0,296.0,31.0
480291720051,1567.0,31.0,146.0,404.0,422.0,441.0,123.0
480291720052,1945.0,25.0,121.0,90.0,649.0,866.0,194.0
480291720062,564.0,0.0,18.0,23.0,219.0,257.0,47.0
480291720063,673.0,79.0,96.0,162.0,159.0,143.0,34.0
480291720072,791.0,13.0,31.0,141.0,233.0,337.0,36.0
480291720073,1284.0,46.0,59.0,51.0,305.0,532.0,291.0
480291801012,496.0,17.0,78.0,152.0,148.0,73.0,28.0
480291315031,453.0,56.0,134.0,93.0,136.0,26.0,8.0
480291315032,370.0,10.0,43.0,121.0,140.0,56.0,0.0
480291315041,372.0,24.0,62.0,112.0,126.0,48.0,0.0
480291315042,309.0,22.0,22.0,148.0,64.0,53.0,0.0
480291315051,603.0,0.0,41.0,199.0,271.0,82.0,10.0
480291315052,639.0,23.0,93.0,152.0,244.0,127.0,0.0
480291315062,719.0,12.0,66.0,136.0,285.0,183.0,37.0
480291316081,896.0,32.0,242.0,252.0,241.0,119.0,10.0
480291315071,840.0,61.0,103.0,300.0,331.0,45.0,0.0
480291315073,720.0,21.0,230.0,230.0,171.0,68.0,0.0
480291316012,824.0,8.0,15.0,58.0,260.0,311.0,172.0
480291316082,1053.0,68.0,63.0,152.0,361.0,334.0,75.0
480291316092,637.0,73.0,12.0,96.0,237.0,183.0,36.0
480291316093,825.0,52.0,71.0,76.0,499.0,94.0,33.0
480291316102,628.0,16.0,10.0,110.0,347.0,145.0,0.0
480291316111,352.0,11.0,15.0,82.0,158.0,68.0,18.0
480291316131,522.0,0.0,43.0,116.0,244.0,97.0,22.0
480291316132,832.0,23.0,74.0,249.0,236.0,250.0,0.0
480291316142,146.0,0.0,7.0,13.0,55.0,52.0,19.0
480291316151,1095.0,0.0,52.0,308.0,573.0,162.0,0.0
480291316153,382.0,0.0,13.0,39.0,168.0,148.0,14.0
480291316154,396.0,0.0,37.0,188.0,93.0,47.0,31.0
480291318012,245.0,7.0,6.0,40.0,64.0,77.0,51.0
480291318021,584.0,28.0,36.0,105.0,204.0,180.0,31.0
480291318023,686.0,46.0,100.0,228.0,107.0,186.0,19.0
480291411011,560.0,113.0,262.0,104.0,81.0,0.0,0.0
480291411013,419.0,68.0,42.0,169.0,110.0,30.0,0.0
480291411021,423.0,81.0,153.0,113.0,69.0,7.0,0.0
480291411023,585.0,83.0,109.0,205.0,172.0,8.0,8.0
480291414022,519.0,32.0,53.0,9.0,203.0,222.0,0.0
480291414032,1045.0,107.0,109.0,303.0,387.0,128.0,11.0
480291414041,688.0,63.0,38.0,146.0,231.0,210.0,0.0
480291414043,522.0,259.0,99.0,111.0,48.0,5.0,0.0
480291416002,548.0,29.0,78.0,118.0,264.0,59.0,0.0
480291513011,316.0,28.0,107.0,36.0,89.0,56.0,0.0
480291513012,287.0,8.0,91.0,121.0,61.0,6.0,0.0
480291513013,423.0,52.0,94.0,147.0,89.0,21.0,20.0
480291513014,710.0,6.0,154.0,166.0,270.0,114.0,0.0
480291513021,477.0,40.0,134.0,97.0,176.0,24.0,6.0
480291513022,466.0,50.0,118.0,135.0,126.0,37.0,0.0
480291521003,184.0,20.0,53.0,35.0,62.0,14.0,0.0
480291521004,615.0,24.0,154.0,112.0,266.0,44.0,15.0
480291522011,819.0,92.0,280.0,95.0,171.0,90.0,91.0
480291522012,639.0,62.0,142.0,135.0,233.0,67.0,0.0
480291522013,616.0,8.0,230.0,152.0,170.0,39.0,17.0
480291522021,839.0,29.0,98.0,219.0,399.0,94.0,0.0
480291605011,561.0,230.0,196.0,63.0,72.0,0.0,0.0
480291605012,320.0,27.0,74.0,105.0,99.0,15.0,0.0
480291605021,205.0,33.0,87.0,68.0,17.0,0.0,0.0
480291609013,335.0,43.0,131.0,85.0,36.0,40.0,0.0
480291605022,258.0,48.0,51.0,78.0,61.0,20.0,0.0
480291605024,407.0,16.0,98.0,106.0,126.0,61.0,0.0
480291609011,240.0,58.0,74.0,28.0,60.0,15.0,5.0
480291609021,472.0,26.0,49.0,169.0,228.0,0.0,0.0
480291609023,394.0,43.0,94.0,165.0,80.0,12.0,0.0
480291613022,486.0,6.0,111.0,178.0,153.0,38.0,0.0
480291613032,554.0,46.0,52.0,270.0,180.0,6.0,0.0
480291613041,499.0,0.0,90.0,168.0,220.0,21.0,0.0
480291614001,402.0,21.0,5.0,76.0,201.0,86.0,13.0
480291615031,588.0,42.0,103.0,151.0,166.0,126.0,0.0
480291615033,240.0,37.0,40.0,29.0,117.0,17.0,0.0
480291615041,443.0,12.0,94.0,110.0,210.0,17.0,0.0
480291618011,996.0,20.0,15.0,301.0,322.0,318.0,20.0
480291618012,261.0,30.0,46.0,120.0,65.0,0.0,0.0
480291618022,981.0,126.0,123.0,293.0,411.0,28.0,0.0
480291619011,328.0,8.0,78.0,158.0,62.0,14.0,8.0
480291619022,860.0,0.0,167.0,142.0,421.0,103.0,27.0
480291619023,1074.0,48.0,91.0,226.0,646.0,63.0,0.0
480291620032,418.0,9.0,65.0,161.0,112.0,61.0,10.0
480291620033,304.0,26.0,37.0,122.0,68.0,39.0,12.0
480291620042,594.0,58.0,68.0,185.0,93.0,172.0,18.0
480291713011,252.0,29.0,43.0,121.0,59.0,0.0,0.0
480291713021,204.0,17.0,8.0,75.0,81.0,23.0,0.0
480291713022,306.0,43.0,72.0,127.0,35.0,22.0,7.0
480291716011,527.0,19.0,106.0,214.0,131.0,44.0,13.0
480291716013,449.0,127.0,73.0,209.0,40.0,0.0,0.0
480291716021,685.0,132.0,255.0,153.0,78.0,67.0,0.0
480291719022,1481.0,117.0,21.0,268.0,904.0,171.0,0.0
480291719023,2463.0,479.0,376.0,778.0,542.0,288.0,0.0
480291719131,1297.0,52.0,254.0,389.0,346.0,235.0,21.0
480291719132,489.0,9.0,50.0,268.0,102.0,37.0,23.0
480291719142,642.0,12.0,23.0,128.0,292.0,187.0,0.0
480291719143,555.0,11.0,32.0,102.0,294.0,88.0,28.0
480291719161,1040.0,61.0,71.0,89.0,389.0,376.0,54.0
480291719162,493.0,33.0,22.0,113.0,217.0,84.0,24.0
480291719171,1285.0,40.0,36.0,205.0,496.0,387.0,121.0
480291719172,1454.0,0.0,87.0,239.0,595.0,445.0,88.0
480291215053,650.0,46.0,65.0,94.0,336.0,104.0,5.0
480291216051,487.0,29.0,73.0,133.0,189.0,59.0,4.0
480291216052,251.0,9.0,24.0,78.0,105.0,35.0,0.0
480291216062,1266.0,13.0,213.0,386.0,433.0,167.0,54.0
480291216063,398.0,30.0,59.0,75.0,177.0,40.0,17.0
480291217011,502.0,47.0,65.0,86.0,167.0,137.0,0.0
480291217012,328.0,0.0,19.0,57.0,160.0,83.0,9.0
480291217014,423.0,35.0,143.0,66.0,127.0,52.0,0.0
480291217021,1268.0,0.0,103.0,74.0,438.0,506.0,147.0
480291217023,1009.0,17.0,124.0,255.0,271.0,312.0,30.0
480291218081,224.0,0.0,0.0,17.0,137.0,70.0,0.0
480291218091,280.0,18.0,43.0,92.0,53.0,46.0,28.0
480291218092,801.0,16.0,55.0,155.0,376.0,173.0,26.0
480291218101,1051.0,44.0,100.0,120.0,356.0,372.0,59.0
480291218102,433.0,16.0,13.0,32.0,284.0,79.0,9.0
480291218112,342.0,0.0,57.0,32.0,151.0,81.0,21.0
480291218121,1184.0,26.0,181.0,376.0,257.0,333.0,11.0
480291219032,1041.0,45.0,30.0,125.0,184.0,505.0,152.0
480291218123,288.0,12.0,0.0,53.0,188.0,35.0,0.0
480291218124,194.0,0.0,0.0,11.0,113.0,70.0,0.0
480291219031,957.0,21.0,29.0,280.0,287.0,301.0,39.0
480291219042,733.0,0.0,52.0,50.0,271.0,192.0,168.0
480291219051,788.0,31.0,49.0,150.0,107.0,332.0,119.0
480291219061,1010.0,0.0,34.0,50.0,400.0,338.0,188.0
480291219062,1043.0,46.0,110.0,173.0,372.0,313.0,29.0
480291219072,3415.0,47.0,48.0,595.0,1206.0,1079.0,440.0
480291219081,627.0,47.0,0.0,120.0,186.0,129.0,145.0
480291209024,608.0,73.0,167.0,104.0,156.0,108.0,0.0
480291211103,481.0,0.0,23.0,120.0,170.0,145.0,23.0
480291211183,740.0,0.0,0.0,152.0,188.0,322.0,78.0
480291211192,1240.0,53.0,28.0,305.0,417.0,390.0,47.0
480291211193,702.0,38.0,100.0,69.0,402.0,62.0,31.0
480291211202,764.0,16.0,17.0,147.0,278.0,306.0,0.0
480291211211,597.0,8.0,8.0,81.0,129.0,292.0,79.0
480291211212,408.0,0.0,9.0,39.0,123.0,167.0,70.0
480291211221,563.0,0.0,64.0,55.0,176.0,171.0,97.0
480291211222,533.0,28.0,23.0,46.0,201.0,190.0,45.0
480291211223,781.0,0.0,27.0,93.0,365.0,239.0,57.0
480291215014,691.0,33.0,65.0,174.0,349.0,45.0,25.0
480291713023,288.0,0.0,126.0,113.0,40.0,0.0,9.0
480291713024,304.0,62.0,112.0,68.0,43.0,19.0,0.0
480291714012,698.0,115.0,98.0,150.0,275.0,44.0,16.0
480291714021,730.0,68.0,184.0,203.0,257.0,18.0,0.0
480291714023,554.0,52.0,44.0,178.0,164.0,116.0,0.0
480291715011,432.0,56.0,108.0,125.0,126.0,17.0,0.0
480291715021,361.0,73.0,32.0,138.0,87.0,31.0,0.0
480291715022,245.0,0.0,95.0,128.0,22.0,0.0,0.0
480291715024,398.0,66.0,130.0,83.0,86.0,33.0,0.0
480291914121,765.0,0.0,0.0,25.0,120.0,276.0,344.0
480291914131,1195.0,26.0,84.0,335.0,296.0,342.0,112.0
480291914132,1409.0,78.0,100.0,406.0,419.0,223.0,183.0
480291915031,941.0,4.0,43.0,122.0,346.0,338.0,88.0
480291915032,723.0,95.0,13.0,80.0,293.0,206.0,36.0
480291915033,589.0,9.0,11.0,98.0,271.0,200.0,0.0
480291915041,461.0,27.0,4.0,48.0,66.0,151.0,165.0
480291915042,429.0,12.0,5.0,30.0,39.0,35.0,308.0
480291915051,334.0,5.0,0.0,10.0,104.0,141.0,74.0
480291915052,478.0,5.0,5.0,52.0,103.0,115.0,198.0
480291915061,1054.0,119.0,56.0,181.0,333.0,288.0,77.0
480291915062,1145.0,53.0,216.0,188.0,345.0,203.0,140.0
480291915063,526.0,0.0,33.0,56.0,101.0,266.0,70.0
480291917012,233.0,0.0,4.0,51.0,60.0,49.0,69.0
480291917021,1556.0,0.0,121.0,153.0,832.0,386.0,64.0
480291917023,407.0,15.0,27.0,39.0,113.0,196.0,17.0
480291917024,572.0,1.0,24.0,183.0,87.0,169.0,108.0
480291918061,364.0,10.0,32.0,33.0,28.0,84.0,177.0
480291918062,645.0,20.0,110.0,0.0,220.0,132.0,163.0
480291918071,1653.0,81.0,183.0,141.0,147.0,508.0,593.0
480291918072,1101.0,103.0,130.0,89.0,310.0,380.0,89.0
480291918082,639.0,13.0,69.0,106.0,234.0,172.0,45.0
480291918091,1656.0,72.0,31.0,179.0,419.0,543.0,412.0
480291918101,967.0,37.0,24.0,141.0,298.0,349.0,118.0
480291918102,764.0,8.0,17.0,80.0,269.0,268.0,122.0
480291918121,765.0,19.0,31.0,43.0,116.0,326.0,230.0
480291918122,411.0,0.0,0.0,36.0,117.0,167.0,91.0
480291918132,792.0,54.0,49.0,192.0,241.0,197.0,59.0
480291821062,1085.0,9.0,28.0,70.0,292.0,439.0,247.0
480291905031,467.0,23.0,39.0,138.0,148.0,68.0,51.0
480291905033,525.0,47.0,78.0,117.0,188.0,57.0,38.0
480291905041,517.0,47.0,62.0,173.0,155.0,66.0,14.0
480291906031,431.0,45.0,99.0,110.0,140.0,29.0,8.0
480291906032,490.0,29.0,92.0,188.0,130.0,43.0,8.0
480291906042,385.0,16.0,47.0,185.0,129.0,8.0,0.0
480291906043,454.0,66.0,86.0,117.0,157.0,22.0,6.0
480291910052,331.0,12.0,55.0,120.0,89.0,55.0,0.0
480291910061,285.0,68.0,18.0,40.0,144.0,15.0,0.0
480291910063,695.0,70.0,143.0,273.0,146.0,63.0,0.0
480291801014,230.0,0.0,42.0,27.0,44.0,80.0,37.0
480291801015,337.0,11.0,121.0,57.0,61.0,78.0,9.0
480291801021,293.0,17.0,28.0,40.0,86.0,91.0,31.0
480291806044,250.0,18.0,16.0,77.0,115.0,24.0,0.0
480291801022,407.0,58.0,27.0,105.0,125.0,71.0,21.0
480291806041,662.0,70.0,59.0,223.0,183.0,84.0,43.0
480291806042,790.0,204.0,92.0,214.0,221.0,59.0,0.0
480291806045,306.0,0.0,64.0,54.0,126.0,62.0,0.0
480291810033,1228.0,241.0,90.0,342.0,406.0,90.0,59.0
480291813032,648.0,98.0,206.0,253.0,91.0,0.0,0.0
480291814032,1066.0,68.0,85.0,443.0,403.0,67.0,0.0
480291814033,533.0,0.0,86.0,55.0,206.0,186.0,0.0
480291814042,748.0,127.0,148.0,108.0,246.0,119.0,0.0
480291815032,2092.0,221.0,235.0,780.0,656.0,195.0,5.0
480291817112,714.0,0.0,18.0,129.0,314.0,204.0,49.0
480291817113,1153.0,110.0,21.0,77.0,444.0,449.0,52.0
480291817153,427.0,0.0,28.0,161.0,211.0,27.0,0.0
480291817162,514.0,9.0,71.0,169.0,218.0,47.0,0.0
480291817163,906.0,52.0,87.0,208.0,396.0,163.0,0.0
480291817164,249.0,0.0,15.0,71.0,130.0,33.0,0.0
480291817183,645.0,35.0,45.0,162.0,230.0,164.0,9.0
480291817201,1219.0,13.0,15.0,95.0,368.0,603.0,125.0
480291817202,203.0,0.0,20.0,8.0,106.0,61.0,8.0
480291817211,631.0,0.0,0.0,30.0,186.0,387.0,28.0
480291817212,463.0,7.0,0.0,58.0,226.0,172.0,0.0
480291817231,515.0,27.0,19.0,96.0,246.0,112.0,15.0
480291817221,617.0,0.0,12.0,154.0,195.0,251.0,5.0
480291817222,415.0,0.0,11.0,35.0,226.0,143.0,0.0
480291817223,451.0,10.0,29.0,53.0,139.0,177.0,43.0
480291817232,327.0,13.0,9.0,72.0,121.0,94.0,18.0
480291817233,702.0,47.0,33.0,67.0,405.0,122.0,28.0
480291817241,802.0,0.0,8.0,89.0,256.0,401.0,48.0
480291817242,750.0,0.0,21.0,93.0,183.0,424.0,29.0
480291817251,1142.0,11.0,328.0,580.0,210.0,13.0,0.0
480291817261,757.0,38.0,19.0,87.0,373.0,228.0,12.0
480291817262,1190.0,93.0,106.0,179.0,455.0,323.0,34.0
480291817271,904.0,26.0,25.0,258.0,443.0,152.0,0.0
480291817272,273.0,0.0,7.0,114.0,140.0,12.0,0.0
480291817282,1301.0,0.0,43.0,100.0,678.0,439.0,41.0
480291817291,2646.0,0.0,77.0,198.0,1087.0,1160.0,124.0
480291817302,940.0,18.0,19.0,199.0,513.0,170.0,21.0
480291817311,570.0,0.0,0.0,16.0,184.0,320.0,50.0
480291817313,707.0,44.0,90.0,37.0,254.0,257.0,25.0
480291817314,477.0,0.0,0.0,33.0,167.0,256.0,21.0
480291818131,1131.0,113.0,298.0,139.0,395.0,102.0,84.0
480291818133,1145.0,209.0,209.0,251.0,241.0,235.0,0.0
480291818141,1947.0,282.0,92.0,452.0,820.0,274.0,27.0
480291818151,535.0,0.0,39.0,34.0,200.0,234.0,28.0
480291818152,777.0,23.0,62.0,195.0,250.0,205.0,42.0
480291818162,1083.0,10.0,152.0,140.0,325.0,397.0,59.0
480291818171,919.0,66.0,131.0,199.0,285.0,170.0,68.0
480291818181,950.0,121.0,91.0,214.0,323.0,184.0,17.0
480291818182,575.0,13.0,58.0,91.0,27.0,375.0,11.0
480291818191,221.0,42.0,0.0,28.0,56.0,95.0,0.0
480291818192,2159.0,188.0,422.0,543.0,490.0,435.0,81.0
480291818202,1451.0,275.0,325.0,275.0,309.0,219.0,48.0
480291818211,368.0,28.0,24.0,38.0,183.0,65.0,30.0
480291818221,393.0,0.0,38.0,44.0,162.0,142.0,7.0
480291818222,577.0,30.0,34.0,84.0,201.0,187.0,41.0
480291818231,1071.0,160.0,229.0,189.0,335.0,143.0,15.0
480291818241,460.0,4.0,26.0,56.0,160.0,198.0,16.0
480291912012,473.0,0.0,74.0,68.0,166.0,136.0,29.0
480291910064,395.0,11.0,75.0,85.0,215.0,9.0,0.0
480291912011,488.0,19.0,16.0,184.0,173.0,69.0,27.0
480291912021,596.0,76.0,156.0,51.0,203.0,90.0,20.0
480291912022,836.0,123.0,249.0,238.0,186.0,40.0,0.0
480291912023,250.0,56.0,14.0,17.0,91.0,54.0,18.0
480291912024,512.0,16.0,88.0,116.0,191.0,89.0,12.0
480291913031,767.0,20.0,74.0,203.0,247.0,184.0,39.0
480291913041,336.0,17.0,55.0,70.0,92.0,74.0,28.0
480291913042,788.0,91.0,250.0,379.0,68.0,0.0,0.0
480291914062,748.0,0.0,14.0,84.0,57.0,281.0,312.0
480291914063,761.0,45.0,38.0,109.0,141.0,271.0,157.0
480291914082,550.0,22.0,67.0,205.0,159.0,97.0,0.0
480291914101,687.0,97.0,135.0,264.0,175.0,16.0,0.0
480291914102,1112.0,13.0,135.0,482.0,399.0,71.0,12.0
480291914103,859.0,0.0,282.0,323.0,238.0,16.0,0.0
480291914111,869.0,82.0,115.0,279.0,165.0,170.0,58.0
480291914112,1192.0,57.0,118.0,167.0,545.0,207.0,98.0
480291818242,638.0,25.0,57.0,230.0,143.0,157.0,26.0
480291818251,710.0,0.0,84.0,159.0,325.0,124.0,18.0
480291818252,1077.0,65.0,31.0,88.0,454.0,315.0,124.0
480291818261,567.0,16.0,22.0,34.0,373.0,64.0,58.0
480291818262,778.0,0.0,41.0,90.0,421.0,132.0,94.0
480291818263,409.0,0.0,0.0,0.0,308.0,101.0,0.0
480291818264,503.0,0.0,0.0,69.0,217.0,157.0,60.0
480291819011,918.0,135.0,306.0,196.0,241.0,40.0,0.0
480291819012,1278.0,44.0,9.0,288.0,217.0,589.0,131.0
480291819021,1918.0,24.0,111.0,85.0,337.0,607.0,754.0
480291819022,845.0,16.0,20.0,55.0,135.0,424.0,195.0
480291820011,805.0,3.0,33.0,95.0,230.0,416.0,28.0
480291820012,930.0,10.0,42.0,114.0,239.0,454.0,71.0
480291820021,1735.0,62.0,105.0,184.0,391.0,652.0,341.0
480291820023,993.0,0.0,0.0,58.0,120.0,483.0,332.0
480291820032,549.0,38.0,36.0,34.0,170.0,127.0,144.0
480291821012,971.0,0.0,120.0,161.0,122.0,384.0,184.0
480291821022,678.0,0.0,13.0,122.0,186.0,233.0,124.0
480291821023,1302.0,30.0,0.0,74.0,236.0,581.0,381.0
480291821061,969.0,7.0,35.0,73.0,197.0,380.0,277.0
480291918142,665.0,0.0,9.0,8.0,158.0,427.0,63.0
480291918151,952.0,39.0,64.0,64.0,215.0,333.0,237.0
480291918161,935.0,26.0,59.0,236.0,282.0,205.0,127.0
480291918162,559.0,0.0,31.0,139.0,196.0,117.0,76.0
480291918172,1118.0,34.0,0.0,96.0,409.0,401.0,178.0
480291919001,428.0,53.0,50.0,52.0,95.0,127.0,51.0
480291919003,248.0,44.0,66.0,116.0,9.0,5.0,8.0
480291919004,230.0,58.0,55.0,63.0,54.0,0.0,0.0
480291920001,478.0,13.0,42.0,84.0,101.0,176.0,62.0
480291920002,696.0,71.0,176.0,243.0,39.0,167.0,0.0
480291920004,259.0,17.0,86.0,68.0,24.0,64.0,0.0
480291920005,153.0,27.0,90.0,0.0,0.0,36.0,0.0
480291921002,544.0,14.0,62.0,169.0,162.0,98.0,39.0
480291922001,668.0,84.0,28.0,291.0,183.0,48.0,34.0
480291923001,328.0,32.0,32.0,96.0,110.0,58.0,0.0
480291923002,1066.0,0.0,116.0,150.0,307.0,339.0,154.0
480291923003,429.0,17.0,0.0,11.0,76.0,103.0,222.0
480291923004,395.0,42.0,43.0,126.0,113.0,33.0,38.0
480299800011,0.0,0.0,0.0,0.0,0.0,0.0,0.0
480299800021,0.0,0.0,0.0,0.0,0.0,0.0,0.0
480299800031,222.0,11.0,6.0,80.0,101.0,24.0,0.0
480299800041,0.0,0.0,0.0,0.0,0.0,0.0,0.0
480299800051,4.0,0.0,0.0,0.0,0.0,4.0,0.0
480299801001,66.0,0.0,17.0,11.0,26.0,12.0,0.0
480291805033,585.0,19.0,57.0,160.0,267.0,82.0,0.0
480291704011,297.0,28.0,44.0,81.0,144.0,0.0,0.0
480291914081,879.0,67.0,131.0,418.0,202.0,51.0,10.0
480291914091,1576.0,98.0,259.0,526.0,419.0,248.0,26.0
480291412006,363.0,0.0,14.0,126.0,88.0,118.0,17.0
480291412003,340.0,0.0,29.0,156.0,155.0,0.0,0.0
480291501002,533.0,36.0,184.0,165.0,123.0,25.0,0.0
480291407002,449.0,128.0,106.0,128.0,76.0,11.0,0.0
480291413002,847.0,17.0,177.0,225.0,167.0,252.0,9.0
480291414021,1008.0,92.0,107.0,169.0,300.0,340.0,0.0
480291806022,780.0,211.0,144.0,155.0,176.0,94.0,0.0
480291101003,707.0,71.0,153.0,115.0,273.0,69.0,26.0
480291211121,1189.0,60.0,156.0,466.0,341.0,159.0,7.0
480291519002,1469.0,145.0,177.0,453.0,333.0,295.0,66.0
480291409001,350.0,30.0,109.0,123.0,88.0,0.0,0.0
480291505011,199.0,0.0,30.0,91.0,68.0,10.0,0.0
480291505013,352.0,28.0,77.0,131.0,102.0,14.0,0.0
480291110001,353.0,90.0,71.0,95.0,88.0,5.0,4.0
480291204002,285.0,0.0,36.0,62.0,33.0,42.0,112.0
480291204006,497.0,0.0,102.0,58.0,208.0,89.0,40.0
480291204004,351.0,19.0,0.0,0.0,0.0,136.0,196.0
480291710005,245.0,79.0,75.0,66.0,17.0,8.0,0.0
480291710003,416.0,16.0,203.0,158.0,15.0,24.0,0.0
480291717005,309.0,17.0,36.0,76.0,122.0,58.0,0.0
480291213004,500.0,16.0,32.0,68.0,223.0,72.0,89.0
480291215012,746.0,55.0,37.0,116.0,219.0,239.0,80.0
480291215073,306.0,16.0,31.0,77.0,115.0,67.0,0.0
480291312001,636.0,159.0,198.0,152.0,101.0,26.0,0.0
480291404003,310.0,36.0,37.0,93.0,84.0,60.0,0.0
480291101001,451.0,66.0,56.0,195.0,67.0,39.0,28.0
480291209023,875.0,67.0,157.0,447.0,188.0,16.0,0.0
480291214032,380.0,21.0,47.0,158.0,122.0,32.0,0.0
480291216041,1504.0,44.0,55.0,516.0,455.0,434.0,0.0
480291216044,626.0,28.0,0.0,183.0,155.0,201.0,59.0
480291207023,574.0,0.0,95.0,106.0,170.0,126.0,77.0
480291213002,408.0,48.0,57.0,74.0,106.0,123.0,0.0
480291703001,394.0,72.0,125.0,92.0,85.0,20.0,0.0
480291704022,355.0,28.0,118.0,139.0,28.0,42.0,0.0
480291704023,399.0,50.0,109.0,162.0,78.0,0.0,0.0
480291706002,381.0,25.0,98.0,69.0,140.0,49.0,0.0
480291707001,333.0,53.0,31.0,89.0,134.0,26.0,0.0
480291212041,888.0,150.0,264.0,171.0,229.0,54.0,20.0
480291212045,941.0,14.0,219.0,425.0,235.0,33.0,15.0
480291416001,755.0,61.0,43.0,175.0,364.0,95.0,17.0
480291215051,888.0,28.0,68.0,283.0,355.0,135.0,19.0
480291403001,392.0,80.0,134.0,60.0,97.0,21.0,0.0
480291701013,359.0,66.0,119.0,101.0,73.0,0.0,0.0
480291718021,347.0,55.0,107.0,71.0,101.0,13.0,0.0
480291718024,470.0,70.0,117.0,199.0,84.0,0.0,0.0
480291507005,407.0,25.0,105.0,110.0,157.0,10.0,0.0
480291507002,498.0,23.0,229.0,101.0,134.0,11.0,0.0
480291507004,440.0,164.0,73.0,97.0,62.0,44.0,0.0
480291601002,424.0,83.0,57.0,94.0,183.0,0.0,7.0
480291813021,1209.0,82.0,282.0,390.0,370.0,85.0,0.0
480291815063,1035.0,98.0,333.0,393.0,119.0,92.0,0.0
480291809024,531.0,13.0,163.0,135.0,207.0,13.0,0.0
480291810032,589.0,126.0,172.0,189.0,102.0,0.0,0.0
480291810053,654.0,37.0,100.0,327.0,122.0,68.0,0.0
480291817152,436.0,0.0,46.0,135.0,192.0,63.0,0.0
480291203001,616.0,0.0,0.0,19.0,45.0,392.0,160.0
480291205011,262.0,74.0,75.0,43.0,70.0,0.0,0.0
480291205016,442.0,0.0,91.0,184.0,150.0,17.0,0.0
480291205017,327.0,24.0,26.0,167.0,79.0,31.0,0.0
480291211151,567.0,0.0,80.0,91.0,208.0,180.0,8.0
480291211173,638.0,39.0,79.0,143.0,237.0,127.0,13.0
480291815031,1290.0,81.0,109.0,272.0,491.0,331.0,6.0
480291215082,606.0,55.0,133.0,155.0,207.0,37.0,19.0
480291914054,444.0,35.0,42.0,37.0,87.0,82.0,161.0
480291709002,554.0,39.0,240.0,130.0,126.0,9.0,10.0
480291615012,203.0,0.0,12.0,75.0,105.0,11.0,0.0
480291615014,436.0,91.0,87.0,138.0,79.0,41.0,0.0
480291701023,573.0,80.0,178.0,181.0,75.0,59.0,0.0
480291711002,543.0,70.0,136.0,118.0,215.0,4.0,0.0
480291807024,449.0,16.0,165.0,187.0,48.0,33.0,0.0
480291807021,876.0,151.0,189.0,255.0,207.0,23.0,51.0
480291809013,549.0,97.0,64.0,219.0,154.0,15.0,0.0
480291108003,241.0,47.0,29.0,92.0,51.0,11.0,11.0
480291211163,574.0,14.0,49.0,231.0,78.0,122.0,80.0
480291212034,390.0,11.0,120.0,69.0,124.0,66.0,0.0
480291212033,374.0,0.0,89.0,152.0,82.0,51.0,0.0
480291817181,763.0,12.0,15.0,123.0,358.0,236.0,19.0
480291902005,499.0,46.0,53.0,171.0,94.0,20.0,115.0
480291902002,226.0,15.0,57.0,0.0,130.0,17.0,7.0
480291802024,292.0,89.0,14.0,69.0,78.0,42.0,0.0
480291802022,651.0,63.0,168.0,297.0,114.0,9.0,0.0
480291805014,492.0,166.0,215.0,87.0,16.0,8.0,0.0
480291808003,261.0,24.0,42.0,98.0,74.0,23.0,0.0
480291708001,186.0,38.0,42.0,49.0,57.0,0.0,0.0
480291106001,226.0,0.0,80.0,64.0,82.0,0.0,0.0
480291510002,335.0,56.0,68.0,115.0,69.0,27.0,0.0
480291510003,357.0,9.0,99.0,113.0,110.0,26.0,0.0
480291607021,381.0,57.0,87.0,113.0,84.0,40.0,0.0
480291607022,698.0,129.0,202.0,222.0,138.0,7.0,0.0
480291215083,284.0,7.0,40.0,86.0,117.0,34.0,0.0
480291216011,632.0,14.0,93.0,204.0,243.0,48.0,30.0
480291218022,916.0,97.0,160.0,165.0,345.0,149.0,0.0
480291303004,299.0,49.0,72.0,69.0,74.0,35.0,0.0
480291303003,173.0,12.0,63.0,77.0,21.0,0.0,0.0
480291909014,282.0,14.0,66.0,66.0,90.0,46.0,0.0
480291809011,287.0,0.0,41.0,103.0,118.0,25.0,0.0
480291815043,170.0,0.0,0.0,47.0,49.0,74.0,0.0
480291816011,269.0,9.0,29.0,55.0,96.0,80.0,0.0
480291818093,438.0,0.0,46.0,102.0,254.0,36.0,0.0
480291821011,1134.0,75.0,21.0,68.0,167.0,532.0,271.0
480291906012,455.0,35.0,131.0,189.0,72.0,28.0,0.0
480291910042,664.0,82.0,225.0,190.0,125.0,42.0,0.0
480291212052,506.0,104.0,168.0,175.0,59.0,0.0,0.0
480291212064,377.0,0.0,59.0,21.0,193.0,103.0,1.0
480291212066,505.0,30.0,71.0,152.0,180.0,22.0,50.0
480291602001,314.0,54.0,41.0,101.0,108.0,10.0,0.0
480291817131,735.0,70.0,63.0,88.0,290.0,224.0,0.0
480291815052,476.0,13.0,13.0,69.0,293.0,81.0,7.0
480291817041,500.0,9.0,18.0,70.0,215.0,178.0,10.0
480291817043,674.0,41.0,97.0,105.0,326.0,97.0,8.0
480291907001,487.0,34.0,77.0,106.0,159.0,111.0,0.0
480291812003,438.0,60.0,42.0,106.0,102.0,55.0,73.0
480291511006,83.0,17.0,39.0,27.0,0.0,0.0,0.0
480291514003,436.0,88.0,132.0,75.0,125.0,16.0,0.0
480291909022,503.0,0.0,33.0,88.0,304.0,78.0,0.0
480291810011,638.0,0.0,152.0,180.0,191.0,87.0,28.0
480291821031,935.0,21.0,46.0,101.0,224.0,378.0,165.0
480291901001,249.0,15.0,51.0,57.0,90.0,36.0,0.0
480291817033,934.0,75.0,69.0,66.0,231.0,364.0,129.0
480291803004,316.0,67.0,66.0,97.0,59.0,27.0,0.0
480291313003,799.0,90.0,247.0,233.0,138.0,91.0,0.0
480291313002,483.0,0.0,134.0,160.0,107.0,82.0,0.0
480291103001,835.0,202.0,273.0,63.0,197.0,50.0,50.0
480291206007,514.0,189.0,82.0,58.0,154.0,12.0,19.0
480291206004,730.0,23.0,88.0,116.0,270.0,124.0,109.0
480291206001,495.0,68.0,0.0,181.0,150.0,83.0,13.0
480291517005,448.0,9.0,122.0,100.0,217.0,0.0,0.0
480291517004,184.0,24.0,22.0,39.0,87.0,12.0,0.0
480291719031,601.0,116.0,67.0,178.0,188.0,52.0,0.0
480291717002,328.0,38.0,111.0,0.0,179.0,0.0,0.0
480291719033,493.0,23.0,25.0,204.0,217.0,24.0,0.0
480291509004,361.0,39.0,112.0,71.0,108.0,13.0,18.0
480291509003,546.0,83.0,132.0,183.0,148.0,0.0,0.0
480291705001,536.0,72.0,207.0,105.0,48.0,91.0,13.0
480291805041,498.0,14.0,107.0,163.0,185.0,21.0,8.0
480291205022,193.0,36.0,22.0,76.0,31.0,16.0,12.0
480291205021,415.0,47.0,51.0,132.0,177.0,8.0,0.0
480291207014,387.0,49.0,12.0,68.0,95.0,127.0,36.0
480291302001,301.0,20.0,48.0,138.0,68.0,23.0,4.0
480291410001,194.0,2.0,35.0,39.0,99.0,19.0,0.0
480291516005,234.0,0.0,72.0,60.0,56.0,46.0,0.0
480291516003,662.0,0.0,182.0,213.0,200.0,67.0,0.0
480291817053,948.0,0.0,279.0,268.0,289.0,112.0,0.0
480291606002,443.0,88.0,42.0,132.0,150.0,31.0,0.0
480291419001,512.0,18.0,116.0,74.0,130.0,156.0,18.0
480291515001,217.0,0.0,60.0,80.0,68.0,9.0,0.0
480291603001,332.0,44.0,63.0,85.0,140.0,0.0,0.0
480291603004,335.0,42.0,93.0,101.0,89.0,0.0,10.0
480291613021,956.0,85.0,156.0,318.0,320.0,77.0,0.0
480291804002,629.0,179.0,134.0,182.0,101.0,33.0,0.0
480291807011,469.0,0.0,72.0,116.0,98.0,146.0,37.0
480291811001,621.0,16.0,64.0,235.0,239.0,67.0,0.0
480291211082,714.0,0.0,112.0,81.0,323.0,137.0,61.0
480291203004,463.0,0.0,15.0,68.0,57.0,86.0,237.0
480291203006,358.0,0.0,0.0,20.0,89.0,131.0,118.0
480291506002,360.0,11.0,67.0,137.0,120.0,25.0,0.0
480291506001,350.0,35.0,56.0,158.0,81.0,20.0,0.0
480291511002,482.0,18.0,82.0,249.0,128.0,5.0,0.0
480291105001,780.0,353.0,220.0,137.0,51.0,19.0,0.0
480291210002,276.0,0.0,76.0,69.0,131.0,0.0,0.0
480291210001,171.0,18.0,10.0,106.0,21.0,0.0,16.0
480291211101,703.0,0.0,18.0,114.0,234.0,331.0,6.0
480291215063,358.0,50.0,66.0,98.0,110.0,34.0,0.0
480291315033,443.0,8.0,79.0,117.0,152.0,75.0,12.0
480291315043,803.0,15.0,168.0,273.0,269.0,78.0,0.0
480291315061,449.0,11.0,162.0,98.0,158.0,20.0,0.0
480291315072,277.0,12.0,93.0,30.0,82.0,60.0,0.0
480291316062,940.0,29.0,43.0,161.0,447.0,260.0,0.0
480291316091,673.0,12.0,39.0,76.0,410.0,108.0,28.0
480291316101,765.0,9.0,50.0,196.0,287.0,223.0,0.0
480291316121,623.0,10.0,13.0,120.0,392.0,78.0,10.0
480291316141,1033.0,6.0,68.0,219.0,520.0,206.0,14.0
480291316152,707.0,4.0,38.0,172.0,355.0,138.0,0.0
480291318011,487.0,0.0,57.0,75.0,223.0,120.0,12.0
480291318022,212.0,0.0,27.0,33.0,63.0,80.0,9.0
480291411012,374.0,78.0,127.0,72.0,80.0,17.0,0.0
480291522022,392.0,19.0,81.0,108.0,101.0,50.0,33.0
480291411022,191.0,9.0,25.0,81.0,76.0,0.0,0.0
480291414031,560.0,29.0,88.0,133.0,186.0,116.0,8.0
480291414042,583.0,38.0,78.0,147.0,183.0,116.0,21.0
480291605013,298.0,97.0,79.0,30.0,75.0,17.0,0.0
480291605023,303.0,45.0,51.0,156.0,31.0,20.0,0.0
480291609012,303.0,22.0,86.0,88.0,94.0,13.0,0.0
480291609022,437.0,44.0,176.0,103.0,90.0,24.0,0.0
480291613031,514.0,33.0,151.0,134.0,159.0,37.0,0.0
480291613042,554.0,23.0,122.0,155.0,210.0,44.0,0.0
480291615032,349.0,8.0,93.0,53.0,144.0,51.0,0.0
480291615042,702.0,40.0,140.0,293.0,136.0,93.0,0.0
480291618021,1515.0,14.0,178.0,418.0,531.0,351.0,23.0
480291619021,418.0,11.0,41.0,208.0,136.0,22.0,0.0
480291620031,637.0,53.0,117.0,201.0,200.0,66.0,0.0
480291620041,400.0,0.0,137.0,99.0,116.0,30.0,18.0
480291713012,579.0,112.0,142.0,158.0,147.0,20.0,0.0
480291716012,232.0,86.0,15.0,63.0,52.0,16.0,0.0
480291716022,263.0,48.0,95.0,52.0,55.0,13.0,0.0
480291719122,638.0,10.0,58.0,123.0,272.0,152.0,23.0
480291719141,423.0,0.0,34.0,89.0,227.0,61.0,12.0
480291719151,675.0,11.0,91.0,119.0,337.0,112.0,5.0
480291719163,926.0,0.0,25.0,42.0,656.0,146.0,57.0
480291719181,545.0,0.0,51.0,97.0,215.0,171.0,11.0
480291215044,1071.0,0.0,115.0,290.0,418.0,147.0,101.0
480291215064,335.0,14.0,75.0,38.0,136.0,65.0,7.0
480291216061,245.0,0.0,47.0,14.0,97.0,87.0,0.0
480291216064,275.0,0.0,55.0,71.0,135.0,14.0,0.0
480291217013,236.0,11.0,38.0,76.0,84.0,27.0,0.0
480291217022,528.0,20.0,105.0,134.0,173.0,73.0,23.0
480291218082,800.0,0.0,79.0,70.0,352.0,272.0,27.0
480291218093,604.0,10.0,16.0,110.0,246.0,177.0,45.0
480291218111,1320.0,23.0,54.0,255.0,455.0,466.0,67.0
480291218122,355.0,0.0,25.0,105.0,104.0,121.0,0.0
480291218131,554.0,34.0,42.0,127.0,156.0,175.0,20.0
480291219041,346.0,0.0,0.0,25.0,105.0,154.0,62.0
480291219052,1528.0,67.0,91.0,206.0,513.0,462.0,189.0
480291219071,524.0,12.0,41.0,39.0,156.0,234.0,42.0
480291211085,654.0,15.0,61.0,104.0,157.0,216.0,101.0
480291211191,337.0,0.0,83.0,58.0,174.0,22.0,0.0
480291211201,1026.0,19.0,15.0,298.0,476.0,218.0,0.0
480291207013,618.0,113.0,171.0,209.0,82.0,43.0,0.0
480291215043,651.0,13.0,63.0,13.0,304.0,205.0,53.0
480291503002,383.0,7.0,89.0,156.0,113.0,18.0,0.0
480291418003,699.0,54.0,139.0,185.0,227.0,87.0,7.0
480291508001,471.0,190.0,191.0,51.0,22.0,12.0,5.0
480291712001,340.0,28.0,82.0,150.0,71.0,0.0,9.0
480291712002,330.0,37.0,107.0,126.0,60.0,0.0,0.0
480291512004,269.0,65.0,14.0,40.0,150.0,0.0,0.0
480291904002,421.0,85.0,0.0,38.0,79.0,68.0,151.0
480291817121,800.0,14.0,31.0,110.0,265.0,315.0,65.0
480291816024,620.0,42.0,111.0,224.0,208.0,35.0,0.0
480291816022,493.0,35.0,120.0,158.0,145.0,20.0,15.0
480291314022,619.0,46.0,101.0,215.0,137.0,96.0,24.0
480291719183,561.0,0.0,26.0,98.0,268.0,124.0,45.0
480291719201,884.0,0.0,57.0,300.0,254.0,273.0,0.0
480291719212,470.0,13.0,16.0,165.0,174.0,77.0,25.0
480291719231,409.0,0.0,23.0,39.0,166.0,181.0,0.0
480291719234,1638.0,51.0,150.0,326.0,660.0,406.0,45.0
480291719251,275.0,0.0,65.0,123.0,51.0,36.0,0.0
480291719253,1149.0,0.0,16.0,144.0,447.0,470.0,72.0
480291720023,1249.0,8.0,31.0,209.0,565.0,415.0,21.0
480291720041,1363.0,50.0,80.0,127.0,553.0,410.0,143.0
480291720061,1140.0,0.0,34.0,103.0,339.0,529.0,135.0
480291720071,1263.0,43.0,39.0,67.0,461.0,588.0,65.0
480291801011,397.0,41.0,31.0,165.0,93.0,67.0,0.0
480291714011,514.0,25.0,67.0,135.0,239.0,48.0,0.0
480291714022,333.0,72.0,78.0,63.0,120.0,0.0,0.0
480291715012,363.0,64.0,99.0,72.0,81.0,43.0,4.0
480291715023,515.0,7.0,163.0,236.0,76.0,10.0,23.0
480291917011,317.0,5.0,13.0,27.0,67.0,91.0,114.0
480291917022,517.0,0.0,0.0,72.0,109.0,252.0,84.0
480291918043,808.0,0.0,0.0,97.0,248.0,317.0,146.0
480291918111,1381.0,44.0,35.0,98.0,391.0,586.0,227.0
480291918063,1888.0,20.0,0.0,133.0,401.0,694.0,640.0
480291918081,858.0,10.0,21.0,52.0,231.0,332.0,212.0
480291918092,816.0,11.0,14.0,43.0,334.0,341.0,73.0
480291918131,1539.0,20.0,26.0,213.0,319.0,803.0,158.0
480291817252,922.0,60.0,83.0,285.0,242.0,239.0,13.0
480291817263,1078.0,53.0,28.0,132.0,482.0,357.0,26.0
480291817281,2253.0,49.0,197.0,761.0,934.0,300.0,12.0
480291817301,498.0,15.0,116.0,103.0,189.0,75.0,0.0
480291817312,718.0,0.0,64.0,185.0,286.0,155.0,28.0
480291818112,272.0,0.0,10.0,55.0,95.0,104.0,8.0
480291818132,1012.0,74.0,47.0,421.0,190.0,209.0,71.0
480291818142,1266.0,126.0,192.0,181.0,451.0,280.0,36.0
480291818161,414.0,21.0,0.0,75.0,124.0,169.0,25.0
480291818172,493.0,46.0,69.0,122.0,102.0,123.0,31.0
480291818183,767.0,14.0,83.0,246.0,187.0,237.0,0.0
480291818201,111.0,72.0,14.0,25.0,0.0,0.0,0.0
480291818212,953.0,59.0,45.0,243.0,357.0,166.0,83.0
480291818223,898.0,36.0,84.0,254.0,376.0,148.0,0.0
480291905032,515.0,22.0,124.0,163.0,157.0,49.0,0.0
480291905042,493.0,57.0,120.0,114.0,138.0,59.0,5.0
480291906041,400.0,72.0,56.0,159.0,89.0,24.0,0.0
480291910051,369.0,52.0,105.0,78.0,109.0,25.0,0.0
480291910062,408.0,21.0,147.0,32.0,194.0,14.0,0.0
480291801013,293.0,0.0,113.0,43.0,89.0,41.0,7.0
480291801016,189.0,0.0,54.0,24.0,46.0,56.0,9.0
480291806031,627.0,26.0,128.0,103.0,182.0,148.0,40.0
480291806043,353.0,0.0,80.0,108.0,112.0,31.0,22.0
480291807026,740.0,124.0,108.0,225.0,162.0,121.0,0.0
480291814031,1167.0,17.0,239.0,406.0,364.0,141.0,0.0
480291814041,2081.0,115.0,208.0,297.0,1180.0,236.0,45.0
480291815044,841.0,108.0,150.0,197.0,309.0,59.0,18.0
480291817154,816.0,13.0,113.0,200.0,417.0,46.0,27.0
480291820022,267.0,0.0,20.0,17.0,106.0,66.0,58.0
480291820031,1026.0,48.0,15.0,109.0,274.0,403.0,177.0
480291821013,1039.0,19.0,20.0,0.0,400.0,408.0,192.0
480291821051,814.0,19.0,13.0,63.0,193.0,366.0,160.0
480291910065,300.0,81.0,81.0,37.0,90.0,11.0,0.0
480291912013,143.0,9.0,9.0,7.0,72.0,37.0,9.0
480291918141,831.0,45.0,66.0,117.0,292.0,233.0,78.0
480291918152,834.0,61.0,43.0,114.0,304.0,234.0,78.0
480291918171,3663.0,312.0,455.0,596.0,722.0,1044.0,534.0
480291919002,427.0,84.0,147.0,73.0,86.0,37.0,0.0
480291919005,359.0,108.0,62.0,74.0,97.0,18.0,0.0
480291920003,707.0,101.0,196.0,207.0,99.0,104.0,0.0
480291921001,726.0,70.0,84.0,101.0,198.0,150.0,123.0
480291922002,330.0,42.0,70.0,129.0,78.0,11.0,0.0
