block_group,B08302_001E,B08302_002E,B08302_004E_M,B08302_006E_M,B08302_008E_M,B08302_010E_M,B08302_011E,B08302_013E_M,B08302_014E,B08302_015E
480291805031,366.0,0.0,57.0,51.0,143.0,57.0,10.0,0.0,46.0,2.0
480291805032,765.0,38.0,201.0,128.0,130.0,43.0,0.0,86.0,68.0,71.0
480291704013,416.0,18.0,0.0,79.0,151.0,84.0,41.0,0.0,34.0,9.0
480291704012,140.0,0.0,0.0,38.0,48.0,10.0,13.0,0.0,21.0,10.0
480291914061,1211.0,20.0,64.0,156.0,462.0,237.0,105.0,57.0,70.0,40.0
480291914092,1780.0,76.0,122.0,109.0,510.0,367.0,237.0,86.0,58.0,215.0
480291212042,935.0,30.0,114.0,163.0,296.0,119.0,76.0,0.0,35.0,102.0
480291215081,626.0,58.0,93.0,63.0,152.0,13.0,25.0,72.0,11.0,139.0
480291914051,1574.0,79.0,97.0,143.0,443.0,174.0,142.0,35.0,231.0,230.0
480291914052,1093.0,36.0,81.0,16.0,450.0,178.0,163.0,66.0,55.0,48.0
480291914053,651.0,0.0,102.0,114.0,173.0,119.0,57.0,0.0,45.0,41.0
480291914055,358.0,0.0,39.0,100.0,57.0,95.0,0.0,0.0,51.0,16.0
480291709001,482.0,97.0,19.0,29.0,124.0,165.0,0.0,10.0,27.0,11.0
480291709003,330.0,10.0,62.0,57.0,164.0,9.0,28.0,0.0,0.0,0.0
480291610002,755.0,17.0,12.0,256.0,205.0,84.0,37.0,93.0,26.0,25.0
480291610001,681.0,36.0,0.0,296.0,102.0,66.0,81.0,72.0,15.0,13.0
480291615015,619.0,34.0,117.0,173.0,107.0,31.0,72.0,0.0,0.0,85.0
480291615011,1521.0,45.0,176.0,373.0,279.0,74.0,153.0,66.0,245.0,110.0
480291615013,572.0,33.0,15.0,268.0,51.0,92.0,0.0,37.0,41.0,35.0
480291711001,768.0,57.0,23.0,151.0,301.0,107.0,56.0,0.0,9.0,64.0
480291620011,914.0,78.0,130.0,228.0,166.0,69.0,15.0,44.0,54.0,130.0
480291701022,586.0,0.0,0.0,52.0,336.0,69.0,0.0,0.0,57.0,72.0
480291701021,502.0,0.0,9.0,177.0,32.0,0.0,71.0,128.0,0.0,85.0
480291807022,649.0,0.0,0.0,43.0,345.0,160.0,19.0,23.0,30.0,29.0
480291807023,185.0,0.0,0.0,75.0,40.0,9.0,0.0,23.0,14.0,24.0
480291807025,163.0,0.0,0.0,5.0,86.0,17.0,14.0,0.0,0.0,41.0
480291809012,568.0,26.0,33.0,86.0,167.0,20.0,61.0,63.0,100.0,12.0
480291809015,410.0,0.0,8.0,49.0,132.0,34.0,103.0,39.0,20.0,25.0
480291106003,86.0,0.0,4.0,7.0,36.0,0.0,0.0,0.0,15.0,24.0
480291108002,194.0,0.0,16.0,5.0,68.0,30.0,41.0,20.0,0.0,14.0
480291108001,358.0,12.0,23.0,118.0,86.0,65.0,16.0,0.0,17.0,21.0
480291208004,318.0,0.0,0.0,0.0,88.0,151.0,63.0,0.0,0.0,16.0
480291208006,496.0,0.0,0.0,19.0,180.0,162.0,35.0,62.0,23.0,15.0
480291208001,452.0,14.0,0.0,17.0,151.0,143.0,72.0,0.0,39.0,16.0
480291208002,436.0,0.0,0.0,38.0,207.0,126.0,31.0,18.0,0.0,16.0
480291208005,289.0,0.0,0.0,40.0,83.0,115.0,34.0,0.0,17.0,0.0
480291208007,369.0,0.0,25.0,0.0,122.0,89.0,61.0,0.0,58.0,14.0
480291208003,717.0,0.0,36.0,75.0,312.0,258.0,0.0,0.0,0.0,36.0
480291211113,802.0,21.0,22.0,292.0,144.0,79.0,91.0,27.0,85.0,41.0
480291211111,540.0,0.0,20.0,177.0,199.0,53.0,0.0,0.0,18.0,73.0
480291211112,986.0,0.0,34.0,327.0,221.0,100.0,19.0,56.0,69.0,160.0
480291211114,902.0,21.0,23.0,249.0,276.0,111.0,27.0,61.0,51.0,83.0
480291211161,967.0,17.0,34.0,92.0,238.0,209.0,64.0,51.0,184.0,78.0
480291211164,858.0,25.0,0.0,193.0,353.0,126.0,42.0,0.0,60.0,59.0
480291211162,143.0,13.0,0.0,16.0,31.0,27.0,41.0,15.0,0.0,0.0
480291211181,776.0,0.0,41.0,145.0,317.0,40.0,104.0,82.0,0.0,47.0
480291211182,1666.0,103.0,45.0,310.0,407.0,126.0,219.0,98.0,274.0,84.0
480291212031,271.0,0.0,9.0,57.0,148.0,39.0,0.0,0.0,18.0,0.0
480291212032,639.0,33.0,0.0,163.0,189.0,36.0,52.0,10.0,93.0,63.0
480291212051,1430.0,187.0,87.0,264.0,312.0,416.0,12.0,60.0,27.0,65.0
480291817182,895.0,33.0,58.0,263.0,223.0,73.0,50.0,25.0,29.0,141.0
480291818111,1704.0,81.0,49.0,347.0,466.0,196.0,148.0,66.0,76.0,275.0
480291902003,602.0,0.0,0.0,94.0,257.0,118.0,53.0,33.0,29.0,18.0
480291902004,343.0,0.0,0.0,54.0,109.0,19.0,0.0,11.0,0.0,150.0
480291902001,279.0,0.0,8.0,14.0,155.0,69.0,19.0,14.0,0.0,0.0
480291802021,403.0,0.0,0.0,77.0,247.0,35.0,0.0,14.0,0.0,30.0
480291802023,541.0,32.0,0.0,59.0,159.0,188.0,60.0,12.0,17.0,14.0
480291805013,423.0,0.0,4.0,134.0,55.0,118.0,18.0,13.0,67.0,14.0
480291805012,245.0,8.0,0.0,54.0,50.0,77.0,23.0,8.0,17.0,8.0
480291805011,698.0,0.0,45.0,226.0,124.0,65.0,45.0,76.0,65.0,52.0
480291808002,578.0,86.0,34.0,74.0,203.0,50.0,20.0,34.0,56.0,21.0
480291808001,396.0,16.0,24.0,54.0,127.0,48.0,9.0,0.0,59.0,59.0
480291708002,314.0,20.0,35.0,95.0,83.0,51.0,14.0,0.0,10.0,6.0
480291106002,479.0,20.0,31.0,66.0,95.0,48.0,18.0,24.0,107.0,70.0
480291504001,173.0,31.0,34.0,21.0,0.0,27.0,25.0,0.0,35.0,0.0
480291504002,301.0,58.0,23.0,44.0,97.0,10.0,0.0,19.0,40.0,10.0
480291510001,480.0,40.0,16.0,55.0,213.0,28.0,106.0,4.0,0.0,18.0
480291521002,461.0,7.0,33.0,118.0,78.0,92.0,45.0,53.0,22.0,13.0
480291521001,429.0,22.0,38.0,108.0,140.0,59.0,0.0,13.0,0.0,49.0
480291607024,303.0,7.0,66.0,16.0,41.0,15.0,12.0,0.0,30.0,116.0
480291607023,449.0,65.0,36.0,98.0,138.0,9.0,17.0,18.0,51.0,17.0
480291616002,1065.0,75.0,93.0,124.0,391.0,77.0,18.0,27.0,100.0,160.0
480291616001,761.0,15.0,46.0,223.0,134.0,42.0,72.0,0.0,108.0,121.0
480291216012,650.0,0.0,46.0,217.0,154.0,126.0,0.0,64.0,18.0,25.0
480291216013,743.0,63.0,119.0,31.0,67.0,159.0,0.0,0.0,258.0,46.0
480291216014,411.0,0.0,41.0,47.0,80.0,187.0,0.0,30.0,14.0,12.0
480291218021,1008.0,0.0,131.0,386.0,262.0,22.0,106.0,20.0,29.0,52.0
480291218023,1727.0,82.0,77.0,431.0,424.0,176.0,12.0,74.0,277.0,174.0
480291303002,413.0,35.0,0.0,97.0,86.0,139.0,48.0,0.0,0.0,8.0
480291303001,218.0,25.0,47.0,0.0,60.0,28.0,0.0,43.0,0.0,15.0
480291307002,353.0,9.0,43.0,62.0,112.0,61.0,45.0,0.0,0.0,21.0
480291307001,454.0,0.0,107.0,37.0,125.0,69.0,0.0,11.0,75.0,30.0
480291702004,333.0,0.0,17.0,47.0,78.0,90.0,26.0,0.0,71.0,4.0
480291702006,341.0,0.0,7.0,88.0,117.0,76.0,7.0,0.0,0.0,46.0
480291702002,334.0,60.0,69.0,58.0,26.0,31.0,0.0,0.0,84.0,6.0
480291702005,115.0,0.0,0.0,14.0,54.0,19.0,5.0,0.0,15.0,8.0
480291702001,258.0,12.0,41.0,58.0,93.0,15.0,12.0,15.0,0.0,12.0
480291316011,342.0,27.0,42.0,102.0,46.0,10.0,0.0,55.0,42.0,18.0
480291317001,378.0,10.0,23.0,77.0,193.0,22.0,9.0,10.0,11.0,23.0
480291412004,240.0,0.0,39.0,55.0,83.0,26.0,6.0,31.0,0.0,0.0
480291412001,584.0,0.0,71.0,47.0,60.0,104.0,104.0,64.0,74.0,60.0
480291412005,582.0,48.0,20.0,169.0,221.0,38.0,31.0,0.0,55.0,0.0
480291412002,533.0,19.0,38.0,11.0,182.0,54.0,0.0,33.0,109.0,87.0
480291501003,401.0,54.0,15.0,116.0,64.0,90.0,24.0,0.0,12.0,26.0
480291309002,360.0,18.0,41.0,58.0,64.0,26.0,0.0,0.0,80.0,73.0
480291309003,420.0,27.0,83.0,134.0,83.0,7.0,16.0,29.0,8.0,33.0
480291310003,350.0,10.0,44.0,38.0,70.0,68.0,44.0,16.0,60.0,0.0
480291310004,217.0,0.0,89.0,42.0,27.0,35.0,7.0,7.0,4.0,6.0
480291310001,862.0,30.0,124.0,68.0,234.0,86.0,99.0,30.0,142.0,49.0
480291310002,273.0,30.0,45.0,0.0,89.0,25.0,0.0,27.0,43.0,14.0
480291405003,557.0,13.0,49.0,107.0,235.0,24.0,37.0,26.0,21.0,45.0
480291405002,656.0,0.0,55.0,189.0,207.0,42.0,41.0,16.0,53.0,53.0
480291405001,394.0,22.0,40.0,55.0,161.0,8.0,0.0,53.0,17.0,38.0
480291405004,290.0,0.0,32.0,41.0,135.0,18.0,45.0,0.0,13.0,6.0
480291406002,420.0,14.0,0.0,84.0,212.0,15.0,6.0,6.0,15.0,68.0
480291406001,828.0,67.0,69.0,191.0,258.0,33.0,50.0,27.0,99.0,34.0
480291407003,262.0,2.0,7.0,169.0,38.0,18.0,20.0,8.0,0.0,0.0
480291407001,457.0,10.0,32.0,155.0,93.0,16.0,27.0,13.0,55.0,56.0
480291407004,389.0,41.0,0.0,74.0,79.0,62.0,21.0,11.0,101.0,0.0
480291407005,569.0,21.0,4.0,204.0,111.0,18.0,56.0,101.0,16.0,38.0
480291413001,432.0,66.0,22.0,87.0,169.0,22.0,13.0,0.0,0.0,53.0
480291413003,1496.0,144.0,107.0,350.0,465.0,129.0,25.0,39.0,141.0,96.0
480291702003,383.0,7.0,36.0,168.0,101.0,33.0,29.0,0.0,0.0,9.0
480291806023,353.0,58.0,18.0,28.0,126.0,65.0,50.0,0.0,8.0,0.0
480291806021,423.0,0.0,0.0,125.0,133.0,87.0,21.0,34.0,9.0,14.0
480291911021,286.0,0.0,0.0,24.0,84.0,85.0,54.0,27.0,12.0,0.0
480291911022,350.0,2.0,21.0,25.0,108.0,141.0,23.0,0.0,0.0,30.0
480291911023,430.0,0.0,59.0,84.0,133.0,69.0,26.0,20.0,0.0,39.0
480291209012,719.0,0.0,43.0,60.0,161.0,120.0,34.0,116.0,145.0,40.0
480291209011,383.0,31.0,0.0,117.0,94.0,34.0,41.0,8.0,33.0,25.0
480291211122,764.0,51.0,60.0,124.0,253.0,126.0,37.0,26.0,40.0,47.0
480291519001,647.0,0.0,16.0,132.0,174.0,148.0,0.0,86.0,31.0,60.0
480291409002,489.0,18.0,59.0,131.0,94.0,50.0,16.0,55.0,50.0,16.0
480291417001,1289.0,37.0,57.0,217.0,486.0,288.0,59.0,0.0,35.0,110.0
480291417002,1292.0,62.0,93.0,434.0,224.0,265.0,68.0,12.0,35.0,99.0
480291505012,439.0,19.0,0.0,114.0,176.0,96.0,0.0,0.0,34.0,0.0
480291505014,573.0,0.0,72.0,156.0,66.0,55.0,71.0,80.0,57.0,16.0
480291604002,712.0,90.0,51.0,167.0,245.0,48.0,0.0,37.0,27.0,47.0
480291604004,303.0,9.0,15.0,74.0,76.0,20.0,33.0,27.0,28.0,21.0
480291604001,499.0,69.0,0.0,137.0,153.0,139.0,0.0,1.0,0.0,0.0
480291604003,376.0,30.0,21.0,51.0,119.0,32.0,0.0,0.0,49.0,74.0
480291611005,716.0,0.0,141.0,282.0,51.0,61.0,0.0,0.0,68.0,113.0
480291611006,204.0,0.0,82.0,34.0,44.0,14.0,30.0,0.0,0.0,0.0
480291611001,1457.0,13.0,199.0,313.0,306.0,127.0,85.0,38.0,166.0,210.0
480291611004,840.0,107.0,267.0,132.0,37.0,62.0,65.0,0.0,84.0,86.0
480291611003,467.0,56.0,99.0,51.0,61.0,65.0,0.0,20.0,69.0,46.0
480291611002,302.0,0.0,29.0,143.0,34.0,25.0,41.0,0.0,30.0,0.0
480291813012,860.0,0.0,61.0,137.0,358.0,132.0,19.0,74.0,51.0,28.0
480291813011,1751.0,38.0,147.0,395.0,309.0,399.0,150.0,15.0,135.0,163.0
480291814021,393.0,12.0,0.0,151.0,80.0,74.0,34.0,34.0,8.0,0.0
480291814022,703.0,35.0,50.0,87.0,212.0,118.0,21.0,14.0,86.0,80.0
480291109001,1081.0,27.0,57.0,229.0,301.0,220.0,139.0,24.0,35.0,49.0
480291110003,692.0,85.0,78.0,133.0,126.0,106.0,95.0,23.0,14.0,32.0
480291110002,268.0,18.0,18.0,37.0,49.0,80.0,25.0,0.0,10.0,31.0
480291204001,781.0,0.0,14.0,97.0,197.0,257.0,216.0,0.0,0.0,0.0
480291204005,454.0,0.0,0.0,18.0,82.0,209.0,40.0,60.0,25.0,20.0
480291710004,569.0,88.0,21.0,49.0,112.0,68.0,23.0,25.0,139.0,44.0
480291204003,314.0,0.0,0.0,0.0,81.0,30.0,103.0,73.0,13.0,14.0
480291207021,1097.0,55.0,0.0,50.0,370.0,426.0,115.0,0.0,43.0,38.0
480291704014,298.0,22.0,42.0,31.0,87.0,24.0,28.0,0.0,41.0,23.0
480291710001,338.0,0.0,36.0,46.0,51.0,72.0,0.0,33.0,91.0,9.0
480291710002,184.0,17.0,0.0,9.0,60.0,82.0,8.0,0.0,8.0,0.0
480291717001,971.0,20.0,59.0,197.0,216.0,34.0,179.0,0.0,101.0,165.0
480291717003,376.0,53.0,38.0,58.0,12.0,0.0,45.0,52.0,48.0,70.0
480291215013,1383.0,80.0,28.0,397.0,430.0,140.0,14.0,16.0,115.0,163.0
480291215011,1269.0,19.0,137.0,513.0,216.0,174.0,139.0,0.0,71.0,0.0
480291215074,661.0,37.0,90.0,52.0,136.0,48.0,98.0,70.0,102.0,28.0
480291215071,395.0,49.0,87.0,53.0,70.0,4.0,17.0,11.0,35.0,69.0
480291215072,405.0,9.0,93.0,61.0,131.0,6.0,7.0,37.0,61.0,0.0
480291312002,549.0,48.0,54.0,26.0,99.0,168.0,56.0,25.0,0.0,73.0
480291401002,273.0,15.0,19.0,100.0,72.0,18.0,9.0,0.0,29.0,11.0
480291401001,328.0,14.0,26.0,30.0,122.0,103.0,16.0,0.0,17.0,0.0
480291404004,262.0,0.0,31.0,39.0,54.0,26.0,78.0,0.0,34.0,0.0
480291101002,380.0,17.0,29.0,80.0,110.0,60.0,43.0,9.0,32.0,0.0
480291209022,907.0,0.0,38.0,161.0,244.0,115.0,205.0,54.0,70.0,20.0
480291209021,1219.0,93.0,142.0,212.0,300.0,255.0,36.0,0.0,70.0,111.0
480291214033,944.0,85.0,165.0,137.0,296.0,139.0,1.0,46.0,50.0,25.0
480291214031,862.0,69.0,136.0,153.0,81.0,174.0,50.0,0.0,119.0,80.0
480291216042,624.0,50.0,34.0,84.0,197.0,64.0,10.0,95.0,0.0,90.0
480291216043,405.0,31.0,51.0,183.0,81.0,16.0,30.0,13.0,0.0,0.0
480291306004,331.0,28.0,22.0,50.0,119.0,41.0,42.0,20.0,9.0,0.0
480291207022,323.0,46.0,0.0,13.0,88.0,54.0,92.0,30.0,0.0,0.0
480291213003,286.0,39.0,0.0,143.0,0.0,36.0,0.0,0.0,55.0,13.0
480291213001,1413.0,0.0,91.0,300.0,314.0,212.0,197.0,56.0,99.0,144.0
480291703004,234.0,9.0,14.0,48.0,124.0,0.0,18.0,0.0,0.0,21.0
480291703002,147.0,0.0,0.0,25.0,20.0,69.0,0.0,0.0,0.0,33.0
480291703006,312.0,0.0,58.0,87.0,45.0,9.0,72.0,7.0,18.0,16.0
480291703005,718.0,26.0,126.0,125.0,169.0,121.0,66.0,38.0,11.0,36.0
480291703003,234.0,0.0,8.0,91.0,32.0,41.0,0.0,11.0,0.0,51.0
480291704024,220.0,0.0,0.0,51.0,42.0,69.0,38.0,0.0,0.0,20.0
480291704021,687.0,47.0,66.0,174.0,167.0,100.0,8.0,70.0,36.0,19.0
480291706001,656.0,0.0,158.0,137.0,91.0,72.0,16.0,42.0,133.0,7.0
480291706004,594.0,22.0,57.0,173.0,126.0,120.0,28.0,8.0,47.0,13.0
480291706003,589.0,97.0,42.0,110.0,164.0,91.0,25.0,20.0,11.0,29.0
480291707003,879.0,10.0,110.0,161.0,367.0,49.0,32.0,20.0,85.0,45.0
480291707002,432.0,12.0,86.0,52.0,114.0,74.0,0.0,36.0,25.0,33.0
480291212044,511.0,39.0,96.0,30.0,201.0,59.0,0.0,38.0,31.0,17.0
480291212043,498.0,71.0,69.0,97.0,156.0,35.0,28.0,0.0,42.0,0.0
480291404001,359.0,13.0,27.0,62.0,160.0,30.0,13.0,0.0,0.0,54.0
480291404002,586.0,6.0,76.0,169.0,143.0,46.0,6.0,8.0,15.0,117.0
480291504003,1244.0,82.0,44.0,263.0,302.0,196.0,72.0,8.0,157.0,120.0
480291215052,357.0,0.0,44.0,71.0,156.0,32.0,33.0,0.0,12.0,9.0
480291403002,450.0,22.0,18.0,91.0,165.0,39.0,34.0,6.0,55.0,20.0
480291403003,444.0,84.0,0.0,44.0,147.0,67.0,0.0,0.0,58.0,44.0
480291520001,1013.0,95.0,196.0,125.0,248.0,166.0,59.0,55.0,53.0,16.0
480291701011,322.0,3.0,31.0,201.0,27.0,52.0,0.0,0.0,8.0,0.0
480291701012,620.0,72.0,74.0,263.0,23.0,58.0,26.0,10.0,58.0,36.0
480291718022,569.0,0.0,41.0,112.0,81.0,107.0,0.0,0.0,0.0,228.0
480291718025,325.0,0.0,0.0,91.0,98.0,32.0,29.0,0.0,0.0,75.0
480291718023,675.0,26.0,96.0,112.0,113.0,141.0,0.0,13.0,7.0,167.0
480291408004,231.0,29.0,6.0,27.0,72.0,47.0,0.0,30.0,6.0,14.0
480291408001,665.0,0.0,89.0,165.0,182.0,58.0,36.0,0.0,110.0,25.0
480291408005,755.0,11.0,51.0,184.0,168.0,103.0,0.0,105.0,101.0,32.0
480291408003,215.0,11.0,19.0,52.0,45.0,31.0,26.0,21.0,10.0,0.0
480291408002,600.0,0.0,79.0,234.0,168.0,63.0,7.0,28.0,21.0,0.0
480291505023,400.0,72.0,67.0,35.0,126.0,64.0,0.0,0.0,13.0,23.0
480291505022,604.0,37.0,66.0,107.0,159.0,107.0,19.0,7.0,34.0,68.0
480291505021,475.0,73.0,0.0,172.0,92.0,21.0,34.0,0.0,28.0,55.0
480291507006,122.0,0.0,0.0,62.0,52.0,0.0,0.0,8.0,0.0,0.0
480291507001,363.0,0.0,11.0,106.0,182.0,0.0,39.0,15.0,0.0,10.0
480291507003,752.0,145.0,64.0,158.0,100.0,46.0,102.0,95.0,12.0,30.0
480291601004,771.0,18.0,64.0,128.0,127.0,115.0,21.0,116.0,106.0,76.0
480291601003,391.0,13.0,62.0,190.0,78.0,36.0,0.0,0.0,12.0,0.0
480291601001,450.0,17.0,0.0,97.0,87.0,66.0,22.0,23.0,90.0,48.0
480291813023,1127.0,0.0,95.0,60.0,537.0,145.0,117.0,29.0,76.0,68.0
480291809021,397.0,0.0,0.0,94.0,86.0,139.0,61.0,0.0,0.0,17.0
480291809023,756.0,188.0,92.0,50.0,112.0,147.0,16.0,33.0,76.0,42.0
480291809022,748.0,43.0,16.0,174.0,370.0,59.0,86.0,0.0,0.0,0.0
480291809025,972.0,0.0,121.0,232.0,127.0,139.0,135.0,39.0,132.0,47.0
480291810031,893.0,36.0,29.0,144.0,296.0,25.0,58.0,100.0,53.0,152.0
480291810051,910.0,91.0,79.0,87.0,187.0,198.0,65.0,91.0,65.0,47.0
480291810052,334.0,16.0,21.0,21.0,147.0,32.0,0.0,39.0,28.0,30.0
480291815061,258.0,18.0,0.0,25.0,41.0,11.0,7.0,98.0,47.0,11.0
480291815062,622.0,9.0,68.0,114.0,185.0,11.0,68.0,86.0,63.0,18.0
480291817151,544.0,64.0,37.0,104.0,113.0,76.0,56.0,0.0,30.0,64.0
480291203002,309.0,0.0,0.0,0.0,38.0,139.0,21.0,0.0,54.0,57.0
480291203003,628.0,0.0,0.0,39.0,327.0,230.0,32.0,0.0,0.0,0.0
480291203005,396.0,0.0,0.0,38.0,142.0,179.0,25.0,12.0,0.0,0.0
480291205013,657.0,18.0,27.0,116.0,315.0,65.0,30.0,20.0,46.0,20.0
480291205015,558.0,0.0,18.0,122.0,136.0,69.0,60.0,14.0,65.0,74.0
480291205012,679.0,83.0,125.0,209.0,39.0,40.0,21.0,45.0,52.0,65.0
480291205014,646.0,0.0,0.0,86.0,138.0,93.0,37.0,47.0,23.0,222.0
480291211152,1379.0,34.0,23.0,198.0,554.0,171.0,110.0,136.0,78.0,75.0
480291211153,845.0,22.0,16.0,98.0,258.0,228.0,128.0,17.0,59.0,19.0
480291211172,715.0,11.0,0.0,78.0,231.0,143.0,146.0,50.0,56.0,0.0
480291211171,884.0,22.0,95.0,128.0,241.0,179.0,79.0,28.0,53.0,59.0
480291720021,1892.0,76.0,90.0,456.0,710.0,135.0,210.0,42.0,82.0,91.0
480291817031,1526.0,52.0,67.0,390.0,380.0,233.0,61.0,130.0,120.0,93.0
480291817032,1218.0,0.0,148.0,168.0,270.0,338.0,59.0,0.0,121.0,114.0
480291803003,403.0,0.0,9.0,70.0,247.0,42.0,0.0,0.0,23.0,12.0
480291803001,469.0,32.0,8.0,122.0,135.0,85.0,21.0,35.0,21.0,10.0
480291803002,605.0,0.0,77.0,93.0,298.0,28.0,0.0,0.0,27.0,82.0
480291817161,1909.0,15.0,241.0,307.0,352.0,412.0,47.0,110.0,190.0,235.0
480291910034,391.0,16.0,0.0,171.0,63.0,112.0,0.0,0.0,29.0,0.0
480291910035,372.0,0.0,0.0,0.0,49.0,240.0,27.0,15.0,21.0,20.0
480291910033,258.0,21.0,66.0,64.0,34.0,46.0,0.0,14.0,0.0,13.0
480291910031,279.0,0.0,13.0,13.0,53.0,177.0,0.0,0.0,0.0,23.0
480291910032,1813.0,92.0,39.0,470.0,411.0,245.0,56.0,110.0,390.0,0.0
480291214041,935.0,27.0,93.0,238.0,290.0,50.0,86.0,46.0,62.0,43.0
480291214042,653.0,11.0,59.0,141.0,78.0,63.0,48.0,11.0,107.0,135.0
480291214043,467.0,30.0,20.0,123.0,105.0,87.0,20.0,30.0,0.0,52.0
480291313001,330.0,51.0,15.0,102.0,137.0,25.0,0.0,0.0,0.0,0.0
480291313004,257.0,0.0,0.0,121.0,83.0,0.0,36.0,0.0,0.0,17.0
480291316061,866.0,77.0,41.0,245.0,222.0,122.0,92.0,0.0,15.0,52.0
480291103003,167.0,22.0,0.0,36.0,47.0,27.0,6.0,10.0,5.0,14.0
480291103002,505.0,30.0,61.0,52.0,157.0,63.0,60.0,10.0,33.0,39.0
480291201001,2179.0,315.0,221.0,647.0,593.0,197.0,25.0,17.0,91.0,73.0
480291206002,443.0,26.0,33.0,72.0,169.0,26.0,0.0,57.0,60.0,0.0
480291206003,492.0,0.0,0.0,57.0,94.0,140.0,71.0,18.0,96.0,16.0
480291206006,199.0,0.0,0.0,0.0,123.0,59.0,17.0,0.0,0.0,0.0
480291206005,424.0,0.0,0.0,43.0,114.0,93.0,154.0,20.0,0.0,0.0
480291517003,755.0,16.0,25.0,405.0,81.0,66.0,0.0,0.0,71.0,91.0
480291517002,731.0,42.0,53.0,73.0,238.0,202.0,46.0,0.0,16.0,61.0
480291517001,941.0,45.0,146.0,126.0,347.0,63.0,36.0,20.0,92.0,66.0
480291607013,425.0,0.0,64.0,128.0,177.0,0.0,10.0,11.0,24.0,11.0
480291306001,245.0,6.0,53.0,0.0,24.0,48.0,54.0,0.0,60.0,0.0
480291306003,466.0,21.0,38.0,108.0,247.0,13.0,31.0,0.0,8.0,0.0
480291306002,217.0,0.0,33.0,92.0,30.0,8.0,22.0,0.0,0.0,32.0
480291402003,332.0,0.0,32.0,104.0,104.0,18.0,20.0,0.0,54.0,0.0
480291402002,327.0,0.0,47.0,95.0,50.0,45.0,23.0,0.0,37.0,30.0
480291402001,305.0,0.0,26.0,8.0,103.0,21.0,59.0,9.0,56.0,23.0
480291402004,413.0,31.0,55.0,18.0,97.0,43.0,29.0,0.0,86.0,54.0
480291309001,908.0,88.0,102.0,202.0,249.0,113.0,60.0,0.0,14.0,80.0
480291717004,670.0,335.0,88.0,40.0,81.0,49.0,0.0,33.0,44.0,0.0
480291719035,906.0,87.0,103.0,339.0,88.0,0.0,72.0,112.0,63.0,42.0
480291717006,320.0,75.0,37.0,51.0,27.0,49.0,24.0,0.0,36.0,21.0
480291719032,352.0,0.0,0.0,97.0,148.0,63.0,39.0,0.0,0.0,5.0
480291719034,400.0,0.0,19.0,79.0,172.0,38.0,68.0,0.0,24.0,0.0
480291509002,328.0,0.0,76.0,38.0,75.0,24.0,73.0,0.0,29.0,13.0
480291509001,705.0,9.0,84.0,262.0,132.0,133.0,0.0,27.0,18.0,40.0
480291509005,816.0,90.0,96.0,136.0,226.0,159.0,0.0,102.0,0.0,7.0
480291705003,419.0,0.0,30.0,53.0,117.0,155.0,25.0,0.0,0.0,39.0
480291705004,414.0,9.0,61.0,25.0,147.0,120.0,16.0,26.0,10.0,0.0
480291705002,662.0,51.0,23.0,141.0,177.0,126.0,0.0,51.0,35.0,58.0
480291805042,871.0,36.0,135.0,303.0,265.0,53.0,0.0,15.0,54.0,10.0
480291205025,314.0,26.0,55.0,42.0,14.0,55.0,24.0,0.0,98.0,0.0
480291205023,208.0,8.0,49.0,26.0,39.0,59.0,0.0,0.0,27.0,0.0
480291205026,400.0,1.0,33.0,156.0,127.0,5.0,0.0,0.0,26.0,52.0
480291205024,270.0,0.0,28.0,48.0,58.0,116.0,0.0,12.0,0.0,8.0
480291207012,515.0,97.0,0.0,143.0,157.0,39.0,0.0,8.0,26.0,45.0
480291207011,440.0,10.0,141.0,132.0,64.0,69.0,9.0,0.0,0.0,15.0
480291302002,208.0,5.0,22.0,52.0,36.0,22.0,17.0,9.0,45.0,0.0
480291410003,573.0,7.0,28.0,123.0,109.0,0.0,90.0,0.0,149.0,67.0
480291410002,387.0,0.0,52.0,116.0,89.0,44.0,6.0,0.0,68.0,12.0
480291516001,1261.0,27.0,161.0,278.0,56.0,203.0,324.0,0.0,94.0,118.0
480291516004,545.0,47.0,16.0,24.0,224.0,140.0,0.0,19.0,21.0,54.0
480291516002,261.0,30.0,52.0,131.0,0.0,0.0,0.0,0.0,48.0,0.0
480291817051,886.0,0.0,53.0,253.0,183.0,103.0,109.0,56.0,57.0,72.0
480291817052,778.0,0.0,63.0,49.0,300.0,97.0,79.0,36.0,43.0,111.0
480291512002,1370.0,94.0,181.0,252.0,351.0,163.0,35.0,13.0,58.0,223.0
480291606001,527.0,0.0,90.0,86.0,179.0,22.0,10.0,6.0,31.0,103.0
480291606003,759.0,18.0,42.0,202.0,307.0,126.0,61.0,0.0,3.0,0.0
480291419003,416.0,27.0,10.0,78.0,234.0,38.0,29.0,0.0,0.0,0.0
480291419002,1034.0,87.0,117.0,266.0,235.0,137.0,67.0,48.0,0.0,77.0
480291515003,505.0,0.0,118.0,8.0,254.0,82.0,5.0,0.0,22.0,16.0
480291515002,424.0,11.0,71.0,118.0,108.0,41.0,22.0,15.0,28.0,10.0
480291603003,248.0,9.0,37.0,33.0,65.0,51.0,24.0,0.0,0.0,29.0
480291603002,352.0,50.0,49.0,110.0,105.0,0.0,27.0,0.0,11.0,0.0
480291603005,680.0,42.0,111.0,97.0,260.0,43.0,0.0,0.0,65.0,62.0
480291612001,357.0,8.0,35.0,125.0,72.0,24.0,13.0,0.0,45.0,35.0
480291612002,801.0,53.0,60.0,83.0,263.0,116.0,29.0,54.0,32.0,111.0
480291804003,347.0,0.0,6.0,49.0,191.0,20.0,30.0,7.0,24.0,20.0
480291804001,914.0,11.0,38.0,161.0,356.0,44.0,29.0,0.0,153.0,122.0
480291807012,1548.0,109.0,63.0,259.0,314.0,240.0,136.0,131.0,191.0,105.0
480291811004,457.0,0.0,0.0,76.0,96.0,178.0,24.0,61.0,22.0,0.0
480291811002,454.0,0.0,48.0,53.0,155.0,40.0,18.0,86.0,0.0,54.0
480291811003,1191.0,45.0,62.0,212.0,346.0,235.0,133.0,81.0,20.0,57.0
480291909015,665.0,25.0,16.0,36.0,230.0,135.0,97.0,72.0,23.0,31.0
480291909013,130.0,0.0,0.0,71.0,17.0,31.0,0.0,11.0,0.0,0.0
480291809014,497.0,33.0,70.0,55.0,94.0,156.0,74.0,0.0,8.0,7.0
480291813031,964.0,18.0,60.0,132.0,352.0,69.0,43.0,45.0,156.0,89.0
480291815041,792.0,15.0,0.0,241.0,220.0,82.0,0.0,0.0,119.0,115.0
480291815042,1632.0,14.0,13.0,246.0,623.0,437.0,53.0,106.0,82.0,58.0
480291816012,897.0,19.0,61.0,230.0,231.0,102.0,47.0,37.0,81.0,89.0
480291906011,915.0,47.0,24.0,189.0,187.0,41.0,114.0,85.0,157.0,71.0
480291818091,505.0,32.0,11.0,109.0,218.0,92.0,40.0,0.0,0.0,3.0
480291818092,1044.0,14.0,47.0,185.0,278.0,92.0,64.0,47.0,170.0,147.0
480291818094,640.0,165.0,32.0,109.0,193.0,76.0,15.0,0.0,12.0,38.0
480291906013,462.0,0.0,50.0,32.0,260.0,11.0,52.0,31.0,14.0,12.0
480291910041,642.0,0.0,77.0,115.0,113.0,74.0,52.0,61.0,100.0,50.0
480291910043,462.0,7.0,36.0,119.0,154.0,33.0,20.0,14.0,67.0,12.0
480291813022,1177.0,100.0,43.0,155.0,294.0,117.0,155.0,73.0,79.0,161.0
480291212063,346.0,0.0,21.0,88.0,75.0,23.0,44.0,9.0,67.0,19.0
480291212061,546.0,0.0,0.0,172.0,182.0,97.0,0.0,32.0,63.0,0.0
480291212065,1027.0,21.0,42.0,219.0,84.0,163.0,15.0,198.0,95.0,190.0
480291212062,580.0,25.0,141.0,110.0,133.0,85.0,52.0,0.0,34.0,0.0
480291214022,620.0,20.0,55.0,163.0,155.0,32.0,33.0,24.0,48.0,90.0
480291214021,2942.0,170.0,139.0,749.0,852.0,296.0,177.0,76.0,228.0,255.0
480291218031,746.0,58.0,0.0,194.0,204.0,156.0,20.0,59.0,18.0,37.0
480291218032,324.0,0.0,0.0,127.0,21.0,48.0,21.0,21.0,86.0,0.0
480291218033,1138.0,43.0,101.0,317.0,195.0,157.0,29.0,20.0,129.0,147.0
480291218041,1303.0,49.0,94.0,182.0,531.0,88.0,117.0,20.0,60.0,162.0
480291218042,1280.0,19.0,74.0,262.0,360.0,129.0,117.0,22.0,105.0,192.0
480291218043,695.0,10.0,63.0,103.0,183.0,123.0,115.0,22.0,41.0,35.0
480291308001,1043.0,25.0,84.0,354.0,167.0,25.0,68.0,97.0,130.0,93.0
480291308004,479.0,32.0,28.0,140.0,136.0,1.0,8.0,11.0,1.0,122.0
480291308002,273.0,22.0,30.0,37.0,46.0,51.0,19.0,34.0,26.0,8.0
480291308003,203.0,19.0,17.0,7.0,48.0,20.0,52.0,0.0,28.0,12.0
480291311003,371.0,14.0,55.0,36.0,146.0,16.0,18.0,31.0,46.0,9.0
480291311002,301.0,48.0,8.0,115.0,80.0,17.0,0.0,0.0,27.0,6.0
480291602002,438.0,19.0,52.0,48.0,81.0,67.0,26.0,5.0,81.0,59.0
480291817134,728.0,0.0,0.0,187.0,226.0,138.0,36.0,0.0,46.0,95.0
480291817132,829.0,0.0,0.0,139.0,298.0,166.0,63.0,54.0,23.0,86.0
480291817133,686.0,17.0,46.0,142.0,164.0,71.0,96.0,31.0,0.0,119.0
480291815054,659.0,0.0,6.0,87.0,309.0,129.0,33.0,35.0,32.0,28.0
480291815053,479.0,6.0,14.0,42.0,140.0,78.0,46.0,50.0,48.0,55.0
480291815051,406.0,0.0,8.0,76.0,152.0,83.0,13.0,11.0,7.0,56.0
480291817042,674.0,28.0,101.0,131.0,62.0,84.0,69.0,73.0,30.0,96.0
480291817044,550.0,34.0,52.0,67.0,97.0,113.0,39.0,0.0,48.0,100.0
480291817111,1217.0,0.0,100.0,409.0,465.0,155.0,29.0,33.0,26.0,0.0
480291907002,397.0,0.0,0.0,93.0,175.0,61.0,0.0,27.0,17.0,24.0
480291907003,619.0,24.0,35.0,114.0,115.0,133.0,83.0,44.0,48.0,23.0
480291607011,524.0,34.0,0.0,165.0,178.0,54.0,45.0,0.0,22.0,26.0
480291607012,575.0,0.0,24.0,80.0,217.0,50.0,0.0,55.0,97.0,52.0
480291718011,649.0,80.0,61.0,168.0,127.0,36.0,47.0,44.0,27.0,59.0
480291718013,489.0,12.0,29.0,276.0,79.0,7.0,51.0,10.0,17.0,8.0
480291718014,320.0,109.0,9.0,79.0,47.0,35.0,9.0,9.0,23.0,0.0
480291718012,808.0,45.0,50.0,275.0,174.0,71.0,13.0,58.0,80.0,42.0
480291802013,899.0,9.0,109.0,54.0,363.0,234.0,13.0,8.0,109.0,0.0
480291802012,373.0,0.0,0.0,41.0,147.0,109.0,13.0,41.0,0.0,22.0
480291802014,621.0,14.0,61.0,136.0,119.0,93.0,46.0,47.0,51.0,54.0
480291802011,259.0,0.0,33.0,35.0,73.0,35.0,12.0,31.0,40.0,0.0
480291812001,218.0,0.0,0.0,64.0,33.0,47.0,30.0,0.0,44.0,0.0
480291812004,605.0,17.0,70.0,32.0,74.0,149.0,133.0,0.0,0.0,130.0
480291812002,254.0,0.0,0.0,15.0,132.0,79.0,0.0,28.0,0.0,0.0
480291812005,430.0,0.0,0.0,40.0,262.0,50.0,0.0,13.0,29.0,36.0
480291514004,413.0,62.0,47.0,88.0,116.0,33.0,32.0,0.0,23.0,12.0
480291511003,306.0,0.0,49.0,18.0,82.0,23.0,0.0,0.0,0.0,134.0
480291511001,184.0,0.0,7.0,28.0,45.0,62.0,4.0,27.0,2.0,9.0
480291514001,407.0,0.0,17.0,106.0,55.0,71.0,83.0,38.0,0.0,37.0
480291514002,541.0,41.0,108.0,160.0,72.0,12.0,0.0,61.0,78.0,9.0
480291905012,882.0,159.0,37.0,54.0,236.0,184.0,41.0,35.0,34.0,102.0
480291905013,419.0,0.0,47.0,34.0,134.0,123.0,27.0,0.0,23.0,31.0
480291905011,395.0,72.0,32.0,75.0,68.0,80.0,27.0,9.0,10.0,22.0
480291908001,406.0,7.0,0.0,22.0,125.0,149.0,30.0,15.0,16.0,42.0
480291908002,453.0,0.0,17.0,40.0,146.0,135.0,80.0,16.0,6.0,13.0
480291909011,504.0,0.0,51.0,66.0,240.0,53.0,16.0,39.0,32.0,7.0
480291909012,1046.0,96.0,145.0,229.0,293.0,157.0,17.0,18.0,38.0,53.0
480291909021,805.0,25.0,29.0,36.0,102.0,252.0,146.0,141.0,67.0,7.0
480291909023,347.0,0.0,32.0,22.0,83.0,66.0,58.0,6.0,0.0,80.0
480291810012,896.0,24.0,38.0,120.0,445.0,176.0,47.0,33.0,13.0,0.0
480291810042,1704.0,81.0,158.0,114.0,334.0,362.0,235.0,171.0,161.0,88.0
480291810041,1213.0,35.0,158.0,299.0,358.0,200.0,59.0,93.0,0.0,11.0
480291901004,361.0,0.0,0.0,73.0,148.0,33.0,0.0,38.0,25.0,44.0
480291901003,444.0,9.0,14.0,29.0,161.0,118.0,37.0,35.0,19.0,22.0
480291901002,365.0,36.0,32.0,109.0,87.0,55.0,0.0,0.0,29.0,17.0
480291719021,1249.0,55.0,136.0,502.0,136.0,79.0,95.0,72.0,20.0,154.0
480291311001,210.0,46.0,18.0,54.0,38.0,22.0,0.0,7.0,18.0,7.0
480291203008,257.0,0.0,0.0,18.0,43.0,114.0,19.0,34.0,0.0,29.0
480291203007,265.0,0.0,0.0,50.0,93.0,52.0,0.0,15.0,18.0,37.0
480291501001,913.0,71.0,122.0,132.0,334.0,64.0,27.0,33.0,78.0,52.0
480291501004,516.0,0.0,31.0,117.0,178.0,64.0,0.0,38.0,25.0,63.0
480291506004,330.0,5.0,52.0,8.0,100.0,0.0,68.0,26.0,21.0,50.0
480291506003,360.0,48.0,26.0,27.0,91.0,86.0,0.0,52.0,5.0,25.0
480291511007,561.0,0.0,125.0,192.0,140.0,20.0,0.0,17.0,53.0,14.0
480291511005,192.0,0.0,0.0,21.0,0.0,121.0,0.0,10.0,0.0,40.0
480291511004,719.0,92.0,72.0,80.0,134.0,31.0,0.0,0.0,0.0,310.0
480291918042,1171.0,51.0,135.0,225.0,327.0,188.0,101.0,31.0,85.0,28.0
480291918041,903.0,0.0,120.0,289.0,256.0,65.0,100.0,0.0,35.0,38.0
480291210004,569.0,15.0,63.0,104.0,81.0,134.0,38.0,0.0,87.0,47.0
480291210003,1367.0,25.0,0.0,221.0,531.0,279.0,42.0,78.0,49.0,142.0
480291210005,537.0,18.0,58.0,66.0,156.0,160.0,26.0,35.0,18.0,0.0
480291210006,669.0,9.0,26.0,63.0,194.0,108.0,84.0,17.0,50.0,118.0
480291211102,775.0,67.0,22.0,112.0,294.0,82.0,27.0,61.0,51.0,59.0
480291215062,510.0,55.0,21.0,137.0,214.0,22.0,57.0,0.0,4.0,0.0
480291215061,342.0,8.0,31.0,85.0,96.0,71.0,8.0,32.0,0.0,11.0
480291305001,178.0,36.0,13.0,54.0,0.0,49.0,0.0,0.0,13.0,13.0
480291305003,585.0,70.0,79.0,95.0,206.0,85.0,25.0,1.0,7.0,17.0
480291305002,299.0,80.0,26.0,55.0,30.0,21.0,42.0,18.0,10.0,17.0
480291305004,492.0,14.0,37.0,71.0,101.0,101.0,86.0,30.0,29.0,23.0
480291904003,381.0,0.0,11.0,62.0,140.0,24.0,49.0,73.0,11.0,11.0
480291211081,568.0,0.0,15.0,32.0,262.0,76.0,47.0,40.0,42.0,54.0
480291211083,1291.0,13.0,0.0,206.0,476.0,202.0,73.0,225.0,62.0,34.0
480291211084,449.0,10.0,0.0,86.0,229.0,76.0,13.0,0.0,35.0,0.0
480291207015,410.0,0.0,0.0,26.0,191.0,51.0,57.0,0.0,26.0,59.0
480291215042,244.0,0.0,25.0,14.0,76.0,76.0,0.0,0.0,25.0,28.0
480291215041,581.0,13.0,0.0,89.0,234.0,18.0,65.0,60.0,0.0,102.0
480291503001,374.0,0.0,42.0,62.0,92.0,88.0,21.0,7.0,31.0,31.0
480291503004,739.0,38.0,86.0,197.0,128.0,66.0,0.0,29.0,97.0,98.0
480291503003,365.0,49.0,28.0,104.0,0.0,21.0,62.0,66.0,35.0,0.0
480291602003,448.0,12.0,57.0,20.0,150.0,38.0,43.0,18.0,25.0,85.0
480291508002,210.0,0.0,0.0,94.0,19.0,38.0,5.0,12.0,11.0,31.0
480291508003,255.0,0.0,3.0,26.0,86.0,65.0,35.0,0.0,28.0,12.0
480291712003,499.0,0.0,94.0,124.0,100.0,35.0,32.0,36.0,72.0,6.0
480291418001,350.0,0.0,51.0,98.0,119.0,62.0,9.0,0.0,11.0,0.0
480291418002,137.0,0.0,73.0,16.0,26.0,7.0,0.0,5.0,0.0,10.0
480291512005,1909.0,89.0,198.0,307.0,464.0,216.0,82.0,146.0,70.0,337.0
480291512003,238.0,0.0,0.0,63.0,88.0,75.0,12.0,0.0,0.0,0.0
480291512001,580.0,13.0,124.0,190.0,59.0,71.0,0.0,50.0,0.0,73.0
480291107001,302.0,5.0,0.0,63.0,134.0,50.0,30.0,9.0,0.0,11.0
480291904001,365.0,0.0,37.0,38.0,141.0,95.0,18.0,0.0,9.0,27.0
480291719121,2720.0,43.0,196.0,741.0,742.0,322.0,140.0,228.0,188.0,120.0
480291817122,661.0,10.0,46.0,280.0,155.0,34.0,12.0,19.0,68.0,37.0
480291816023,499.0,0.0,51.0,106.0,82.0,70.0,0.0,14.0,54.0,122.0
480291816021,375.0,21.0,0.0,115.0,104.0,62.0,13.0,26.0,14.0,20.0
480291818081,731.0,18.0,37.0,192.0,150.0,181.0,86.0,0.0,34.0,33.0
480291821021,653.0,58.0,0.0,57.0,197.0,147.0,38.0,0.0,55.0,101.0
480291911011,384.0,7.0,0.0,93.0,104.0,106.0,13.0,0.0,48.0,13.0
480291911012,436.0,0.0,18.0,47.0,192.0,68.0,9.0,61.0,33.0,8.0
480291219082,847.0,41.0,77.0,186.0,185.0,184.0,48.0,67.0,55.0,4.0
480291219091,1802.0,210.0,75.0,449.0,601.0,186.0,31.0,104.0,53.0,93.0
480291219092,1814.0,96.0,155.0,288.0,567.0,253.0,111.0,225.0,46.0,73.0
480291219101,2663.0,20.0,186.0,697.0,810.0,453.0,68.0,32.0,122.0,275.0
480291219102,465.0,0.0,99.0,57.0,134.0,66.0,57.0,0.0,45.0,7.0
480291304011,283.0,13.0,15.0,103.0,25.0,25.0,0.0,33.0,20.0,49.0
480291304012,404.0,23.0,17.0,72.0,72.0,46.0,57.0,42.0,24.0,51.0
480291304013,493.0,103.0,111.0,118.0,77.0,19.0,20.0,0.0,32.0,13.0
480291304014,234.0,24.0,0.0,37.0,51.0,75.0,39.0,0.0,0.0,8.0
480291304021,401.0,28.0,0.0,58.0,144.0,52.0,6.0,0.0,41.0,72.0
480291304022,357.0,0.0,31.0,55.0,168.0,44.0,14.0,11.0,12.0,22.0
480291304023,414.0,0.0,42.0,130.0,65.0,37.0,41.0,21.0,47.0,31.0
480291314011,3094.0,292.0,485.0,683.0,993.0,294.0,30.0,56.0,98.0,163.0
480291314012,1698.0,108.0,60.0,445.0,388.0,240.0,0.0,15.0,279.0,163.0
480291314021,261.0,22.0,30.0,47.0,57.0,49.0,14.0,16.0,16.0,10.0
480291719182,446.0,47.0,17.0,56.0,93.0,82.0,37.0,14.0,57.0,43.0
480291719184,938.0,11.0,84.0,197.0,198.0,184.0,119.0,9.0,82.0,54.0
480291719191,2003.0,140.0,218.0,585.0,463.0,137.0,38.0,111.0,151.0,160.0
480291719202,2650.0,149.0,329.0,712.0,464.0,438.0,30.0,78.0,77.0,373.0
480291719211,1266.0,47.0,102.0,443.0,246.0,186.0,77.0,55.0,28.0,82.0
480291719213,582.0,6.0,50.0,153.0,93.0,99.0,39.0,26.0,33.0,83.0
480291719221,1855.0,34.0,217.0,463.0,235.0,461.0,76.0,28.0,234.0,107.0
480291719232,634.0,0.0,146.0,214.0,120.0,46.0,0.0,0.0,57.0,51.0
480291719233,1427.0,100.0,31.0,232.0,252.0,307.0,90.0,159.0,0.0,256.0
480291719241,2789.0,211.0,90.0,896.0,530.0,251.0,144.0,285.0,213.0,169.0
480291720022,3021.0,99.0,687.0,763.0,548.0,423.0,55.0,126.0,188.0,132.0
480291719242,1172.0,67.0,168.0,332.0,147.0,256.0,31.0,34.0,34.0,103.0
480291719252,1134.0,0.0,0.0,277.0,611.0,26.0,67.0,26.0,51.0,76.0
480291719254,1732.0,11.0,279.0,372.0,573.0,171.0,72.0,44.0,108.0,102.0
480291720031,1548.0,57.0,141.0,477.0,346.0,77.0,149.0,52.0,123.0,126.0
480291720032,1133.0,35.0,118.0,307.0,291.0,72.0,110.0,50.0,89.0,61.0
480291720051,2124.0,92.0,204.0,770.0,428.0,212.0,25.0,148.0,149.0,96.0
480291720052,3163.0,155.0,298.0,739.0,704.0,446.0,161.0,108.0,316.0,236.0
480291720062,980.0,49.0,158.0,328.0,179.0,125.0,106.0,15.0,20.0,0.0
480291720063,767.0,18.0,74.0,350.0,185.0,42.0,29.0,22.0,13.0,34.0
480291720072,975.0,117.0,53.0,245.0,272.0,66.0,21.0,28.0,31.0,142.0
480291720073,2068.0,93.0,152.0,548.0,832.0,218.0,42.0,38.0,61.0,84.0
480291801012,705.0,16.0,11.0,191.0,230.0,129.0,56.0,11.0,9.0,52.0
480291315031,340.0,30.0,12.0,128.0,54.0,48.0,5.0,0.0,42.0,21.0
480291315032,455.0,0.0,35.0,122.0,52.0,34.0,56.0,17.0,82.0,57.0
480291315041,523.0,44.0,53.0,75.0,141.0,39.0,0.0,36.0,54.0,81.0
480291315042,297.0,0.0,0.0,59.0,60.0,60.0,0.0,5.0,95.0,18.0
480291315051,1045.0,58.0,50.0,199.0,431.0,73.0,57.0,0.0,51.0,126.0
480291315052,1095.0,15.0,75.0,225.0,262.0,94.0,21.0,24.0,130.0,249.0
480291315062,1169.0,64.0,140.0,465.0,258.0,71.0,13.0,43.0,49.0,66.0
480291316081,843.0,89.0,87.0,132.0,152.0,78.0,79.0,53.0,35.0,138.0
480291315071,1302.0,30.0,123.0,159.0,274.0,250.0,142.0,48.0,165.0,111.0
480291315073,1029.0,10.0,125.0,243.0,170.0,18.0,106.0,61.0,68.0,228.0
480291316012,1436.0,103.0,159.0,410.0,461.0,152.0,0.0,95.0,38.0,18.0
480291316082,1547.0,19.0,148.0,420.0,437.0,213.0,58.0,35.0,74.0,143.0
480291316092,955.0,0.0,39.0,216.0,328.0,35.0,42.0,0.0,179.0,116.0
480291316093,1596.0,114.0,103.0,359.0,501.0,178.0,6.0,75.0,157.0,103.0
480291316102,1200.0,79.0,132.0,225.0,168.0,102.0,47.0,105.0,198.0,144.0
480291316111,454.0,70.0,47.0,82.0,177.0,29.0,28.0,0.0,0.0,21.0
480291316131,733.0,51.0,78.0,254.0,126.0,148.0,24.0,16.0,28.0,8.0
480291316132,1177.0,61.0,95.0,260.0,241.0,153.0,126.0,0.0,78.0,163.0
480291316142,233.0,0.0,4.0,46.0,53.0,34.0,22.0,12.0,41.0,21.0
480291316151,1853.0,0.0,113.0,420.0,593.0,223.0,32.0,67.0,197.0,208.0
480291316153,959.0,73.0,140.0,201.0,165.0,40.0,135.0,0.0,93.0,112.0
480291316154,574.0,24.0,0.0,106.0,168.0,32.0,0.0,0.0,50.0,194.0
480291318012,325.0,7.0,23.0,96.0,80.0,87.0,7.0,0.0,0.0,25.0
480291318021,1015.0,5.0,129.0,208.0,322.0,134.0,52.0,19.0,108.0,38.0
480291318023,967.0,81.0,192.0,255.0,221.0,78.0,30.0,15.0,34.0,61.0
480291411011,385.0,53.0,75.0,55.0,115.0,29.0,0.0,0.0,33.0,25.0
480291411013,547.0,12.0,88.0,119.0,139.0,32.0,13.0,58.0,34.0,52.0
480291411021,289.0,56.0,12.0,47.0,34.0,75.0,51.0,0.0,0.0,14.0
480291411023,762.0,8.0,104.0,99.0,221.0,94.0,62.0,0.0,51.0,123.0
480291414022,870.0,35.0,81.0,186.0,215.0,178.0,34.0,49.0,17.0,75.0
480291414032,1364.0,205.0,174.0,223.0,389.0,160.0,8.0,30.0,43.0,132.0
480291414041,1310.0,6.0,137.0,257.0,307.0,216.0,85.0,34.0,53.0,215.0
480291414043,229.0,10.0,0.0,85.0,6.0,45.0,36.0,39.0,8.0,0.0
480291416002,972.0,40.0,206.0,227.0,193.0,67.0,19.0,39.0,132.0,49.0
480291513011,462.0,36.0,79.0,168.0,73.0,50.0,25.0,19.0,0.0,12.0
480291513012,240.0,42.0,0.0,0.0,53.0,67.0,13.0,9.0,24.0,32.0
480291513013,623.0,53.0,72.0,122.0,117.0,97.0,72.0,0.0,34.0,56.0
480291513014,1228.0,122.0,145.0,221.0,325.0,100.0,61.0,55.0,107.0,92.0
480291513021,687.0,98.0,32.0,125.0,259.0,69.0,9.0,40.0,21.0,34.0
480291513022,656.0,62.0,40.0,216.0,112.0,23.0,71.0,32.0,86.0,14.0
480291521003,341.0,31.0,70.0,75.0,33.0,50.0,36.0,23.0,0.0,23.0
480291521004,829.0,51.0,255.0,121.0,132.0,103.0,30.0,121.0,9.0,7.0
480291522011,1200.0,29.0,232.0,218.0,375.0,116.0,47.0,50.0,36.0,97.0
480291522012,707.0,74.0,111.0,207.0,173.0,99.0,13.0,0.0,30.0,0.0
480291522013,817.0,112.0,43.0,246.0,135.0,39.0,30.0,71.0,107.0,34.0
480291522021,1484.0,131.0,266.0,186.0,565.0,76.0,92.0,0.0,68.0,100.0
480291605011,448.0,9.0,25.0,81.0,97.0,79.0,18.0,0.0,0.0,139.0
480291605012,354.0,0.0,20.0,77.0,106.0,25.0,46.0,38.0,38.0,4.0
480291605021,165.0,0.0,7.0,10.0,40.0,59.0,23.0,8.0,18.0,0.0
480291609013,373.0,13.0,67.0,74.0,107.0,21.0,17.0,0.0,45.0,29.0
480291605022,386.0,25.0,67.0,44.0,96.0,26.0,13.0,38.0,48.0,29.0
480291605024,583.0,31.0,113.0,68.0,74.0,42.0,76.0,7.0,148.0,24.0
480291609011,327.0,40.0,11.0,51.0,74.0,72.0,35.0,22.0,0.0,22.0
480291609021,876.0,22.0,59.0,150.0,171.0,94.0,163.0,29.0,147.0,41.0
480291609023,492.0,16.0,39.0,249.0,39.0,70.0,1.0,23.0,5.0,50.0
480291613022,681.0,36.0,102.0,222.0,99.0,63.0,0.0,8.0,39.0,112.0
480291613032,906.0,87.0,68.0,219.0,216.0,156.0,2.0,97.0,16.0,45.0
480291613041,737.0,20.0,71.0,199.0,116.0,92.0,71.0,25.0,39.0,104.0
480291614001,3532.0,327.0,880.0,1089.0,736.0,152.0,15.0,23.0,119.0,191.0
480291615031,1006.0,67.0,170.0,117.0,238.0,46.0,128.0,55.0,56.0,129.0
480291615033,369.0,0.0,7.0,80.0,78.0,93.0,9.0,7.0,17.0,78.0
480291615041,641.0,40.0,57.0,153.0,149.0,156.0,0.0,0.0,49.0,37.0
480291618011,1479.0,74.0,346.0,257.0,364.0,75.0,91.0,50.0,175.0,47.0
480291618012,279.0,0.0,107.0,52.0,78.0,0.0,0.0,0.0,9.0,33.0
480291618022,1490.0,145.0,192.0,578.0,289.0,101.0,14.0,15.0,132.0,24.0
480291619011,503.0,17.0,73.0,74.0,192.0,39.0,24.0,3.0,48.0,33.0
480291619022,1351.0,102.0,129.0,355.0,324.0,39.0,136.0,31.0,100.0,135.0
480291619023,1379.0,51.0,214.0,539.0,302.0,37.0,17.0,70.0,71.0,78.0
480291620032,618.0,13.0,123.0,90.0,197.0,44.0,17.0,16.0,58.0,60.0
480291620033,389.0,8.0,52.0,100.0,119.0,22.0,61.0,14.0,13.0,0.0
480291620042,810.0,72.0,71.0,150.0,129.0,197.0,35.0,6.0,118.0,32.0
480291713011,313.0,11.0,82.0,34.0,120.0,0.0,13.0,40.0,7.0,6.0
480291713021,790.0,0.0,50.0,173.0,97.0,19.0,48.0,71.0,147.0,185.0
480291713022,339.0,0.0,20.0,165.0,57.0,0.0,0.0,16.0,53.0,28.0
480291716011,659.0,64.0,49.0,101.0,173.0,13.0,0.0,17.0,128.0,114.0
480291716013,434.0,0.0,107.0,127.0,106.0,43.0,21.0,15.0,4.0,11.0
480291716021,915.0,6.0,169.0,198.0,226.0,71.0,24.0,51.0,86.0,84.0
480291719022,2425.0,161.0,185.0,484.0,716.0,185.0,287.0,88.0,178.0,141.0
480291719023,2936.0,200.0,398.0,580.0,715.0,371.0,180.0,78.0,47.0,367.0
480291719131,1928.0,11.0,291.0,325.0,711.0,181.0,28.0,78.0,75.0,228.0
480291719132,695.0,0.0,93.0,204.0,111.0,44.0,27.0,74.0,79.0,63.0
480291719142,934.0,64.0,68.0,275.0,200.0,99.0,36.0,43.0,38.0,111.0
480291719143,1057.0,33.0,49.0,266.0,248.0,62.0,129.0,40.0,149.0,81.0
480291719161,1625.0,141.0,188.0,573.0,283.0,78.0,121.0,23.0,110.0,108.0
480291719162,838.0,60.0,149.0,226.0,179.0,87.0,0.0,0.0,87.0,50.0
480291719171,1913.0,136.0,339.0,613.0,261.0,160.0,90.0,55.0,123.0,136.0
480291719172,2236.0,87.0,248.0,883.0,360.0,406.0,23.0,70.0,22.0,137.0
480291215053,985.0,31.0,107.0,183.0,364.0,153.0,19.0,16.0,84.0,28.0
480291216051,641.0,25.0,72.0,167.0,203.0,42.0,58.0,11.0,17.0,46.0
480291216052,272.0,0.0,39.0,58.0,88.0,9.0,0.0,24.0,22.0,32.0
480291216062,1401.0,15.0,155.0,347.0,334.0,128.0,127.0,17.0,89.0,189.0
480291216063,425.0,0.0,15.0,71.0,128.0,79.0,28.0,16.0,88.0,0.0
480291217011,640.0,9.0,39.0,228.0,209.0,71.0,36.0,48.0,0.0,0.0
480291217012,345.0,30.0,7.0,44.0,86.0,101.0,35.0,9.0,15.0,18.0
480291217014,569.0,0.0,20.0,121.0,115.0,144.0,0.0,57.0,112.0,0.0
480291217021,1696.0,42.0,200.0,419.0,214.0,205.0,146.0,61.0,237.0,172.0
480291217023,1198.0,52.0,87.0,281.0,270.0,184.0,63.0,0.0,74.0,187.0
480291218081,381.0,76.0,15.0,106.0,66.0,23.0,28.0,9.0,34.0,24.0
480291218091,510.0,90.0,45.0,84.0,75.0,149.0,29.0,9.0,0.0,29.0
480291218092,1025.0,24.0,93.0,255.0,347.0,144.0,47.0,53.0,13.0,49.0
480291218101,1539.0,99.0,108.0,328.0,433.0,365.0,35.0,66.0,14.0,91.0
480291218102,756.0,27.0,58.0,127.0,195.0,108.0,6.0,60.0,107.0,68.0
480291218112,560.0,12.0,28.0,88.0,225.0,67.0,0.0,46.0,0.0,94.0
480291218121,1978.0,0.0,210.0,363.0,631.0,399.0,96.0,112.0,80.0,87.0
480291219032,1191.0,48.0,78.0,234.0,341.0,204.0,104.0,52.0,28.0,102.0
480291218123,416.0,0.0,0.0,103.0,96.0,74.0,56.0,15.0,52.0,20.0
480291218124,262.0,0.0,0.0,121.0,42.0,41.0,34.0,0.0,21.0,3.0
480291219031,1333.0,35.0,160.0,265.0,401.0,155.0,48.0,144.0,74.0,51.0
480291219042,1093.0,21.0,45.0,278.0,303.0,178.0,85.0,0.0,52.0,131.0
480291219051,956.0,45.0,14.0,384.0,148.0,98.0,93.0,78.0,13.0,83.0
480291219061,1382.0,30.0,101.0,187.0,287.0,257.0,186.0,222.0,42.0,70.0
480291219062,1348.0,15.0,114.0,242.0,398.0,385.0,85.0,17.0,40.0,52.0
480291219072,5011.0,289.0,514.0,1386.0,1365.0,491.0,210.0,220.0,148.0,388.0
480291219081,830.0,99.0,92.0,259.0,179.0,81.0,25.0,42.0,42.0,11.0
480291209024,1129.0,45.0,0.0,183.0,329.0,141.0,91.0,84.0,161.0,95.0
480291211103,824.0,18.0,23.0,182.0,191.0,202.0,76.0,0.0,35.0,97.0
480291211183,816.0,34.0,0.0,183.0,281.0,42.0,113.0,32.0,107.0,24.0
480291211192,1944.0,18.0,68.0,314.0,953.0,301.0,75.0,78.0,22.0,115.0
480291211193,968.0,23.0,73.0,243.0,279.0,231.0,32.0,42.0,9.0,36.0
480291211202,1141.0,0.0,80.0,276.0,400.0,178.0,69.0,32.0,60.0,46.0
480291211211,874.0,35.0,37.0,202.0,389.0,105.0,51.0,14.0,0.0,41.0
480291211212,590.0,29.0,8.0,126.0,224.0,70.0,53.0,29.0,8.0,43.0
480291211221,827.0,23.0,79.0,117.0,300.0,193.0,19.0,62.0,10.0,24.0
480291211222,729.0,120.0,57.0,124.0,194.0,84.0,25.0,40.0,54.0,31.0
480291211223,1387.0,12.0,45.0,336.0,336.0,188.0,165.0,138.0,63.0,104.0
480291215014,767.0,25.0,9.0,236.0,322.0,8.0,24.0,35.0,28.0,80.0
480291713023,271.0,13.0,34.0,33.0,119.0,29.0,0.0,0.0,43.0,0.0
480291713024,253.0,6.0,12.0,68.0,83.0,43.0,0.0,8.0,20.0,13.0
480291714012,1373.0,50.0,193.0,227.0,351.0,230.0,141.0,21.0,71.0,89.0
480291714021,903.0,53.0,209.0,233.0,153.0,104.0,34.0,34.0,52.0,31.0
480291714023,1162.0,27.0,170.0,108.0,423.0,249.0,0.0,81.0,36.0,68.0
480291715011,496.0,15.0,27.0,177.0,68.0,93.0,21.0,5.0,56.0,34.0
480291715021,618.0,28.0,143.0,184.0,85.0,44.0,62.0,0.0,5.0,67.0
480291715022,298.0,1.0,78.0,96.0,86.0,0.0,8.0,0.0,14.0,15.0
480291715024,582.0,3.0,32.0,190.0,131.0,119.0,24.0,22.0,20.0,41.0
480291914121,996.0,20.0,61.0,144.0,331.0,225.0,119.0,53.0,20.0,23.0
480291914131,1317.0,76.0,125.0,257.0,360.0,289.0,66.0,59.0,16.0,69.0
480291914132,1763.0,18.0,59.0,237.0,504.0,501.0,114.0,91.0,156.0,83.0
480291915031,984.0,24.0,0.0,338.0,266.0,17.0,145.0,48.0,82.0,64.0
480291915032,792.0,0.0,0.0,194.0,161.0,145.0,99.0,95.0,16.0,82.0
480291915033,502.0,42.0,0.0,79.0,203.0,85.0,9.0,52.0,32.0,0.0
480291915041,492.0,0.0,22.0,76.0,212.0,103.0,47.0,11.0,0.0,21.0
480291915042,530.0,12.0,10.0,162.0,162.0,92.0,63.0,14.0,0.0,15.0
480291915051,468.0,0.0,28.0,83.0,147.0,139.0,24.0,43.0,4.0,0.0
480291915052,464.0,26.0,0.0,43.0,179.0,126.0,61.0,21.0,0.0,8.0
480291915061,997.0,0.0,0.0,182.0,295.0,281.0,135.0,72.0,17.0,15.0
480291915062,1309.0,17.0,81.0,159.0,302.0,234.0,115.0,50.0,167.0,184.0
480291915063,809.0,22.0,16.0,189.0,321.0,76.0,108.0,12.0,34.0,31.0
480291917012,313.0,0.0,11.0,44.0,136.0,42.0,42.0,12.0,16.0,10.0
480291917021,2094.0,61.0,0.0,262.0,709.0,467.0,142.0,186.0,114.0,153.0
480291917023,565.0,18.0,15.0,151.0,216.0,81.0,30.0,0.0,35.0,19.0
480291917024,327.0,26.0,3.0,6.0,112.0,91.0,69.0,16.0,2.0,2.0
480291918061,460.0,58.0,20.0,94.0,49.0,116.0,69.0,16.0,0.0,38.0
480291918062,516.0,0.0,0.0,113.0,130.0,192.0,17.0,11.0,20.0,33.0
480291918071,1645.0,127.0,40.0,203.0,574.0,248.0,216.0,84.0,75.0,78.0
480291918072,1482.0,71.0,44.0,329.0,533.0,147.0,77.0,90.0,81.0,110.0
480291918082,850.0,103.0,40.0,140.0,271.0,152.0,48.0,27.0,21.0,48.0
480291918091,1997.0,103.0,183.0,406.0,466.0,363.0,127.0,116.0,173.0,60.0
480291918101,1284.0,58.0,86.0,330.0,312.0,298.0,32.0,96.0,31.0,41.0
480291918102,1026.0,42.0,71.0,354.0,217.0,191.0,54.0,34.0,54.0,9.0
480291918121,1068.0,59.0,29.0,248.0,288.0,192.0,140.0,56.0,14.0,42.0
480291918122,619.0,0.0,40.0,124.0,189.0,112.0,21.0,46.0,29.0,58.0
480291918132,1154.0,126.0,38.0,105.0,346.0,176.0,181.0,53.0,23.0,106.0
480291821062,1657.0,38.0,165.0,538.0,311.0,190.0,121.0,139.0,83.0,72.0
480291905031,740.0,13.0,16.0,108.0,144.0,209.0,81.0,89.0,27.0,53.0
480291905033,846.0,14.0,15.0,179.0,230.0,190.0,47.0,35.0,63.0,73.0
480291905041,694.0,37.0,47.0,171.0,121.0,121.0,48.0,10.0,55.0,84.0
480291906031,724.0,26.0,32.0,151.0,158.0,101.0,52.0,46.0,60.0,98.0
480291906032,724.0,15.0,57.0,174.0,187.0,141.0,43.0,25.0,32.0,50.0
480291906042,584.0,62.0,50.0,103.0,173.0,95.0,23.0,51.0,27.0,0.0
480291906043,697.0,39.0,41.0,184.0,135.0,56.0,67.0,30.0,111.0,34.0
480291910052,520.0,5.0,54.0,88.0,141.0,86.0,38.0,8.0,88.0,12.0
480291910061,425.0,0.0,0.0,47.0,184.0,60.0,81.0,0.0,0.0,53.0
480291910063,843.0,54.0,82.0,156.0,252.0,210.0,0.0,26.0,37.0,26.0
480291801014,337.0,15.0,25.0,32.0,132.0,111.0,12.0,0.0,5.0,5.0
480291801015,324.0,0.0,0.0,18.0,103.0,47.0,40.0,57.0,29.0,30.0
480291801021,370.0,67.0,18.0,51.0,121.0,18.0,26.0,10.0,24.0,35.0
480291806044,284.0,0.0,15.0,62.0,166.0,6.0,0.0,0.0,16.0,19.0
480291801022,596.0,23.0,10.0,104.0,165.0,101.0,57.0,24.0,61.0,51.0
480291806041,915.0,136.0,7.0,155.0,257.0,257.0,14.0,0.0,89.0,0.0
480291806042,1039.0,0.0,47.0,264.0,100.0,405.0,40.0,0.0,167.0,16.0
480291806045,386.0,0.0,65.0,133.0,118.0,13.0,15.0,28.0,14.0,0.0
480291810033,2160.0,58.0,128.0,377.0,957.0,283.0,125.0,45.0,82.0,105.0
480291813032,873.0,14.0,107.0,291.0,188.0,64.0,19.0,49.0,77.0,64.0
480291814032,1637.0,104.0,197.0,394.0,294.0,157.0,42.0,16.0,239.0,194.0
480291814033,836.0,0.0,62.0,107.0,321.0,193.0,123.0,15.0,15.0,0.0
480291814042,749.0,14.0,24.0,103.0,164.0,254.0,83.0,0.0,52.0,55.0
480291815032,2361.0,38.0,53.0,610.0,534.0,438.0,94.0,59.0,194.0,341.0
480291817112,1230.0,83.0,149.0,384.0,211.0,144.0,28.0,40.0,143.0,48.0
480291817113,1549.0,0.0,139.0,268.0,454.0,255.0,160.0,0.0,148.0,125.0
480291817153,757.0,42.0,18.0,370.0,128.0,54.0,45.0,32.0,55.0,13.0
480291817162,839.0,0.0,64.0,117.0,222.0,301.0,0.0,32.0,22.0,81.0
480291817163,1518.0,44.0,54.0,327.0,270.0,247.0,127.0,103.0,162.0,184.0
480291817164,669.0,0.0,91.0,262.0,110.0,42.0,33.0,0.0,63.0,68.0
480291817183,907.0,39.0,74.0,237.0,246.0,154.0,27.0,71.0,51.0,8.0
480291817201,1987.0,23.0,183.0,550.0,478.0,239.0,72.0,114.0,160.0,168.0
480291817202,351.0,0.0,20.0,87.0,69.0,80.0,75.0,0.0,20.0,0.0
480291817211,1140.0,33.0,61.0,287.0,349.0,148.0,34.0,39.0,117.0,72.0
480291817212,982.0,16.0,30.0,97.0,284.0,113.0,60.0,174.0,21.0,187.0
480291817231,921.0,69.0,6.0,94.0,184.0,279.0,56.0,13.0,83.0,137.0
480291817221,1026.0,109.0,71.0,264.0,297.0,156.0,16.0,38.0,34.0,41.0
480291817222,737.0,62.0,69.0,165.0,216.0,78.0,28.0,42.0,55.0,22.0
480291817223,851.0,11.0,44.0,265.0,219.0,29.0,74.0,85.0,46.0,78.0
480291817232,504.0,0.0,62.0,123.0,97.0,107.0,41.0,0.0,35.0,39.0
480291817233,1014.0,0.0,180.0,179.0,49.0,219.0,60.0,71.0,122.0,134.0
480291817241,1438.0,0.0,12.0,432.0,493.0,108.0,117.0,38.0,98.0,140.0
480291817242,1150.0,43.0,62.0,259.0,281.0,267.0,62.0,35.0,51.0,90.0
480291817251,1101.0,66.0,147.0,328.0,142.0,91.0,0.0,0.0,157.0,170.0
480291817261,1034.0,0.0,171.0,279.0,250.0,173.0,28.0,35.0,65.0,33.0
480291817262,1727.0,0.0,303.0,535.0,459.0,286.0,0.0,11.0,75.0,58.0
480291817271,1528.0,172.0,180.0,398.0,366.0,127.0,26.0,76.0,120.0,63.0
480291817272,391.0,28.0,73.0,10.0,155.0,42.0,21.0,0.0,45.0,17.0
480291817282,2056.0,163.0,131.0,597.0,519.0,245.0,41.0,36.0,124.0,200.0
480291817291,4378.0,193.0,261.0,1063.0,1282.0,574.0,243.0,164.0,205.0,393.0
480291817302,1248.0,38.0,70.0,394.0,379.0,167.0,7.0,50.0,79.0,64.0
480291817311,966.0,14.0,112.0,256.0,291.0,159.0,0.0,0.0,69.0,65.0
480291817313,1154.0,46.0,78.0,325.0,370.0,79.0,80.0,125.0,16.0,35.0
480291817314,904.0,21.0,61.0,178.0,282.0,92.0,50.0,0.0,180.0,40.0
480291818131,1493.0,13.0,58.0,218.0,522.0,222.0,222.0,35.0,128.0,75.0
480291818133,1324.0,0.0,72.0,287.0,281.0,248.0,34.0,16.0,182.0,204.0
480291818141,2407.0,144.0,52.0,380.0,666.0,520.0,402.0,50.0,150.0,43.0
480291818151,510.0,4.0,43.0,23.0,203.0,164.0,27.0,22.0,17.0,7.0
480291818152,1241.0,38.0,39.0,133.0,359.0,137.0,116.0,134.0,107.0,178.0
480291818162,1625.0,11.0,96.0,284.0,573.0,317.0,82.0,15.0,125.0,122.0
480291818171,1211.0,22.0,184.0,268.0,250.0,134.0,97.0,80.0,124.0,52.0
480291818181,921.0,0.0,56.0,154.0,357.0,113.0,41.0,21.0,162.0,17.0
480291818182,776.0,0.0,52.0,147.0,145.0,290.0,26.0,33.0,30.0,53.0
480291818191,574.0,0.0,0.0,241.0,71.0,49.0,0.0,0.0,58.0,155.0
480291818192,3037.0,186.0,277.0,375.0,680.0,437.0,179.0,158.0,315.0,430.0
480291818202,2978.0,7.0,31.0,340.0,424.0,559.0,301.0,389.0,452.0,475.0
480291818211,474.0,29.0,77.0,98.0,82.0,56.0,36.0,45.0,51.0,0.0
480291818221,643.0,5.0,37.0,92.0,192.0,174.0,24.0,65.0,24.0,30.0
480291818222,764.0,83.0,73.0,174.0,261.0,92.0,32.0,32.0,17.0,0.0
480291818231,1814.0,84.0,30.0,127.0,495.0,307.0,185.0,99.0,286.0,201.0
480291818241,629.0,15.0,12.0,78.0,256.0,146.0,58.0,7.0,0.0,57.0
480291912012,851.0,16.0,60.0,120.0,194.0,221.0,104.0,33.0,0.0,103.0
480291910064,715.0,24.0,84.0,54.0,251.0,185.0,0.0,21.0,20.0,76.0
480291912011,655.0,42.0,113.0,101.0,205.0,73.0,19.0,40.0,28.0,34.0
480291912021,539.0,15.0,16.0,101.0,63.0,113.0,143.0,36.0,0.0,52.0
480291912022,1026.0,24.0,92.0,118.0,151.0,133.0,226.0,22.0,69.0,191.0
480291912023,275.0,0.0,21.0,75.0,71.0,41.0,0.0,0.0,0.0,67.0
480291912024,553.0,20.0,0.0,124.0,273.0,32.0,16.0,0.0,74.0,14.0
480291913031,951.0,45.0,60.0,76.0,378.0,160.0,31.0,52.0,36.0,113.0
480291913041,380.0,3.0,85.0,41.0,146.0,11.0,59.0,3.0,24.0,8.0
480291913042,947.0,14.0,80.0,194.0,207.0,107.0,107.0,80.0,0.0,158.0
480291914062,836.0,0.0,15.0,99.0,279.0,299.0,94.0,50.0,0.0,0.0
480291914063,770.0,8.0,47.0,216.0,190.0,195.0,77.0,37.0,0.0,0.0
480291914082,676.0,16.0,31.0,20.0,243.0,81.0,67.0,90.0,108.0,20.0
480291914101,731.0,49.0,0.0,154.0,215.0,160.0,0.0,33.0,43.0,77.0
480291914102,1469.0,60.0,119.0,263.0,463.0,251.0,75.0,58.0,77.0,103.0
480291914103,1138.0,0.0,45.0,143.0,354.0,338.0,39.0,47.0,91.0,81.0
480291914111,1031.0,41.0,18.0,155.0,225.0,169.0,190.0,71.0,123.0,39.0
480291914112,1661.0,161.0,41.0,306.0,227.0,293.0,151.0,102.0,324.0,56.0
480291818242,1355.0,92.0,56.0,258.0,285.0,128.0,133.0,87.0,188.0,128.0
480291818251,936.0,18.0,152.0,174.0,237.0,166.0,29.0,76.0,32.0,52.0
480291818252,1744.0,91.0,67.0,297.0,503.0,341.0,77.0,73.0,181.0,114.0
480291818261,1038.0,109.0,122.0,55.0,437.0,0.0,64.0,0.0,133.0,118.0
480291818262,1519.0,0.0,160.0,294.0,493.0,129.0,246.0,86.0,59.0,52.0
480291818263,597.0,0.0,0.0,98.0,317.0,44.0,0.0,21.0,43.0,74.0
480291818264,845.0,24.0,55.0,176.0,187.0,204.0,0.0,55.0,94.0,50.0
480291819011,1900.0,9.0,282.0,77.0,231.0,496.0,92.0,0.0,591.0,122.0
480291819012,1601.0,18.0,188.0,171.0,349.0,589.0,25.0,77.0,111.0,73.0
480291819021,2559.0,11.0,106.0,514.0,1114.0,326.0,201.0,144.0,59.0,84.0
480291819022,1228.0,82.0,47.0,240.0,409.0,271.0,102.0,54.0,0.0,23.0
480291820011,1114.0,36.0,38.0,403.0,341.0,143.0,65.0,27.0,31.0,30.0
480291820012,1628.0,42.0,139.0,341.0,491.0,173.0,119.0,77.0,149.0,97.0
480291820021,2203.0,44.0,39.0,862.0,528.0,247.0,163.0,83.0,193.0,44.0
480291820023,1636.0,32.0,23.0,215.0,781.0,230.0,157.0,91.0,59.0,48.0
480291820032,878.0,5.0,47.0,156.0,256.0,133.0,54.0,51.0,17.0,159.0
480291821012,684.0,0.0,17.0,197.0,321.0,38.0,32.0,17.0,0.0,62.0
480291821022,842.0,0.0,27.0,235.0,157.0,239.0,38.0,107.0,15.0,24.0
480291821023,1731.0,23.0,24.0,361.0,552.0,373.0,195.0,34.0,69.0,100.0
480291821061,1585.0,31.0,132.0,291.0,479.0,179.0,146.0,65.0,125.0,137.0
480291918142,1096.0,64.0,76.0,310.0,357.0,114.0,20.0,46.0,66.0,43.0
480291918151,1270.0,13.0,29.0,284.0,498.0,283.0,30.0,59.0,0.0,74.0
480291918161,643.0,0.0,14.0,120.0,178.0,169.0,86.0,19.0,57.0,0.0
480291918162,460.0,31.0,34.0,29.0,122.0,203.0,33.0,0.0,8.0,0.0
480291918172,1519.0,0.0,43.0,515.0,412.0,127.0,152.0,31.0,92.0,147.0
480291919001,347.0,5.0,34.0,96.0,48.0,77.0,20.0,0.0,51.0,16.0
480291919003,292.0,68.0,24.0,17.0,62.0,11.0,0.0,0.0,47.0,63.0
480291919004,178.0,0.0,47.0,9.0,34.0,30.0,53.0,0.0,0.0,5.0
480291920001,800.0,12.0,54.0,31.0,80.0,300.0,18.0,46.0,185.0,74.0
480291920002,807.0,0.0,0.0,260.0,220.0,125.0,39.0,25.0,21.0,117.0
480291920004,246.0,0.0,47.0,0.0,92.0,37.0,14.0,30.0,26.0,0.0
480291920005,212.0,0.0,11.0,75.0,83.0,14.0,0.0,29.0,0.0,0.0
480291921002,541.0,0.0,40.0,52.0,176.0,164.0,37.0,0.0,42.0,30.0
480291922001,821.0,17.0,86.0,72.0,229.0,43.0,0.0,0.0,32.0,342.0
480291923001,179.0,0.0,0.0,18.0,68.0,39.0,16.0,0.0,36.0,2.0
480291923002,1490.0,0.0,59.0,145.0,503.0,408.0,128.0,155.0,23.0,69.0
480291923003,488.0,0.0,0.0,84.0,224.0,40.0,119.0,0.0,0.0,21.0
480291923004,488.0,0.0,20.0,87.0,216.0,107.0,37.0,0.0,0.0,21.0
480299800011,0.0,0.0,0.0,0.0,0.0,0.0,0.0,0.0,0.0,0.0
480299800021,0.0,0.0,0.0,0.0,0.0,0.0,0.0,0.0,0.0,0.0
480299800031,537.0,62.0,79.0,186.0,124.0,36.0,5.0,0.0,28.0,17.0
480299800041,0.0,0.0,0.0,0.0,0.0,0.0,0.0,0.0,0.0,0.0
480299800051,8.0,0.0,0.0,4.0,0.0,4.0,0.0,0.0,0.0,0.0
480299801001,476.0,6.0,179.0,98.0,67.0,12.0,10.0,0.0,50.0,54.0
480291805033,1011.0,69.0,122.0,181.0,347.0,172.0,35.0,11.0,46.0,28.0
480291704011,449.0,41.0,108.0,17.0,181.0,48.0,11.0,17.0,26.0,0.0
480291914081,987.0,60.0,66.0,109.0,202.0,241.0,67.0,79.0,81.0,82.0
480291914091,2279.0,153.0,25.0,150.0,1170.0,243.0,71.0,329.0,51.0,87.0
480291412006,512.0,29.0,37.0,148.0,200.0,42.0,29.0,0.0,0.0,27.0
480291412003,641.0,17.0,161.0,257.0,64.0,37.0,63.0,0.0,0.0,42.0
480291501002,881.0,0.0,92.0,267.0,106.0,252.0,0.0,33.0,84.0,47.0
480291407002,387.0,23.0,14.0,135.0,44.0,0.0,66.0,11.0,29.0,65.0
480291413002,1140.0,91.0,68.0,167.0,346.0,82.0,50.0,13.0,118.0,205.0
480291414021,1533.0,78.0,139.0,363.0,440.0,240.0,40.0,16.0,120.0,97.0
480291806022,734.0,33.0,49.0,44.0,326.0,91.0,10.0,25.0,80.0,76.0
480291101003,705.0,25.0,41.0,94.0,322.0,62.0,27.0,40.0,63.0,31.0
480291211121,1047.0,38.0,87.0,126.0,382.0,90.0,75.0,44.0,90.0,115.0
480291519002,2178.0,195.0,242.0,452.0,502.0,229.0,109.0,73.0,142.0,234.0
480291409001,347.0,7.0,22.0,133.0,57.0,80.0,3.0,16.0,29.0,0.0
480291505011,356.0,0.0,50.0,56.0,103.0,44.0,21.0,7.0,75.0,0.0
480291505013,348.0,6.0,29.0,129.0,87.0,24.0,36.0,17.0,20.0,0.0
480291110001,425.0,8.0,89.0,69.0,76.0,83.0,9.0,19.0,48.0,24.0
480291204002,302.0,0.0,0.0,88.0,112.0,35.0,54.0,13.0,0.0,0.0
480291204006,126.0,0.0,0.0,11.0,1.0,98.0,15.0,1.0,0.0,0.0
480291204004,368.0,0.0,0.0,0.0,165.0,111.0,72.0,20.0,0.0,0.0
480291710005,184.0,19.0,0.0,102.0,8.0,8.0,28.0,8.0,11.0,0.0
480291710003,662.0,15.0,12.0,155.0,212.0,90.0,45.0,7.0,34.0,92.0
480291717005,415.0,0.0,13.0,88.0,141.0,126.0,0.0,0.0,47.0,0.0
480291213004,676.0,19.0,74.0,82.0,281.0,31.0,47.0,49.0,51.0,42.0
480291215012,1049.0,35.0,100.0,296.0,227.0,195.0,35.0,20.0,40.0,101.0
480291215073,536.0,28.0,103.0,182.0,166.0,19.0,24.0,5.0,0.0,9.0
480291312001,535.0,0.0,65.0,122.0,181.0,70.0,17.0,0.0,32.0,48.0
480291404003,529.0,28.0,55.0,76.0,156.0,45.0,24.0,48.0,59.0,38.0
480291101001,354.0,0.0,7.0,109.0,70.0,104.0,47.0,17.0,0.0,0.0
480291209023,1041.0,207.0,0.0,151.0,387.0,24.0,64.0,0.0,94.0,114.0
480291214032,580.0,100.0,20.0,113.0,75.0,105.0,41.0,30.0,26.0,70.0
480291216041,2034.0,93.0,134.0,429.0,661.0,191.0,241.0,61.0,153.0,71.0
480291216044,949.0,170.0,25.0,105.0,404.0,163.0,0.0,0.0,0.0,82.0
480291207023,616.0,0.0,0.0,75.0,198.0,128.0,15.0,117.0,45.0,38.0
480291213002,527.0,49.0,71.0,0.0,164.0,139.0,0.0,37.0,67.0,0.0
480291703001,771.0,55.0,60.0,121.0,57.0,149.0,39.0,41.0,46.0,203.0
480291704022,515.0,16.0,80.0,79.0,111.0,164.0,0.0,14.0,51.0,0.0
480291704023,535.0,0.0,80.0,113.0,155.0,144.0,0.0,8.0,35.0,0.0
480291706002,588.0,13.0,10.0,145.0,207.0,89.0,64.0,36.0,12.0,12.0
480291707001,565.0,71.0,75.0,34.0,136.0,76.0,69.0,50.0,23.0,31.0
480291212041,736.0,73.0,89.0,169.0,303.0,24.0,32.0,14.0,12.0,20.0
480291212045,1188.0,231.0,17.0,198.0,348.0,100.0,33.0,129.0,42.0,90.0
480291416001,1208.0,84.0,99.0,251.0,379.0,68.0,44.0,69.0,21.0,193.0
480291215051,1316.0,18.0,188.0,276.0,319.0,182.0,78.0,41.0,25.0,189.0
480291403001,389.0,0.0,23.0,132.0,67.0,26.0,20.0,28.0,71.0,22.0
480291701013,497.0,33.0,56.0,147.0,132.0,64.0,0.0,46.0,13.0,6.0
480291718021,384.0,0.0,0.0,146.0,178.0,12.0,0.0,0.0,26.0,22.0
480291718024,370.0,39.0,0.0,191.0,41.0,69.0,13.0,0.0,0.0,17.0
480291507005,493.0,0.0,0.0,68.0,277.0,67.0,0.0,0.0,0.0,81.0
480291507002,486.0,0.0,65.0,210.0,117.0,9.0,39.0,0.0,0.0,46.0
480291507004,544.0,0.0,0.0,117.0,302.0,92.0,0.0,19.0,0.0,14.0
480291601002,744.0,64.0,96.0,252.0,210.0,88.0,19.0,0.0,0.0,15.0
480291813021,1387.0,54.0,121.0,169.0,376.0,88.0,53.0,140.0,287.0,99.0
480291815063,1036.0,12.0,111.0,205.0,218.0,136.0,38.0,17.0,191.0,108.0
480291809024,822.0,0.0,46.0,335.0,180.0,74.0,66.0,17.0,32.0,72.0
480291810032,534.0,0.0,54.0,138.0,45.0,158.0,18.0,90.0,0.0,31.0
480291810053,938.0,70.0,117.0,128.0,315.0,62.0,96.0,35.0,42.0,73.0
480291817152,709.0,58.0,11.0,225.0,204.0,116.0,0.0,0.0,95.0,0.0
480291203001,940.0,0.0,0.0,153.0,467.0,287.0,33.0,0.0,0.0,0.0
480291205011,285.0,12.0,17.0,28.0,77.0,151.0,0.0,0.0,0.0,0.0
480291205016,493.0,25.0,0.0,133.0,79.0,101.0,79.0,0.0,13.0,63.0
480291205017,729.0,0.0,86.0,109.0,76.0,154.0,123.0,86.0,0.0,95.0
480291211151,681.0,77.0,53.0,146.0,205.0,61.0,65.0,14.0,30.0,30.0
480291211173,730.0,13.0,45.0,81.0,267.0,90.0,76.0,31.0,17.0,110.0
480291815031,1702.0,103.0,235.0,138.0,552.0,291.0,120.0,23.0,150.0,90.0
480291215082,1072.0,144.0,59.0,160.0,367.0,86.0,84.0,24.0,38.0,110.0
480291914054,464.0,0.0,34.0,38.0,198.0,68.0,36.0,34.0,36.0,20.0
480291709002,589.0,9.0,48.0,144.0,245.0,67.0,2.0,0.0,20.0,54.0
480291615012,216.0,0.0,41.0,56.0,61.0,7.0,0.0,0.0,51.0,0.0
480291615014,498.0,124.0,68.0,0.0,86.0,83.0,12.0,0.0,125.0,0.0
480291701023,590.0,25.0,106.0,39.0,186.0,79.0,34.0,78.0,29.0,14.0
480291711002,662.0,13.0,45.0,152.0,183.0,112.0,58.0,35.0,45.0,19.0
480291807024,294.0,0.0,0.0,42.0,172.0,21.0,12.0,0.0,0.0,47.0
480291807021,756.0,0.0,40.0,80.0,297.0,116.0,76.0,0.0,44.0,103.0
480291809013,574.0,0.0,57.0,98.0,183.0,153.0,66.0,9.0,8.0,0.0
480291108003,260.0,8.0,4.0,38.0,58.0,82.0,31.0,4.0,23.0,12.0
480291211163,764.0,55.0,81.0,207.0,338.0,32.0,0.0,0.0,23.0,28.0
480291212034,600.0,52.0,0.0,89.0,308.0,74.0,0.0,32.0,45.0,0.0
480291212033,517.0,0.0,36.0,99.0,187.0,99.0,29.0,0.0,46.0,21.0
480291817181,1101.0,16.0,87.0,260.0,350.0,101.0,139.0,65.0,52.0,31.0
480291902005,617.0,0.0,16.0,70.0,219.0,93.0,11.0,34.0,71.0,103.0
480291902002,274.0,0.0,35.0,39.0,75.0,14.0,91.0,0.0,14.0,6.0
480291802024,219.0,8.0,0.0,7.0,66.0,59.0,0.0,29.0,50.0,0.0
480291802022,520.0,0.0,39.0,56.0,241.0,102.0,72.0,10.0,0.0,0.0
480291805014,180.0,0.0,0.0,75.0,24.0,15.0,11.0,26.0,5.0,24.0
480291808003,203.0,0.0,0.0,48.0,53.0,20.0,36.0,16.0,22.0,8.0
480291708001,215.0,28.0,12.0,21.0,65.0,37.0,10.0,0.0,42.0,0.0
480291106001,387.0,0.0,72.0,57.0,77.0,55.0,48.0,8.0,29.0,41.0
480291510002,479.0,30.0,74.0,77.0,174.0,79.0,0.0,10.0,35.0,0.0
480291510003,628.0,36.0,47.0,120.0,274.0,9.0,30.0,0.0,55.0,57.0
480291607021,451.0,0.0,47.0,148.0,159.0,0.0,17.0,0.0,52.0,28.0
480291607022,556.0,18.0,28.0,108.0,107.0,50.0,97.0,77.0,47.0,24.0
480291215083,505.0,36.0,18.0,85.0,178.0,35.0,36.0,20.0,69.0,28.0
480291216011,779.0,92.0,106.0,154.0,159.0,91.0,45.0,21.0,20.0,91.0
480291218022,1293.0,9.0,67.0,189.0,356.0,201.0,119.0,49.0,144.0,159.0
480291303004,383.0,23.0,28.0,139.0,61.0,0.0,62.0,0.0,23.0,47.0
480291303003,271.0,0.0,4.0,97.0,110.0,0.0,39.0,0.0,21.0,0.0
480291909014,288.0,44.0,0.0,0.0,120.0,27.0,28.0,19.0,33.0,17.0
480291809011,465.0,0.0,34.0,178.0,161.0,77.0,0.0,7.0,0.0,8.0
480291815043,224.0,0.0,53.0,34.0,29.0,93.0,15.0,0.0,0.0,0.0
480291816011,500.0,25.0,0.0,58.0,139.0,74.0,28.0,36.0,82.0,58.0
480291818093,803.0,23.0,27.0,160.0,140.0,117.0,86.0,41.0,71.0,138.0
480291821011,1916.0,30.0,150.0,282.0,633.0,296.0,264.0,92.0,78.0,91.0
480291906012,541.0,29.0,50.0,181.0,147.0,82.0,2.0,0.0,18.0,32.0
480291910042,869.0,0.0,146.0,162.0,186.0,94.0,72.0,28.0,132.0,49.0
480291212052,516.0,0.0,0.0,126.0,118.0,92.0,10.0,8.0,85.0,77.0
480291212064,372.0,27.0,25.0,107.0,47.0,40.0,69.0,0.0,17.0,40.0
480291212066,543.0,1.0,0.0,110.0,122.0,247.0,26.0,0.0,0.0,37.0
480291602001,381.0,4.0,10.0,78.0,107.0,38.0,80.0,0.0,37.0,27.0
480291817131,1162.0,44.0,306.0,94.0,302.0,168.0,30.0,54.0,53.0,111.0
480291815052,681.0,0.0,26.0,107.0,276.0,109.0,13.0,42.0,14.0,94.0
480291817041,707.0,27.0,58.0,175.0,261.0,19.0,65.0,27.0,9.0,66.0
480291817043,979.0,16.0,61.0,174.0,262.0,79.0,64.0,76.0,181.0,66.0
480291907001,555.0,83.0,26.0,39.0,119.0,148.0,37.0,8.0,39.0,56.0
480291812003,497.0,0.0,19.0,15.0,256.0,114.0,64.0,0.0,0.0,29.0
480291511006,75.0,20.0,0.0,55.0,0.0,0.0,0.0,0.0,0.0,0.0
480291514003,555.0,59.0,81.0,66.0,195.0,47.0,25.0,28.0,9.0,45.0
480291909022,803.0,57.0,51.0,129.0,211.0,129.0,23.0,39.0,60.0,104.0
480291810011,738.0,0.0,25.0,76.0,278.0,105.0,76.0,84.0,65.0,29.0
480291821031,1320.0,29.0,68.0,439.0,352.0,214.0,67.0,14.0,74.0,63.0
480291901001,371.0,0.0,9.0,22.0,118.0,46.0,6.0,37.0,31.0,102.0
480291817033,1415.0,17.0,48.0,401.0,269.0,281.0,81.0,25.0,237.0,56.0
480291803004,416.0,0.0,15.0,114.0,149.0,56.0,0.0,8.0,57.0,17.0
480291313003,636.0,105.0,121.0,160.0,85.0,12.0,42.0,0.0,21.0,90.0
480291313002,673.0,58.0,50.0,17.0,189.0,152.0,149.0,0.0,17.0,41.0
480291103001,613.0,24.0,40.0,254.0,109.0,127.0,22.0,0.0,12.0,25.0
480291206007,294.0,31.0,16.0,109.0,59.0,46.0,0.0,0.0,17.0,16.0
480291206004,776.0,30.0,38.0,146.0,141.0,243.0,10.0,12.0,69.0,87.0
480291206001,698.0,0.0,110.0,150.0,167.0,198.0,22.0,23.0,28.0,0.0
480291517005,538.0,77.0,102.0,102.0,16.0,116.0,13.0,40.0,72.0,0.0
480291517004,427.0,10.0,0.0,143.0,89.0,47.0,13.0,0.0,100.0,25.0
480291719031,459.0,72.0,45.0,1.0,54.0,86.0,19.0,0.0,52.0,130.0
480291717002,357.0,0.0,40.0,65.0,190.0,0.0,0.0,62.0,0.0,0.0
480291719033,647.0,10.0,92.0,198.0,144.0,26.0,0.0,91.0,70.0,16.0
480291509004,266.0,0.0,86.0,64.0,37.0,56.0,0.0,0.0,23.0,0.0
480291509003,669.0,31.0,111.0,218.0,91.0,59.0,56.0,25.0,28.0,50.0
480291705001,496.0,37.0,16.0,64.0,99.0,91.0,0.0,52.0,70.0,67.0
480291805041,696.0,26.0,47.0,125.0,183.0,78.0,20.0,38.0,41.0,138.0
480291205022,221.0,9.0,13.0,91.0,42.0,30.0,7.0,12.0,17.0,0.0
480291205021,534.0,62.0,78.0,111.0,90.0,66.0,20.0,5.0,50.0,52.0
480291207014,311.0,0.0,10.0,69.0,95.0,51.0,41.0,14.0,10.0,21.0
480291302001,463.0,6.0,57.0,80.0,116.0,45.0,29.0,11.0,77.0,42.0
480291410001,258.0,21.0,0.0,82.0,40.0,10.0,68.0,28.0,9.0,0.0
480291516005,339.0,0.0,46.0,13.0,119.0,22.0,78.0,0.0,0.0,61.0
480291516003,1002.0,18.0,65.0,302.0,150.0,170.0,74.0,0.0,64.0,159.0
480291817053,1183.0,60.0,13.0,424.0,201.0,275.0,16.0,49.0,0.0,145.0
480291606002,701.0,44.0,49.0,154.0,71.0,61.0,46.0,16.0,146.0,114.0
480291419001,901.0,23.0,108.0,153.0,265.0,157.0,0.0,0.0,22.0,173.0
480291515001,354.0,12.0,62.0,42.0,72.0,52.0,0.0,18.0,38.0,58.0
480291603001,450.0,30.0,11.0,108.0,186.0,26.0,6.0,7.0,55.0,21.0
480291603004,459.0,54.0,61.0,79.0,176.0,48.0,0.0,0.0,41.0,0.0
480291613021,1765.0,110.0,191.0,378.0,352.0,201.0,79.0,104.0,129.0,221.0
480291804002,695.0,0.0,75.0,51.0,308.0,35.0,80.0,0.0,75.0,71.0
480291807011,665.0,0.0,9.0,65.0,226.0,117.0,107.0,0.0,102.0,39.0
480291811001,654.0,0.0,23.0,116.0,142.0,128.0,55.0,47.0,37.0,106.0
480291211082,830.0,16.0,120.0,87.0,376.0,101.0,0.0,13.0,39.0,78.0
480291203004,533.0,0.0,0.0,47.0,93.0,109.0,85.0,91.0,36.0,72.0
480291203006,488.0,0.0,0.0,116.0,204.0,80.0,44.0,18.0,26.0,0.0
480291506002,631.0,40.0,34.0,234.0,194.0,57.0,29.0,12.0,31.0,0.0
480291506001,375.0,0.0,55.0,69.0,113.0,87.0,0.0,11.0,0.0,40.0
480291511002,889.0,123.0,0.0,201.0,112.0,5.0,96.0,151.0,71.0,130.0
480291105001,493.0,0.0,58.0,78.0,100.0,111.0,48.0,18.0,30.0,50.0
480291210002,302.0,0.0,0.0,62.0,93.0,0.0,0.0,56.0,50.0,41.0
480291210001,265.0,0.0,21.0,29.0,48.0,41.0,26.0,68.0,32.0,0.0
480291211101,1107.0,31.0,69.0,204.0,514.0,114.0,70.0,0.0,33.0,72.0
480291215063,737.0,78.0,132.0,156.0,237.0,81.0,7.0,9.0,37.0,0.0
480291315033,528.0,19.0,59.0,52.0,286.0,0.0,0.0,0.0,0.0,112.0
480291315043,1154.0,37.0,44.0,174.0,334.0,163.0,160.0,0.0,154.0,88.0
480291315061,566.0,102.0,79.0,83.0,127.0,47.0,42.0,0.0,45.0,41.0
480291315072,540.0,52.0,38.0,119.0,64.0,56.0,76.0,27.0,36.0,72.0
480291316062,1560.0,22.0,214.0,270.0,475.0,189.0,80.0,51.0,189.0,70.0
480291316091,941.0,73.0,29.0,414.0,314.0,63.0,0.0,0.0,17.0,31.0
480291316101,1511.0,33.0,189.0,365.0,382.0,126.0,65.0,87.0,58.0,206.0
480291316121,938.0,38.0,87.0,224.0,216.0,156.0,62.0,42.0,27.0,86.0
480291316141,1758.0,115.0,106.0,449.0,289.0,185.0,219.0,83.0,180.0,132.0
480291316152,1111.0,86.0,37.0,135.0,488.0,148.0,24.0,24.0,16.0,153.0
480291318011,665.0,12.0,75.0,228.0,229.0,48.0,9.0,11.0,17.0,36.0
480291318022,310.0,14.0,115.0,77.0,53.0,13.0,9.0,15.0,0.0,14.0
480291411012,362.0,9.0,45.0,58.0,16.0,29.0,66.0,25.0,67.0,47.0
480291522022,586.0,41.0,53.0,304.0,119.0,48.0,0.0,11.0,0.0,10.0
480291411022,223.0,0.0,50.0,7.0,81.0,31.0,0.0,38.0,0.0,16.0
480291414031,661.0,30.0,30.0,213.0,135.0,110.0,27.0,36.0,16.0,64.0
480291414042,977.0,0.0,192.0,238.0,259.0,37.0,104.0,0.0,88.0,59.0
480291605013,205.0,9.0,15.0,35.0,96.0,18.0,0.0,0.0,32.0,0.0
480291605023,415.0,14.0,15.0,8.0,185.0,59.0,47.0,21.0,37.0,29.0
480291609012,442.0,37.0,34.0,100.0,99.0,78.0,0.0,7.0,78.0,9.0
480291609022,609.0,0.0,23.0,139.0,202.0,137.0,8.0,24.0,26.0,50.0
480291613031,1062.0,8.0,91.0,181.0,237.0,98.0,0.0,96.0,207.0,144.0
480291613042,946.0,50.0,120.0,171.0,294.0,45.0,130.0,60.0,40.0,36.0
480291615032,571.0,28.0,49.0,168.0,92.0,9.0,33.0,26.0,0.0,166.0
480291615042,1076.0,31.0,313.0,195.0,226.0,51.0,52.0,6.0,45.0,157.0
480291618021,2638.0,213.0,397.0,777.0,618.0,45.0,52.0,80.0,186.0,270.0
480291619021,500.0,0.0,55.0,170.0,189.0,47.0,39.0,0.0,0.0,0.0
480291620031,989.0,71.0,192.0,168.0,178.0,147.0,8.0,38.0,44.0,143.0
480291620041,522.0,7.0,66.0,141.0,132.0,8.0,58.0,59.0,39.0,12.0
480291713012,594.0,60.0,13.0,126.0,232.0,33.0,43.0,16.0,30.0,41.0
480291716012,402.0,81.0,101.0,91.0,20.0,0.0,0.0,59.0,33.0,17.0
480291716022,231.0,30.0,57.0,10.0,67.0,0.0,36.0,0.0,12.0,19.0
480291719122,1089.0,36.0,73.0,447.0,229.0,206.0,21.0,4.0,73.0,0.0
480291719141,730.0,7.0,128.0,243.0,110.0,113.0,16.0,56.0,38.0,19.0
480291719151,804.0,78.0,90.0,151.0,181.0,119.0,53.0,48.0,38.0,46.0
480291719163,1537.0,62.0,80.0,307.0,281.0,259.0,100.0,190.0,149.0,109.0
480291719181,691.0,13.0,24.0,146.0,223.0,50.0,36.0,57.0,21.0,121.0
480291215044,1379.0,26.0,227.0,269.0,318.0,217.0,123.0,101.0,27.0,71.0
480291215064,389.0,0.0,7.0,75.0,84.0,88.0,8.0,0.0,50.0,77.0
480291216061,298.0,0.0,17.0,64.0,96.0,66.0,13.0,17.0,25.0,0.0
480291216064,323.0,21.0,67.0,68.0,167.0,0.0,0.0,0.0,0.0,0.0
480291217013,242.0,23.0,21.0,58.0,64.0,8.0,43.0,25.0,0.0,0.0
480291217022,454.0,61.0,0.0,62.0,120.0,32.0,16.0,40.0,0.0,123.0
480291218082,1380.0,94.0,31.0,397.0,317.0,274.0,49.0,45.0,65.0,108.0
480291218093,898.0,102.0,110.0,218.0,140.0,89.0,65.0,22.0,77.0,75.0
480291218111,2249.0,82.0,172.0,590.0,643.0,307.0,103.0,57.0,112.0,183.0
480291218122,573.0,21.0,105.0,49.0,173.0,85.0,55.0,0.0,29.0,56.0
480291218131,942.0,2.0,59.0,295.0,299.0,104.0,34.0,68.0,32.0,49.0
480291219041,490.0,20.0,0.0,68.0,162.0,94.0,40.0,0.0,83.0,23.0
480291219052,2018.0,0.0,213.0,333.0,600.0,313.0,225.0,24.0,151.0,159.0
480291219071,684.0,17.0,53.0,244.0,150.0,130.0,15.0,0.0,35.0,40.0
480291211085,977.0,0.0,122.0,177.0,237.0,249.0,77.0,34.0,0.0,81.0
480291211191,416.0,14.0,60.0,111.0,38.0,26.0,0.0,66.0,101.0,0.0
480291211201,1441.0,63.0,86.0,432.0,317.0,204.0,124.0,22.0,121.0,72.0
480291207013,542.0,47.0,11.0,76.0,83.0,143.0,82.0,25.0,37.0,38.0
480291215043,967.0,0.0,45.0,390.0,253.0,47.0,44.0,44.0,92.0,52.0
480291503002,582.0,0.0,40.0,25.0,146.0,139.0,41.0,30.0,114.0,47.0
480291418003,872.0,71.0,95.0,177.0,193.0,79.0,47.0,26.0,148.0,36.0
480291508001,407.0,0.0,48.0,37.0,49.0,44.0,54.0,41.0,35.0,99.0
480291712001,463.0,11.0,60.0,42.0,164.0,145.0,20.0,6.0,9.0,6.0
480291712002,374.0,0.0,38.0,100.0,54.0,50.0,0.0,75.0,11.0,46.0
480291512004,278.0,27.0,49.0,35.0,108.0,0.0,0.0,0.0,0.0,59.0
480291904002,992.0,24.0,25.0,69.0,145.0,220.0,51.0,69.0,179.0,210.0
480291817121,1249.0,119.0,72.0,190.0,307.0,113.0,244.0,37.0,103.0,64.0
480291816024,822.0,41.0,100.0,223.0,158.0,73.0,88.0,5.0,23.0,111.0
480291816022,721.0,25.0,52.0,152.0,219.0,98.0,12.0,9.0,31.0,123.0
480291314022,820.0,20.0,116.0,337.0,181.0,42.0,73.0,12.0,31.0,8.0
480291719183,1348.0,40.0,107.0,237.0,378.0,169.0,43.0,116.0,140.0,118.0
480291719201,1643.0,118.0,315.0,440.0,69.0,159.0,112.0,51.0,151.0,228.0
480291719212,741.0,32.0,133.0,160.0,84.0,65.0,49.0,45.0,19.0,154.0
480291719231,808.0,0.0,151.0,155.0,298.0,102.0,67.0,0.0,0.0,35.0
480291719234,2564.0,19.0,488.0,432.0,937.0,202.0,150.0,92.0,191.0,53.0
480291719251,464.0,0.0,16.0,80.0,39.0,15.0,107.0,98.0,59.0,50.0
480291719253,1928.0,18.0,185.0,678.0,468.0,243.0,90.0,122.0,53.0,71.0
480291720023,2345.0,205.0,365.0,566.0,575.0,162.0,35.0,0.0,198.0,239.0
480291720041,1572.0,115.0,164.0,507.0,341.0,119.0,94.0,71.0,65.0,96.0
480291720061,1815.0,95.0,143.0,283.0,398.0,382.0,182.0,79.0,78.0,175.0
480291720071,2230.0,45.0,247.0,554.0,412.0,419.0,127.0,116.0,111.0,199.0
480291801011,511.0,40.0,13.0,157.0,164.0,8.0,8.0,44.0,28.0,49.0
480291714011,1010.0,54.0,132.0,251.0,153.0,125.0,104.0,31.0,90.0,70.0
480291714022,284.0,0.0,68.0,59.0,85.0,8.0,41.0,13.0,10.0,0.0
480291715012,491.0,5.0,73.0,147.0,135.0,67.0,34.0,0.0,13.0,17.0
480291715023,811.0,93.0,161.0,55.0,280.0,64.0,36.0,24.0,15.0,83.0
480291917011,338.0,0.0,0.0,58.0,116.0,81.0,30.0,36.0,5.0,12.0
480291917022,706.0,0.0,21.0,132.0,281.0,43.0,90.0,86.0,39.0,14.0
480291918043,1030.0,26.0,103.0,312.0,207.0,182.0,40.0,17.0,56.0,87.0
480291918111,1682.0,41.0,68.0,373.0,601.0,292.0,147.0,41.0,53.0,66.0
480291918063,2421.0,57.0,57.0,425.0,1102.0,453.0,37.0,86.0,24.0,180.0
480291918081,1335.0,13.0,64.0,391.0,404.0,195.0,144.0,37.0,47.0,40.0
480291918092,1111.0,13.0,130.0,342.0,265.0,125.0,34.0,84.0,68.0,50.0
480291918131,2043.0,30.0,187.0,382.0,482.0,311.0,333.0,71.0,142.0,105.0
480291817252,1189.0,125.0,37.0,325.0,298.0,108.0,19.0,71.0,46.0,160.0
480291817263,1626.0,109.0,122.0,420.0,498.0,84.0,66.0,26.0,126.0,175.0
480291817281,3142.0,139.0,520.0,709.0,657.0,675.0,93.0,118.0,113.0,118.0
480291817301,516.0,38.0,108.0,86.0,121.0,34.0,43.0,47.0,31.0,8.0
480291817312,1199.0,47.0,174.0,249.0,351.0,319.0,0.0,0.0,12.0,47.0
480291818112,226.0,42.0,0.0,21.0,44.0,56.0,0.0,0.0,19.0,44.0
480291818132,1322.0,0.0,174.0,64.0,203.0,591.0,78.0,0.0,18.0,194.0
480291818142,1795.0,13.0,79.0,230.0,444.0,341.0,244.0,157.0,225.0,62.0
480291818161,535.0,0.0,39.0,51.0,180.0,81.0,94.0,19.0,61.0,10.0
480291818172,457.0,26.0,9.0,160.0,119.0,55.0,69.0,7.0,7.0,5.0
480291818183,1378.0,158.0,14.0,218.0,161.0,234.0,274.0,106.0,48.0,165.0
480291818201,875.0,77.0,0.0,27.0,40.0,61.0,69.0,92.0,278.0,231.0
480291818212,1442.0,100.0,116.0,379.0,195.0,282.0,88.0,141.0,73.0,68.0
480291818223,1175.0,27.0,148.0,260.0,282.0,165.0,66.0,106.0,54.0,67.0
480291905032,597.0,36.0,53.0,80.0,160.0,70.0,24.0,59.0,74.0,41.0
480291905042,676.0,38.0,26.0,149.0,205.0,73.0,30.0,74.0,51.0,30.0
480291906041,548.0,26.0,52.0,54.0,218.0,85.0,44.0,17.0,14.0,38.0
480291910051,457.0,0.0,35.0,56.0,122.0,92.0,67.0,12.0,45.0,28.0
480291910062,731.0,0.0,20.0,83.0,463.0,93.0,57.0,0.0,15.0,0.0
480291801013,463.0,46.0,11.0,30.0,36.0,107.0,42.0,105.0,86.0,0.0
480291801016,270.0,9.0,0.0,15.0,140.0,17.0,41.0,0.0,16.0,32.0
480291806031,1044.0,14.0,100.0,208.0,257.0,127.0,68.0,8.0,98.0,164.0
480291806043,360.0,0.0,0.0,75.0,122.0,63.0,80.0,0.0,20.0,0.0
480291807026,977.0,31.0,97.0,158.0,98.0,236.0,153.0,19.0,66.0,119.0
480291814031,901.0,23.0,0.0,99.0,207.0,140.0,199.0,68.0,68.0,97.0
480291814041,2156.0,30.0,20.0,306.0,349.0,766.0,442.0,51.0,120.0,72.0
480291815044,841.0,0.0,51.0,149.0,223.0,261.0,38.0,25.0,60.0,34.0
480291817154,1137.0,50.0,167.0,210.0,194.0,134.0,126.0,100.0,89.0,67.0
480291820022,225.0,18.0,20.0,15.0,110.0,43.0,19.0,0.0,0.0,0.0
480291820031,1557.0,9.0,81.0,226.0,726.0,275.0,96.0,44.0,61.0,39.0
480291821013,1235.0,15.0,21.0,473.0,318.0,108.0,142.0,78.0,58.0,22.0
480291821051,1138.0,13.0,156.0,351.0,168.0,164.0,88.0,70.0,92.0,36.0
480291910065,251.0,0.0,79.0,0.0,131.0,9.0,0.0,0.0,32.0,0.0
480291912013,146.0,0.0,0.0,37.0,51.0,8.0,8.0,21.0,11.0,10.0
480291918141,1321.0,48.0,13.0,330.0,253.0,326.0,138.0,0.0,140.0,73.0
480291918152,920.0,23.0,7.0,239.0,327.0,68.0,46.0,74.0,79.0,57.0
480291918171,4128.0,43.0,145.0,774.0,1225.0,864.0,727.0,30.0,177.0,143.0
480291919002,508.0,0.0,24.0,125.0,48.0,122.0,9.0,45.0,23.0,112.0
480291919005,385.0,15.0,64.0,39.0,130.0,62.0,18.0,0.0,9.0,48.0
480291920003,965.0,0.0,96.0,30.0,323.0,80.0,34.0,173.0,200.0,29.0
480291921001,624.0,13.0,58.0,109.0,231.0,150.0,44.0,19.0,0.0,0.0
480291922002,406.0,39.0,14.0,58.0,121.0,70.0,0.0,46.0,17.0,41.0
