block_group,B03002_001E,B03002_002E,B03002_003E,B03002_004E,B03002_006E,B03002_002E_O,B03002_012E
480291805031,659.0,71.0,71.0,0.0,0.0,0.0,588.0
480291805032,1942.0,252.0,193.0,59.0,0.0,0.0,1690.0
480291704013,1676.0,441.0,272.0,169.0,0.0,0.0,1235.0
480291704012,730.0,47.0,15.0,32.0,0.0,0.0,683.0
480291914061,2612.0,1652.0,1451.0,21.0,91.0,89.0,960.0
480291914092,2824.0,1011.0,802.0,149.0,60.0,0.0,1813.0
480291212042,1666.0,1162.0,789.0,271.0,0.0,102.0,504.0
480291215081,1465.0,940.0,343.0,542.0,0.0,55.0,525.0
480291914051,2767.0,807.0,557.0,152.0,62.0,36.0,1960.0
480291914052,2152.0,1444.0,1318.0,14.0,51.0,61.0,708.0
480291914053,1753.0,1377.0,1350.0,13.0,14.0,0.0,376.0
480291914055,929.0,594.0,514.0,0.0,80.0,0.0,335.0
480291709001,1623.0,67.0,67.0,0.0,0.0,0.0,1556.0
480291709003,592.0,9.0,9.0,0.0,0.0,0.0,583.0
480291610002,2125.0,107.0,106.0,1.0,0.0,0.0,2018.0
480291610001,2034.0,332.0,324.0,8.0,0.0,0.0,1702.0
480291615015,1647.0,111.0,79.0,32.0,0.0,0.0,1536.0
480291615011,3279.0,360.0,329.0,0.0,0.0,31.0,2919.0
480291615013,1116.0,53.0,28.0,13.0,12.0,0.0,1063.0
480291711001,1924.0,68.0,29.0,39.0,0.0,0.0,1856.0
480291620011,2310.0,622.0,480.0,54.0,0.0,88.0,1688.0
480291701022,1074.0,23.0,23.0,0.0,0.0,0.0,1051.0
480291701021,962.0,17.0,9.0,1.0,0.0,7.0,945.0
480291807022,1236.0,493.0,376.0,54.0,52.0,11.0,743.0
480291807023,382.0,119.0,119.0,0.0,0.0,0.0,263.0
480291807025,596.0,288.0,288.0,0.0,0.0,0.0,308.0
480291809012,1325.0,236.0,180.0,0.0,25.0,31.0,1089.0
480291809015,833.0,202.0,192.0,0.0,0.0,10.0,631.0
480291106003,3071.0,916.0,458.0,427.0,9.0,22.0,2155.0
480291108002,577.0,193.0,127.0,55.0,0.0,11.0,384.0
480291108001,729.0,147.0,124.0,17.0,0.0,6.0,582.0
480291208004,858.0,696.0,650.0,0.0,15.0,31.0,162.0
480291208006,950.0,795.0,782.0,0.0,13.0,0.0,155.0
480291208001,925.0,876.0,876.0,0.0,0.0,0.0,49.0
480291208002,1058.0,766.0,687.0,37.0,16.0,26.0,292.0
480291208005,847.0,743.0,722.0,0.0,21.0,0.0,104.0
480291208007,759.0,681.0,665.0,0.0,0.0,16.0,78.0
480291208003,1406.0,1149.0,1008.0,0.0,86.0,55.0,257.0
480291211113,1642.0,642.0,484.0,110.0,31.0,17.0,1000.0
480291211111,996.0,657.0,607.0,0.0,0.0,50.0,339.0
480291211112,1919.0,1053.0,1013.0,0.0,0.0,40.0,866.0
480291211114,2356.0,1276.0,440.0,500.0,0.0,336.0,1080.0
480291211161,1918.0,1011.0,961.0,37.0,13.0,0.0,907.0
480291211164,1559.0,799.0,638.0,93.0,40.0,28.0,760.0
480291211162,484.0,306.0,294.0,0.0,0.0,12.0,178.0
480291211181,1632.0,1336.0,1154.0,118.0,64.0,0.0,296.0
480291211182,2195.0,1311.0,704.0,531.0,0.0,76.0,884.0
480291212031,661.0,561.0,456.0,96.0,0.0,9.0,100.0
480291212032,1508.0,328.0,194.0,93.0,0.0,41.0,1180.0
480291212051,3307.0,1356.0,964.0,320.0,36.0,36.0,1951.0
480291817182,1878.0,1101.0,775.0,192.0,78.0,56.0,777.0
480291818111,3375.0,1679.0,1416.0,117.0,99.0,47.0,1696.0
480291902003,927.0,552.0,512.0,25.0,0.0,15.0,375.0
480291902004,929.0,374.0,291.0,41.0,0.0,42.0,555.0
480291902001,576.0,310.0,310.0,0.0,0.0,0.0,266.0
480291802021,1103.0,234.0,155.0,25.0,14.0,40.0,869.0
480291802023,1508.0,438.0,312.0,82.0,23.0,21.0,1070.0
480291805013,1148.0,244.0,147.0,97.0,0.0,0.0,904.0
480291805012,513.0,144.0,81.0,51.0,12.0,0.0,369.0
480291805011,1792.0,438.0,295.0,120.0,23.0,0.0,1354.0
480291808002,1299.0,499.0,313.0,186.0,0.0,0.0,800.0
480291808001,691.0,244.0,194.0,34.0,0.0,16.0,447.0
480291708002,774.0,95.0,49.0,37.0,9.0,0.0,679.0
480291106002,1415.0,226.0,132.0,60.0,0.0,34.0,1189.0
480291504001,414.0,55.0,30.0,0.0,0.0,25.0,359.0
480291504002,1158.0,188.0,186.0,1.0,1.0,0.0,970.0
480291510001,1270.0,37.0,37.0,0.0,0.0,0.0,1233.0
480291521002,1192.0,240.0,240.0,0.0,0.0,0.0,952.0
480291521001,1128.0,89.0,89.0,0.0,0.0,0.0,1039.0
480291607024,945.0,70.0,55.0,8.0,0.0,7.0,875.0
480291607023,1190.0,90.0,35.0,55.0,0.0,0.0,1100.0
480291616002,2750.0,327.0,140.0,88.0,69.0,30.0,2423.0
480291616001,2038.0,663.0,442.0,141.0,58.0,22.0,1375.0
480291216012,1397.0,924.0,776.0,148.0,0.0,0.0,473.0
480291216013,1661.0,674.0,499.0,138.0,0.0,37.0,987.0
480291216014,1231.0,700.0,518.0,167.0,15.0,0.0,531.0
480291218021,1941.0,1013.0,767.0,132.0,49.0,65.0,928.0
480291218023,3437.0,1299.0,1078.0,82.0,63.0,76.0,2138.0
480291303002,1026.0,42.0,0.0,42.0,0.0,0.0,984.0
480291303001,521.0,181.0,51.0,130.0,0.0,0.0,340.0
480291307002,911.0,252.0,72.0,169.0,0.0,11.0,659.0
480291307001,1861.0,730.0,181.0,504.0,0.0,45.0,1131.0
480291702004,898.0,4.0,4.0,0.0,0.0,0.0,894.0
480291702006,1034.0,23.0,23.0,0.0,0.0,0.0,1011.0
480291702002,757.0,33.0,33.0,0.0,0.0,0.0,724.0
480291702005,796.0,20.0,8.0,12.0,0.0,0.0,776.0
480291702001,725.0,0.0,0.0,0.0,0.0,0.0,725.0
480291316011,839.0,634.0,526.0,26.0,63.0,19.0,205.0
480291317001,1182.0,988.0,774.0,86.0,68.0,60.0,194.0
480291412004,645.0,63.0,47.0,16.0,0.0,0.0,582.0
480291412001,1839.0,333.0,277.0,56.0,0.0,0.0,1506.0
480291412005,1188.0,70.0,70.0,0.0,0.0,0.0,1118.0
480291412002,1302.0,104.0,102.0,2.0,0.0,0.0,1198.0
480291501003,1162.0,127.0,19.0,0.0,0.0,108.0,1035.0
480291309002,1169.0,447.0,39.0,408.0,0.0,0.0,722.0
480291309003,1185.0,742.0,128.0,522.0,62.0,30.0,443.0
480291310003,880.0,607.0,30.0,577.0,0.0,0.0,273.0
480291310004,745.0,499.0,99.0,400.0,0.0,0.0,246.0
480291310001,2971.0,1453.0,146.0,1254.0,34.0,19.0,1518.0
480291310002,766.0,520.0,86.0,357.0,77.0,0.0,246.0
480291405003,1128.0,223.0,223.0,0.0,0.0,0.0,905.0
480291405002,1429.0,472.0,412.0,30.0,18.0,12.0,957.0
480291405001,831.0,91.0,80.0,11.0,0.0,0.0,740.0
480291405004,700.0,66.0,64.0,2.0,0.0,0.0,634.0
480291406002,894.0,124.0,118.0,6.0,0.0,0.0,770.0
480291406001,1934.0,215.0,63.0,97.0,46.0,9.0,1719.0
480291407003,717.0,215.0,155.0,60.0,0.0,0.0,502.0
480291407001,1043.0,136.0,130.0,0.0,0.0,6.0,907.0
480291407004,733.0,171.0,171.0,0.0,0.0,0.0,562.0
480291407005,1170.0,16.0,16.0,0.0,0.0,0.0,1154.0
480291413001,946.0,391.0,114.0,146.0,0.0,131.0,555.0
480291413003,3162.0,1327.0,371.0,811.0,48.0,97.0,1835.0
480291702003,1297.0,0.0,0.0,0.0,0.0,0.0,1297.0
480291806023,825.0,259.0,180.0,58.0,21.0,0.0,566.0
480291806021,590.0,136.0,112.0,0.0,24.0,0.0,454.0
480291911021,709.0,443.0,443.0,0.0,0.0,0.0,266.0
480291911022,932.0,351.0,308.0,27.0,16.0,0.0,581.0
480291911023,970.0,451.0,449.0,1.0,0.0,1.0,519.0
480291209012,1454.0,718.0,599.0,35.0,9.0,75.0,736.0
480291209011,894.0,491.0,471.0,10.0,0.0,10.0,403.0
480291211122,1331.0,859.0,732.0,47.0,16.0,64.0,472.0
480291519001,1892.0,37.0,37.0,0.0,0.0,0.0,1855.0
480291409002,1052.0,81.0,81.0,0.0,0.0,0.0,971.0
480291417001,2815.0,630.0,589.0,13.0,0.0,28.0,2185.0
480291417002,2982.0,756.0,578.0,175.0,0.0,3.0,2226.0
480291505012,1350.0,0.0,0.0,0.0,0.0,0.0,1350.0
480291505014,1113.0,13.0,13.0,0.0,0.0,0.0,1100.0
480291604002,1922.0,169.0,86.0,83.0,0.0,0.0,1753.0
480291604004,750.0,51.0,32.0,0.0,0.0,19.0,699.0
480291604001,1052.0,43.0,40.0,2.0,0.0,1.0,1009.0
480291604003,1162.0,32.0,32.0,0.0,0.0,0.0,1130.0
480291611005,1688.0,80.0,4.0,76.0,0.0,0.0,1608.0
480291611006,455.0,0.0,0.0,0.0,0.0,0.0,455.0
480291611001,3154.0,177.0,148.0,29.0,0.0,0.0,2977.0
480291611004,1497.0,55.0,34.0,0.0,0.0,21.0,1442.0
480291611003,1095.0,108.0,102.0,0.0,0.0,6.0,987.0
480291611002,851.0,0.0,0.0,0.0,0.0,0.0,851.0
480291813012,1509.0,788.0,559.0,85.0,123.0,21.0,721.0
480291813011,3152.0,1260.0,654.0,391.0,169.0,46.0,1892.0
480291814021,1096.0,661.0,484.0,83.0,73.0,21.0,435.0
480291814022,1619.0,936.0,488.0,204.0,229.0,15.0,683.0
480291109001,1498.0,881.0,795.0,54.0,17.0,15.0,617.0
480291110003,1124.0,418.0,328.0,23.0,48.0,19.0,706.0
480291110002,729.0,220.0,109.0,26.0,13.0,72.0,509.0
480291204001,1212.0,925.0,874.0,51.0,0.0,0.0,287.0
480291204005,1165.0,969.0,940.0,0.0,18.0,11.0,196.0
480291710004,1845.0,8.0,8.0,0.0,0.0,0.0,1837.0
480291204003,1085.0,907.0,877.0,0.0,0.0,30.0,178.0
480291207021,2630.0,1739.0,1524.0,86.0,129.0,0.0,891.0
480291704014,794.0,93.0,43.0,50.0,0.0,0.0,701.0
480291710001,973.0,0.0,0.0,0.0,0.0,0.0,973.0
480291710002,892.0,0.0,0.0,0.0,0.0,0.0,892.0
480291717001,2257.0,534.0,324.0,210.0,0.0,0.0,1723.0
480291717003,897.0,328.0,36.0,113.0,75.0,104.0,569.0
480291215013,3011.0,1921.0,1299.0,455.0,83.0,84.0,1090.0
480291215011,2062.0,1552.0,1053.0,89.0,117.0,293.0,510.0
480291215074,1353.0,845.0,460.0,350.0,0.0,35.0,508.0
480291215071,1060.0,592.0,336.0,49.0,24.0,183.0,468.0
480291215072,1367.0,752.0,639.0,48.0,10.0,55.0,615.0
480291312002,1272.0,533.0,202.0,301.0,30.0,0.0,739.0
480291401002,674.0,44.0,44.0,0.0,0.0,0.0,630.0
480291401001,673.0,217.0,177.0,25.0,5.0,10.0,456.0
480291404004,703.0,151.0,89.0,6.0,0.0,56.0,552.0
480291101002,713.0,459.0,319.0,79.0,0.0,61.0,254.0
480291209022,1709.0,1441.0,1268.0,49.0,49.0,75.0,268.0
480291209021,2035.0,1335.0,854.0,377.0,0.0,104.0,700.0
480291214033,1866.0,1066.0,634.0,331.0,26.0,75.0,800.0
480291214031,2497.0,1361.0,483.0,616.0,150.0,112.0,1136.0
480291216042,1308.0,920.0,614.0,158.0,10.0,138.0,388.0
480291216043,868.0,562.0,325.0,155.0,0.0,82.0,306.0
480291306004,1315.0,449.0,44.0,382.0,0.0,23.0,866.0
480291207022,869.0,510.0,501.0,8.0,0.0,1.0,359.0
480291213003,732.0,632.0,598.0,0.0,34.0,0.0,100.0
480291213001,2998.0,1541.0,594.0,685.0,262.0,0.0,1457.0
480291703004,628.0,31.0,31.0,0.0,0.0,0.0,597.0
480291703002,267.0,0.0,0.0,0.0,0.0,0.0,267.0
480291703006,946.0,0.0,0.0,0.0,0.0,0.0,946.0
480291703005,1679.0,0.0,0.0,0.0,0.0,0.0,1679.0
480291703003,1127.0,233.0,35.0,198.0,0.0,0.0,894.0
480291704024,596.0,0.0,0.0,0.0,0.0,0.0,596.0
480291704021,2193.0,56.0,9.0,47.0,0.0,0.0,2137.0
480291706001,1291.0,105.0,73.0,16.0,0.0,16.0,1186.0
480291706004,894.0,36.0,36.0,0.0,0.0,0.0,858.0
480291706003,1154.0,60.0,60.0,0.0,0.0,0.0,1094.0
480291707003,2595.0,87.0,86.0,0.0,1.0,0.0,2508.0
480291707002,1127.0,0.0,0.0,0.0,0.0,0.0,1127.0
480291212044,1306.0,719.0,537.0,48.0,120.0,14.0,587.0
480291212043,1031.0,941.0,411.0,406.0,110.0,14.0,90.0
480291404001,936.0,40.0,40.0,0.0,0.0,0.0,896.0
480291404002,1119.0,278.0,184.0,20.0,0.0,74.0,841.0
480291504003,2845.0,24.0,24.0,0.0,0.0,0.0,2821.0
480291215052,745.0,300.0,270.0,30.0,0.0,0.0,445.0
480291403002,1228.0,145.0,124.0,0.0,0.0,21.0,1083.0
480291403003,1235.0,54.0,35.0,0.0,0.0,19.0,1181.0
480291520001,2993.0,573.0,352.0,184.0,21.0,16.0,2420.0
480291701011,846.0,10.0,0.0,10.0,0.0,0.0,836.0
480291701012,1518.0,30.0,0.0,30.0,0.0,0.0,1488.0
480291718022,1191.0,257.0,143.0,114.0,0.0,0.0,934.0
480291718025,804.0,91.0,91.0,0.0,0.0,0.0,713.0
480291718023,1551.0,317.0,80.0,201.0,34.0,2.0,1234.0
480291408004,881.0,43.0,43.0,0.0,0.0,0.0,838.0
480291408001,1335.0,135.0,134.0,1.0,0.0,0.0,1200.0
480291408005,1497.0,168.0,136.0,32.0,0.0,0.0,1329.0
480291408003,423.0,74.0,74.0,0.0,0.0,0.0,349.0
480291408002,1356.0,95.0,79.0,0.0,0.0,16.0,1261.0
480291505023,1004.0,34.0,32.0,2.0,0.0,0.0,970.0
480291505022,1250.0,0.0,0.0,0.0,0.0,0.0,1250.0
480291505021,1171.0,42.0,42.0,0.0,0.0,0.0,1129.0
480291507006,359.0,36.0,36.0,0.0,0.0,0.0,323.0
480291507001,923.0,0.0,0.0,0.0,0.0,0.0,923.0
480291507003,1560.0,12.0,12.0,0.0,0.0,0.0,1548.0
480291601004,2448.0,44.0,44.0,0.0,0.0,0.0,2404.0
480291601003,1631.0,0.0,0.0,0.0,0.0,0.0,1631.0
480291601001,1320.0,47.0,47.0,0.0,0.0,0.0,1273.0
480291813023,2003.0,865.0,609.0,243.0,0.0,13.0,1138.0
480291809021,1093.0,189.0,124.0,47.0,0.0,18.0,904.0
480291809023,1556.0,219.0,219.0,0.0,0.0,0.0,1337.0
480291809022,1264.0,126.0,55.0,38.0,0.0,33.0,1138.0
480291809025,1979.0,317.0,317.0,0.0,0.0,0.0,1662.0
480291810031,1931.0,1139.0,684.0,253.0,147.0,55.0,792.0
480291810051,1875.0,840.0,477.0,274.0,0.0,89.0,1035.0
480291810052,552.0,230.0,171.0,41.0,8.0,10.0,322.0
480291815061,508.0,216.0,174.0,0.0,42.0,0.0,292.0
480291815062,1531.0,587.0,460.0,112.0,15.0,0.0,944.0
480291817151,1078.0,460.0,410.0,24.0,0.0,26.0,618.0
480291203002,569.0,438.0,438.0,0.0,0.0,0.0,131.0
480291203003,1377.0,982.0,641.0,180.0,13.0,148.0,395.0
480291203005,1085.0,1061.0,1034.0,0.0,27.0,0.0,24.0
480291205013,1414.0,618.0,534.0,72.0,12.0,0.0,796.0
480291205015,1365.0,791.0,633.0,63.0,95.0,0.0,574.0
480291205012,1578.0,939.0,289.0,500.0,150.0,0.0,639.0
480291205014,1589.0,821.0,296.0,396.0,56.0,73.0,768.0
480291211152,2660.0,1648.0,1594.0,0.0,0.0,54.0,1012.0
480291211153,1488.0,1223.0,1104.0,117.0,0.0,2.0,265.0
480291211172,1290.0,935.0,910.0,6.0,13.0,6.0,355.0
480291211171,1760.0,1035.0,861.0,60.0,83.0,31.0,725.0
480291720021,5409.0,3244.0,2175.0,669.0,99.0,301.0,2165.0
480291817031,3099.0,1693.0,1483.0,65.0,109.0,36.0,1406.0
480291817032,2278.0,1167.0,891.0,46.0,32.0,198.0,1111.0
480291803003,1572.0,81.0,52.0,29.0,0.0,0.0,1491.0
480291803001,1052.0,79.0,32.0,40.0,0.0,7.0,973.0
480291803002,1436.0,423.0,361.0,49.0,0.0,13.0,1013.0
480291817161,3389.0,504.0,287.0,174.0,0.0,43.0,2885.0
480291910034,921.0,160.0,157.0,3.0,0.0,0.0,761.0
480291910035,822.0,76.0,63.0,13.0,0.0,0.0,746.0
480291910033,1266.0,333.0,220.0,113.0,0.0,0.0,933.0
480291910031,1503.0,414.0,281.0,28.0,0.0,105.0,1089.0
480291910032,4336.0,1146.0,827.0,277.0,0.0,42.0,3190.0
480291214041,1910.0,583.0,432.0,48.0,93.0,10.0,1327.0
480291214042,1784.0,1095.0,122.0,862.0,38.0,73.0,689.0
480291214043,1678.0,733.0,324.0,283.0,16.0,110.0,945.0
480291313001,1499.0,1044.0,384.0,660.0,0.0,0.0,455.0
480291313004,754.0,535.0,106.0,383.0,46.0,0.0,219.0
480291316061,2714.0,1682.0,878.0,466.0,122.0,216.0,1032.0
480291103003,371.0,168.0,91.0,64.0,13.0,0.0,203.0
480291103002,1084.0,201.0,170.0,11.0,20.0,0.0,883.0
480291201001,5289.0,3935.0,2542.0,690.0,189.0,514.0,1354.0
480291206002,916.0,514.0,471.0,10.0,16.0,17.0,402.0
480291206003,669.0,440.0,399.0,15.0,0.0,26.0,229.0
480291206006,459.0,342.0,342.0,0.0,0.0,0.0,117.0
480291206005,956.0,867.0,866.0,1.0,0.0,0.0,89.0
480291517003,1533.0,373.0,373.0,0.0,0.0,0.0,1160.0
480291517002,1594.0,375.0,352.0,0.0,0.0,23.0,1219.0
480291517001,2048.0,489.0,489.0,0.0,0.0,0.0,1559.0
480291607013,945.0,11.0,11.0,0.0,0.0,0.0,934.0
480291306001,877.0,345.0,0.0,345.0,0.0,0.0,532.0
480291306003,994.0,469.0,164.0,305.0,0.0,0.0,525.0
480291306002,859.0,241.0,13.0,228.0,0.0,0.0,618.0
480291402003,788.0,60.0,16.0,28.0,0.0,16.0,728.0
480291402002,729.0,212.0,212.0,0.0,0.0,0.0,517.0
480291402001,618.0,153.0,153.0,0.0,0.0,0.0,465.0
480291402004,816.0,37.0,37.0,0.0,0.0,0.0,779.0
480291309001,2490.0,1415.0,116.0,1158.0,110.0,31.0,1075.0
480291717004,2449.0,636.0,362.0,34.0,74.0,166.0,1813.0
480291719035,1692.0,225.0,190.0,35.0,0.0,0.0,1467.0
480291717006,1356.0,17.0,2.0,15.0,0.0,0.0,1339.0
480291719032,929.0,218.0,70.0,133.0,0.0,15.0,711.0
480291719034,1120.0,185.0,185.0,0.0,0.0,0.0,935.0
480291509002,802.0,106.0,106.0,0.0,0.0,0.0,696.0
480291509001,1520.0,111.0,104.0,7.0,0.0,0.0,1409.0
480291509005,1767.0,257.0,248.0,0.0,0.0,9.0,1510.0
480291705003,1099.0,272.0,268.0,0.0,0.0,4.0,827.0
480291705004,1055.0,87.0,87.0,0.0,0.0,0.0,968.0
480291705002,1267.0,210.0,183.0,12.0,15.0,0.0,1057.0
480291805042,3025.0,126.0,114.0,0.0,12.0,0.0,2899.0
480291205025,1036.0,535.0,129.0,242.0,115.0,49.0,501.0
480291205023,419.0,179.0,122.0,57.0,0.0,0.0,240.0
480291205026,991.0,406.0,245.0,54.0,0.0,107.0,585.0
480291205024,875.0,289.0,224.0,55.0,0.0,10.0,586.0
480291207012,1380.0,334.0,242.0,27.0,65.0,0.0,1046.0
480291207011,1072.0,363.0,363.0,0.0,0.0,0.0,709.0
480291302002,700.0,293.0,23.0,270.0,0.0,0.0,407.0
480291410003,1694.0,114.0,88.0,26.0,0.0,0.0,1580.0
480291410002,1264.0,346.0,112.0,173.0,0.0,61.0,918.0
480291516001,2161.0,231.0,203.0,17.0,0.0,11.0,1930.0
480291516004,1546.0,96.0,78.0,0.0,18.0,0.0,1450.0
480291516002,918.0,226.0,226.0,0.0,0.0,0.0,692.0
480291817051,1885.0,1018.0,695.0,298.0,25.0,0.0,867.0
480291817052,1706.0,710.0,338.0,81.0,247.0,44.0,996.0
480291512002,2974.0,475.0,403.0,66.0,4.0,2.0,2499.0
480291606001,1303.0,30.0,28.0,0.0,2.0,0.0,1273.0
480291606003,2451.0,21.0,21.0,0.0,0.0,0.0,2430.0
480291419003,1407.0,759.0,684.0,27.0,0.0,48.0,648.0
480291419002,1662.0,1240.0,1163.0,14.0,13.0,50.0,422.0
480291515003,1134.0,125.0,95.0,0.0,0.0,30.0,1009.0
480291515002,981.0,87.0,87.0,0.0,0.0,0.0,894.0
480291603003,666.0,37.0,37.0,0.0,0.0,0.0,629.0
480291603002,1044.0,71.0,38.0,0.0,33.0,0.0,973.0
480291603005,1600.0,75.0,75.0,0.0,0.0,0.0,1525.0
480291612001,730.0,303.0,248.0,22.0,10.0,23.0,427.0
480291612002,2198.0,130.0,74.0,44.0,0.0,12.0,2068.0
480291804003,754.0,58.0,37.0,0.0,0.0,21.0,696.0
480291804001,1929.0,148.0,100.0,20.0,0.0,28.0,1781.0
480291807012,2671.0,1418.0,784.0,356.0,278.0,0.0,1253.0
480291811004,923.0,435.0,355.0,0.0,61.0,19.0,488.0
480291811002,924.0,640.0,568.0,0.0,0.0,72.0,284.0
480291811003,2829.0,1169.0,972.0,0.0,143.0,54.0,1660.0
480291909015,1284.0,722.0,690.0,12.0,20.0,0.0,562.0
480291909013,367.0,91.0,91.0,0.0,0.0,0.0,276.0
480291809014,1188.0,193.0,193.0,0.0,0.0,0.0,995.0
480291813031,1960.0,927.0,763.0,7.0,157.0,0.0,1033.0
480291815041,2049.0,1091.0,521.0,371.0,95.0,104.0,958.0
480291815042,2632.0,1559.0,593.0,623.0,254.0,89.0,1073.0
480291816012,2351.0,577.0,486.0,77.0,0.0,14.0,1774.0
480291906011,1737.0,200.0,200.0,0.0,0.0,0.0,1537.0
480291818091,1330.0,809.0,651.0,48.0,69.0,41.0,521.0
480291818092,2281.0,704.0,246.0,342.0,75.0,41.0,1577.0
480291818094,1432.0,579.0,325.0,98.0,109.0,47.0,853.0
480291906013,973.0,7.0,7.0,0.0,0.0,0.0,966.0
480291910041,1656.0,300.0,125.0,59.0,42.0,74.0,1356.0
480291910043,849.0,138.0,33.0,14.0,91.0,0.0,711.0
480291813022,2394.0,1139.0,956.0,79.0,58.0,46.0,1255.0
480291212063,786.0,495.0,495.0,0.0,0.0,0.0,291.0
480291212061,1294.0,1008.0,910.0,81.0,0.0,17.0,286.0
480291212065,2299.0,957.0,274.0,683.0,0.0,0.0,1342.0
480291212062,1193.0,874.0,736.0,23.0,0.0,115.0,319.0
480291214022,1233.0,423.0,205.0,205.0,0.0,13.0,810.0
480291214021,6269.0,2286.0,769.0,978.0,471.0,68.0,3983.0
480291218031,1622.0,910.0,742.0,83.0,25.0,60.0,712.0
480291218032,698.0,410.0,315.0,95.0,0.0,0.0,288.0
480291218033,2202.0,1012.0,674.0,279.0,10.0,49.0,1190.0
480291218041,2224.0,1247.0,1159.0,0.0,59.0,29.0,977.0
480291218042,3031.0,1540.0,1233.0,226.0,40.0,41.0,1491.0
480291218043,1854.0,890.0,671.0,167.0,52.0,0.0,964.0
480291308001,3064.0,2093.0,192.0,1790.0,0.0,111.0,971.0
480291308004,1543.0,134.0,3.0,130.0,0.0,1.0,1409.0
480291308002,795.0,607.0,20.0,554.0,0.0,33.0,188.0
480291308003,509.0,401.0,53.0,333.0,0.0,15.0,108.0
480291311003,902.0,290.0,12.0,242.0,0.0,36.0,612.0
480291311002,929.0,317.0,3.0,305.0,0.0,9.0,612.0
480291602002,1009.0,23.0,23.0,0.0,0.0,0.0,986.0
480291817134,1793.0,533.0,442.0,89.0,0.0,2.0,1260.0
480291817132,1858.0,554.0,308.0,231.0,0.0,15.0,1304.0
480291817133,1878.0,891.0,844.0,18.0,15.0,14.0,987.0
480291815054,1399.0,443.0,363.0,50.0,23.0,7.0,956.0
480291815053,1067.0,592.0,532.0,24.0,36.0,0.0,475.0
480291815051,849.0,463.0,463.0,0.0,0.0,0.0,386.0
480291817042,1476.0,301.0,293.0,8.0,0.0,0.0,1175.0
480291817044,997.0,173.0,91.0,82.0,0.0,0.0,824.0
480291817111,3392.0,1026.0,796.0,0.0,205.0,25.0,2366.0
480291907002,701.0,330.0,285.0,43.0,0.0,2.0,371.0
480291907003,1389.0,123.0,76.0,47.0,0.0,0.0,1266.0
480291607011,1538.0,10.0,10.0,0.0,0.0,0.0,1528.0
480291607012,1319.0,23.0,23.0,0.0,0.0,0.0,1296.0
480291718011,1244.0,366.0,310.0,25.0,31.0,0.0,878.0
480291718013,1351.0,335.0,239.0,38.0,0.0,58.0,1016.0
480291718014,1006.0,94.0,94.0,0.0,0.0,0.0,912.0
480291718012,2016.0,392.0,263.0,0.0,121.0,8.0,1624.0
480291802013,2243.0,220.0,157.0,54.0,0.0,9.0,2023.0
480291802012,842.0,91.0,79.0,0.0,0.0,12.0,751.0
480291802014,1261.0,187.0,187.0,0.0,0.0,0.0,1074.0
480291802011,696.0,110.0,90.0,4.0,16.0,0.0,586.0
480291812001,589.0,352.0,352.0,0.0,0.0,0.0,237.0
480291812004,1495.0,672.0,474.0,108.0,72.0,18.0,823.0
480291812002,824.0,614.0,528.0,43.0,43.0,0.0,210.0
480291812005,1123.0,404.0,360.0,0.0,44.0,0.0,719.0
480291514004,918.0,69.0,69.0,0.0,0.0,0.0,849.0
480291511003,801.0,0.0,0.0,0.0,0.0,0.0,801.0
480291511001,1014.0,533.0,485.0,39.0,0.0,9.0,481.0
480291514001,963.0,296.0,296.0,0.0,0.0,0.0,667.0
480291514002,1548.0,74.0,74.0,0.0,0.0,0.0,1474.0
480291905012,1594.0,128.0,128.0,0.0,0.0,0.0,1466.0
480291905013,1046.0,76.0,68.0,8.0,0.0,0.0,970.0
480291905011,961.0,52.0,52.0,0.0,0.0,0.0,909.0
480291908001,842.0,641.0,548.0,80.0,0.0,13.0,201.0
480291908002,1157.0,1012.0,1002.0,7.0,0.0,3.0,145.0
480291909011,1291.0,204.0,141.0,63.0,0.0,0.0,1087.0
480291909012,2428.0,540.0,294.0,0.0,173.0,73.0,1888.0
480291909021,1765.0,620.0,422.0,123.0,0.0,75.0,1145.0
480291909023,678.0,298.0,277.0,6.0,8.0,7.0,380.0
480291810012,1826.0,665.0,550.0,42.0,42.0,31.0,1161.0
480291810042,3009.0,1439.0,832.0,350.0,168.0,89.0,1570.0
480291810041,2299.0,1055.0,812.0,88.0,64.0,91.0,1244.0
480291901004,1072.0,50.0,45.0,5.0,0.0,0.0,1022.0
480291901003,1050.0,177.0,177.0,0.0,0.0,0.0,873.0
480291901002,940.0,164.0,113.0,51.0,0.0,0.0,776.0
480291719021,2151.0,832.0,774.0,20.0,0.0,38.0,1319.0
480291311001,621.0,324.0,18.0,306.0,0.0,0.0,297.0
480291203008,672.0,408.0,387.0,0.0,21.0,0.0,264.0
480291203007,698.0,552.0,552.0,0.0,0.0,0.0,146.0
480291501001,1441.0,321.0,254.0,8.0,38.0,21.0,1120.0
480291501004,1334.0,104.0,96.0,0.0,8.0,0.0,1230.0
480291506004,1285.0,47.0,47.0,0.0,0.0,0.0,1238.0
480291506003,933.0,13.0,0.0,0.0,0.0,13.0,920.0
480291511007,1708.0,47.0,47.0,0.0,0.0,0.0,1661.0
480291511005,1038.0,0.0,0.0,0.0,0.0,0.0,1038.0
480291511004,1351.0,0.0,0.0,0.0,0.0,0.0,1351.0
480291918042,2781.0,2048.0,1873.0,29.0,37.0,109.0,733.0
480291918041,1900.0,1300.0,1243.0,0.0,43.0,14.0,600.0
480291210004,1085.0,417.0,351.0,48.0,0.0,18.0,668.0
480291210003,2843.0,1062.0,915.0,64.0,66.0,17.0,1781.0
480291210005,1463.0,909.0,632.0,105.0,41.0,131.0,554.0
480291210006,1466.0,713.0,557.0,96.0,0.0,60.0,753.0
480291211102,1436.0,875.0,829.0,14.0,25.0,7.0,561.0
480291215062,1002.0,470.0,55.0,410.0,5.0,0.0,532.0
480291215061,1139.0,452.0,344.0,40.0,0.0,68.0,687.0
480291305001,661.0,296.0,11.0,285.0,0.0,0.0,365.0
480291305003,2199.0,858.0,131.0,646.0,0.0,81.0,1341.0
480291305002,855.0,407.0,0.0,390.0,0.0,17.0,448.0
480291305004,1097.0,206.0,37.0,169.0,0.0,0.0,891.0
480291904003,776.0,385.0,382.0,3.0,0.0,0.0,391.0
480291211081,1246.0,790.0,626.0,1.0,19.0,144.0,456.0
480291211083,1999.0,1112.0,1056.0,24.0,32.0,0.0,887.0
480291211084,1016.0,750.0,736.0,0.0,14.0,0.0,266.0
480291207015,1203.0,505.0,505.0,0.0,0.0,0.0,698.0
480291215042,637.0,311.0,164.0,136.0,0.0,11.0,326.0
480291215041,1272.0,1135.0,783.0,319.0,18.0,15.0,137.0
480291503001,1069.0,227.0,136.0,46.0,45.0,0.0,842.0
480291503004,1689.0,92.0,69.0,0.0,23.0,0.0,1597.0
480291503003,851.0,30.0,30.0,0.0,0.0,0.0,821.0
480291602003,1016.0,76.0,64.0,0.0,1.0,11.0,940.0
480291508002,627.0,242.0,132.0,1.0,0.0,109.0,385.0
480291508003,937.0,275.0,168.0,86.0,0.0,21.0,662.0
480291712003,1488.0,34.0,23.0,0.0,5.0,6.0,1454.0
480291418001,1163.0,369.0,353.0,0.0,0.0,16.0,794.0
480291418002,581.0,224.0,199.0,21.0,0.0,4.0,357.0
480291512005,4140.0,468.0,385.0,27.0,0.0,56.0,3672.0
480291512003,1008.0,0.0,0.0,0.0,0.0,0.0,1008.0
480291512001,1183.0,51.0,51.0,0.0,0.0,0.0,1132.0
480291107001,1114.0,207.0,100.0,42.0,5.0,60.0,907.0
480291904001,535.0,290.0,237.0,28.0,15.0,10.0,245.0
480291719121,5161.0,1505.0,981.0,217.0,178.0,129.0,3656.0
480291817122,1582.0,799.0,604.0,96.0,67.0,32.0,783.0
480291816023,1475.0,242.0,16.0,93.0,124.0,9.0,1233.0
480291816021,811.0,226.0,113.0,21.0,0.0,92.0,585.0
480291818081,1625.0,830.0,566.0,209.0,55.0,0.0,795.0
480291821021,1726.0,838.0,655.0,76.0,15.0,92.0,888.0
480291911011,847.0,600.0,582.0,0.0,18.0,0.0,247.0
480291911012,964.0,646.0,592.0,17.0,25.0,12.0,318.0
480291219082,1911.0,1336.0,1146.0,40.0,58.0,92.0,575.0
480291219091,3337.0,1778.0,1336.0,261.0,21.0,160.0,1559.0
480291219092,4615.0,3374.0,1581.0,985.0,241.0,567.0,1241.0
480291219101,6037.0,3787.0,2474.0,205.0,636.0,472.0,2250.0
480291219102,985.0,644.0,395.0,176.0,47.0,26.0,341.0
480291304011,916.0,218.0,13.0,201.0,4.0,0.0,698.0
480291304012,935.0,59.0,31.0,28.0,0.0,0.0,876.0
480291304013,1268.0,111.0,18.0,81.0,0.0,12.0,1157.0
480291304014,850.0,172.0,47.0,125.0,0.0,0.0,678.0
480291304021,1142.0,478.0,145.0,333.0,0.0,0.0,664.0
480291304022,1737.0,310.0,38.0,230.0,0.0,42.0,1427.0
480291304023,1380.0,396.0,0.0,396.0,0.0,0.0,984.0
480291314011,6846.0,2548.0,1588.0,820.0,123.0,17.0,4298.0
480291314012,3746.0,1507.0,486.0,951.0,40.0,30.0,2239.0
480291314021,619.0,295.0,129.0,165.0,1.0,0.0,324.0
480291719182,992.0,335.0,189.0,131.0,0.0,15.0,657.0
480291719184,1784.0,482.0,283.0,16.0,110.0,73.0,1302.0
480291719191,5017.0,1651.0,862.0,580.0,17.0,192.0,3366.0
480291719202,5287.0,1048.0,757.0,240.0,0.0,51.0,4239.0
480291719211,2752.0,817.0,261.0,205.0,44.0,307.0,1935.0
480291719213,1124.0,297.0,246.0,10.0,32.0,9.0,827.0
480291719221,3809.0,936.0,423.0,397.0,10.0,106.0,2873.0
480291719232,1495.0,727.0,538.0,56.0,23.0,110.0,768.0
480291719233,2447.0,819.0,397.0,363.0,0.0,59.0,1628.0
480291719241,4965.0,2307.0,1594.0,262.0,102.0,349.0,2658.0
480291720022,6552.0,2705.0,1279.0,1135.0,182.0,109.0,3847.0
480291719242,2169.0,1146.0,317.0,648.0,79.0,102.0,1023.0
480291719252,2012.0,671.0,389.0,123.0,121.0,38.0,1341.0
480291719254,3135.0,1137.0,687.0,262.0,0.0,188.0,1998.0
480291720031,3411.0,1828.0,1101.0,489.0,76.0,162.0,1583.0
480291720032,2957.0,1118.0,910.0,96.0,70.0,42.0,1839.0
480291720051,4741.0,2125.0,1432.0,340.0,229.0,124.0,2616.0
480291720052,7164.0,4241.0,2413.0,794.0,504.0,530.0,2923.0
480291720062,2249.0,1458.0,1038.0,276.0,67.0,77.0,791.0
480291720063,1958.0,749.0,513.0,159.0,77.0,0.0,1209.0
480291720072,2368.0,1191.0,966.0,115.0,56.0,54.0,1177.0
480291720073,4807.0,2189.0,1765.0,335.0,60.0,29.0,2618.0
480291801012,1355.0,233.0,215.0,18.0,0.0,0.0,1122.0
480291315031,991.0,636.0,483.0,57.0,96.0,0.0,355.0
480291315032,853.0,539.0,471.0,68.0,0.0,0.0,314.0
480291315041,1392.0,513.0,110.0,360.0,43.0,0.0,879.0
480291315042,1206.0,468.0,199.0,123.0,35.0,111.0,738.0
480291315051,2445.0,965.0,347.0,471.0,34.0,113.0,1480.0
480291315052,2812.0,1451.0,172.0,1203.0,20.0,56.0,1361.0
480291315062,2567.0,1333.0,401.0,582.0,95.0,255.0,1234.0
480291316081,2611.0,1321.0,495.0,735.0,0.0,91.0,1290.0
480291315071,3141.0,1008.0,448.0,522.0,11.0,27.0,2133.0
480291315073,2526.0,987.0,253.0,578.0,0.0,156.0,1539.0
480291316012,3484.0,2280.0,1238.0,453.0,24.0,565.0,1204.0
480291316082,3350.0,2303.0,519.0,1494.0,134.0,156.0,1047.0
480291316092,1956.0,1117.0,506.0,585.0,3.0,23.0,839.0
480291316093,3026.0,1981.0,812.0,531.0,338.0,300.0,1045.0
480291316102,2402.0,1484.0,252.0,1064.0,101.0,67.0,918.0
480291316111,1050.0,746.0,324.0,297.0,91.0,34.0,304.0
480291316131,1544.0,1104.0,502.0,546.0,36.0,20.0,440.0
480291316132,2856.0,1348.0,584.0,532.0,123.0,109.0,1508.0
480291316142,439.0,349.0,72.0,226.0,30.0,21.0,90.0
480291316151,2947.0,2154.0,630.0,1428.0,75.0,21.0,793.0
480291316153,1679.0,384.0,268.0,102.0,14.0,0.0,1295.0
480291316154,1445.0,576.0,121.0,400.0,13.0,42.0,869.0
480291318012,678.0,589.0,574.0,0.0,0.0,15.0,89.0
480291318021,1974.0,1116.0,813.0,268.0,0.0,35.0,858.0
480291318023,2007.0,1173.0,1034.0,135.0,0.0,4.0,834.0
480291411011,1355.0,431.0,249.0,177.0,5.0,0.0,924.0
480291411013,1489.0,224.0,141.0,83.0,0.0,0.0,1265.0
480291411021,1164.0,184.0,116.0,68.0,0.0,0.0,980.0
480291411023,1652.0,473.0,310.0,163.0,0.0,0.0,1179.0
480291414022,1790.0,247.0,158.0,36.0,53.0,0.0,1543.0
480291414032,2675.0,922.0,743.0,131.0,42.0,6.0,1753.0
480291414041,2552.0,493.0,223.0,177.0,93.0,0.0,2059.0
480291414043,1017.0,460.0,324.0,101.0,0.0,35.0,557.0
480291416002,2075.0,183.0,114.0,34.0,35.0,0.0,1892.0
480291513011,823.0,9.0,9.0,0.0,0.0,0.0,814.0
480291513012,1037.0,108.0,108.0,0.0,0.0,0.0,929.0
480291513013,1290.0,29.0,29.0,0.0,0.0,0.0,1261.0
480291513014,2489.0,225.0,225.0,0.0,0.0,0.0,2264.0
480291513021,1841.0,184.0,184.0,0.0,0.0,0.0,1657.0
480291513022,1782.0,150.0,150.0,0.0,0.0,0.0,1632.0
480291521003,828.0,303.0,229.0,10.0,64.0,0.0,525.0
480291521004,1884.0,520.0,368.0,122.0,18.0,12.0,1364.0
480291522011,3337.0,926.0,693.0,0.0,0.0,233.0,2411.0
480291522012,2670.0,230.0,230.0,0.0,0.0,0.0,2440.0
480291522013,1588.0,326.0,271.0,0.0,33.0,22.0,1262.0
480291522021,3714.0,611.0,444.0,156.0,0.0,11.0,3103.0
480291605011,2416.0,33.0,0.0,0.0,33.0,0.0,2383.0
480291605012,1022.0,156.0,131.0,25.0,0.0,0.0,866.0
480291605021,566.0,0.0,0.0,0.0,0.0,0.0,566.0
480291609013,1212.0,52.0,39.0,6.0,0.0,7.0,1160.0
480291605022,1148.0,9.0,7.0,0.0,1.0,1.0,1139.0
480291605024,1596.0,72.0,54.0,18.0,0.0,0.0,1524.0
480291609011,881.0,34.0,28.0,6.0,0.0,0.0,847.0
480291609021,2152.0,113.0,97.0,16.0,0.0,0.0,2039.0
480291609023,1485.0,25.0,23.0,0.0,1.0,1.0,1460.0
480291613022,1970.0,166.0,35.0,92.0,9.0,30.0,1804.0
480291613032,2472.0,87.0,51.0,36.0,0.0,0.0,2385.0
480291613041,2087.0,151.0,118.0,0.0,0.0,33.0,1936.0
480291614001,6454.0,5165.0,2945.0,1097.0,280.0,843.0,1289.0
480291615031,2277.0,558.0,381.0,151.0,8.0,18.0,1719.0
480291615033,1273.0,60.0,53.0,0.0,7.0,0.0,1213.0
480291615041,1681.0,342.0,159.0,126.0,57.0,0.0,1339.0
480291618011,3455.0,1063.0,617.0,397.0,0.0,49.0,2392.0
480291618012,1003.0,77.0,13.0,45.0,0.0,19.0,926.0
480291618022,3950.0,670.0,397.0,261.0,6.0,6.0,3280.0
480291619011,1109.0,159.0,159.0,0.0,0.0,0.0,950.0
480291619022,3580.0,935.0,906.0,22.0,0.0,7.0,2645.0
480291619023,5411.0,2253.0,1646.0,527.0,39.0,41.0,3158.0
480291620032,1546.0,417.0,371.0,3.0,0.0,43.0,1129.0
480291620033,1372.0,474.0,379.0,73.0,14.0,8.0,898.0
480291620042,2372.0,481.0,401.0,42.0,0.0,38.0,1891.0
480291713011,837.0,32.0,13.0,0.0,0.0,19.0,805.0
480291713021,2212.0,529.0,362.0,62.0,78.0,27.0,1683.0
480291713022,804.0,90.0,61.0,29.0,0.0,0.0,714.0
480291716011,2128.0,8.0,8.0,0.0,0.0,0.0,2120.0
480291716013,1210.0,32.0,0.0,32.0,0.0,0.0,1178.0
480291716021,2658.0,403.0,136.0,243.0,12.0,12.0,2255.0
480291719022,4637.0,1081.0,734.0,75.0,106.0,166.0,3556.0
480291719023,7876.0,2228.0,923.0,1230.0,39.0,36.0,5648.0
480291719131,4746.0,1415.0,513.0,699.0,113.0,90.0,3331.0
480291719132,1657.0,323.0,267.0,56.0,0.0,0.0,1334.0
480291719142,2047.0,594.0,339.0,187.0,14.0,54.0,1453.0
480291719143,2031.0,535.0,496.0,29.0,0.0,10.0,1496.0
480291719161,3625.0,1524.0,1251.0,153.0,23.0,97.0,2101.0
480291719162,1869.0,751.0,443.0,308.0,0.0,0.0,1118.0
480291719171,4034.0,2012.0,1059.0,343.0,509.0,101.0,2022.0
480291719172,5515.0,1704.0,752.0,397.0,258.0,297.0,3811.0
480291215053,2063.0,1411.0,614.0,544.0,148.0,105.0,652.0
480291216051,1353.0,1127.0,955.0,85.0,30.0,57.0,226.0
480291216052,680.0,329.0,312.0,8.0,9.0,0.0,351.0
480291216062,2633.0,1678.0,919.0,253.0,118.0,388.0,955.0
480291216063,1034.0,920.0,779.0,64.0,62.0,15.0,114.0
480291217011,1508.0,895.0,839.0,28.0,18.0,10.0,613.0
480291217012,811.0,602.0,568.0,19.0,0.0,15.0,209.0
480291217014,1221.0,551.0,359.0,78.0,101.0,13.0,670.0
480291217021,3477.0,2332.0,1702.0,64.0,377.0,189.0,1145.0
480291217023,2855.0,2006.0,1577.0,231.0,78.0,120.0,849.0
480291218081,727.0,386.0,273.0,113.0,0.0,0.0,341.0
480291218091,1041.0,738.0,623.0,61.0,27.0,27.0,303.0
480291218092,2298.0,1232.0,971.0,68.0,113.0,80.0,1066.0
480291218101,3426.0,2077.0,1496.0,408.0,30.0,143.0,1349.0
480291218102,1430.0,788.0,593.0,129.0,41.0,25.0,642.0
480291218112,1108.0,544.0,485.0,33.0,26.0,0.0,564.0
480291218121,4193.0,2127.0,1441.0,567.0,0.0,119.0,2066.0
480291219032,3367.0,2566.0,2027.0,231.0,74.0,234.0,801.0
480291218123,595.0,414.0,387.0,16.0,4.0,7.0,181.0
480291218124,628.0,495.0,473.0,22.0,0.0,0.0,133.0
480291219031,2382.0,1513.0,1396.0,42.0,38.0,37.0,869.0
480291219042,2193.0,1744.0,1568.0,74.0,71.0,31.0,449.0
480291219051,1936.0,1337.0,1202.0,30.0,47.0,58.0,599.0
480291219061,2893.0,1862.0,1449.0,13.0,242.0,158.0,1031.0
480291219062,2564.0,1681.0,1489.0,103.0,50.0,39.0,883.0
480291219072,10997.0,6573.0,5148.0,605.0,235.0,585.0,4424.0
480291219081,1823.0,1313.0,1198.0,67.0,20.0,28.0,510.0
480291209024,1628.0,764.0,698.0,54.0,0.0,12.0,864.0
480291211103,1561.0,910.0,627.0,74.0,147.0,62.0,651.0
480291211183,1898.0,1513.0,1438.0,58.0,0.0,17.0,385.0
480291211192,3549.0,1682.0,1383.0,20.0,279.0,0.0,1867.0
480291211193,1960.0,1324.0,1281.0,1.0,42.0,0.0,636.0
480291211202,2199.0,1206.0,1123.0,17.0,33.0,33.0,993.0
480291211211,1734.0,1277.0,944.0,232.0,0.0,101.0,457.0
480291211212,1159.0,840.0,761.0,30.0,12.0,37.0,319.0
480291211221,1756.0,1173.0,1084.0,62.0,0.0,27.0,583.0
480291211222,1578.0,1025.0,800.0,163.0,13.0,49.0,553.0
480291211223,2411.0,1427.0,1266.0,78.0,43.0,40.0,984.0
480291215014,2281.0,1983.0,1301.0,467.0,215.0,0.0,298.0
480291713023,1046.0,218.0,218.0,0.0,0.0,0.0,828.0
480291713024,858.0,121.0,94.0,0.0,0.0,27.0,737.0
480291714012,2816.0,151.0,151.0,0.0,0.0,0.0,2665.0
480291714021,2824.0,109.0,76.0,0.0,33.0,0.0,2715.0
480291714023,2656.0,61.0,11.0,9.0,41.0,0.0,2595.0
480291715011,1279.0,95.0,65.0,30.0,0.0,0.0,1184.0
480291715021,1429.0,38.0,31.0,0.0,5.0,2.0,1391.0
480291715022,840.0,213.0,10.0,203.0,0.0,0.0,627.0
480291715024,1366.0,148.0,66.0,79.0,0.0,3.0,1218.0
480291914121,2412.0,1981.0,1751.0,7.0,116.0,107.0,431.0
480291914131,3024.0,1454.0,1346.0,19.0,0.0,89.0,1570.0
480291914132,3285.0,2334.0,2049.0,65.0,127.0,93.0,951.0
480291915031,2254.0,1274.0,1067.0,41.0,76.0,90.0,980.0
480291915032,1836.0,1129.0,1008.0,0.0,106.0,15.0,707.0
480291915033,1156.0,760.0,706.0,0.0,38.0,16.0,396.0
480291915041,1169.0,1056.0,952.0,0.0,80.0,24.0,113.0
480291915042,1385.0,1029.0,857.0,37.0,97.0,38.0,356.0
480291915051,1006.0,685.0,633.0,0.0,28.0,24.0,321.0
480291915052,1270.0,907.0,726.0,30.0,81.0,70.0,363.0
480291915061,2115.0,1667.0,1549.0,34.0,84.0,0.0,448.0
480291915062,2914.0,1620.0,1108.0,128.0,253.0,131.0,1294.0
480291915063,1497.0,725.0,692.0,13.0,0.0,20.0,772.0
480291917012,715.0,522.0,508.0,0.0,6.0,8.0,193.0
480291917021,3776.0,2639.0,2024.0,456.0,93.0,66.0,1137.0
480291917023,991.0,635.0,621.0,0.0,0.0,14.0,356.0
480291917024,1205.0,1102.0,1098.0,4.0,0.0,0.0,103.0
480291918061,1135.0,907.0,728.0,0.0,25.0,154.0,228.0
480291918062,1521.0,1165.0,1123.0,0.0,25.0,17.0,356.0
480291918071,4018.0,2612.0,2043.0,90.0,377.0,102.0,1406.0
480291918072,2503.0,1414.0,941.0,315.0,109.0,49.0,1089.0
480291918082,1398.0,853.0,659.0,159.0,0.0,35.0,545.0
480291918091,5320.0,3293.0,2545.0,150.0,455.0,143.0,2027.0
480291918101,2742.0,2058.0,1660.0,166.0,192.0,40.0,684.0
480291918102,2097.0,1324.0,935.0,109.0,215.0,65.0,773.0
480291918121,2814.0,2239.0,1573.0,272.0,322.0,72.0,575.0
480291918122,1445.0,833.0,512.0,233.0,78.0,10.0,612.0
480291918132,2344.0,1693.0,1337.0,74.0,254.0,28.0,651.0
480291821062,3882.0,2629.0,2363.0,92.0,15.0,159.0,1253.0
480291905031,1255.0,254.0,245.0,1.0,0.0,8.0,1001.0
480291905033,1792.0,230.0,201.0,9.0,20.0,0.0,1562.0
480291905041,1431.0,589.0,522.0,40.0,2.0,25.0,842.0
480291906031,1542.0,211.0,130.0,12.0,0.0,69.0,1331.0
480291906032,1588.0,212.0,152.0,16.0,44.0,0.0,1376.0
480291906042,1262.0,48.0,48.0,0.0,0.0,0.0,1214.0
480291906043,1495.0,47.0,47.0,0.0,0.0,0.0,1448.0
480291910052,1080.0,169.0,162.0,7.0,0.0,0.0,911.0
480291910061,1075.0,160.0,160.0,0.0,0.0,0.0,915.0
480291910063,1740.0,293.0,63.0,224.0,0.0,6.0,1447.0
480291801014,630.0,243.0,230.0,0.0,8.0,5.0,387.0
480291801015,681.0,240.0,240.0,0.0,0.0,0.0,441.0
480291801021,842.0,362.0,357.0,0.0,5.0,0.0,480.0
480291806044,630.0,172.0,69.0,42.0,49.0,12.0,458.0
480291801022,1076.0,213.0,186.0,13.0,14.0,0.0,863.0
480291806041,2231.0,369.0,302.0,45.0,22.0,0.0,1862.0
480291806042,2080.0,649.0,471.0,162.0,0.0,16.0,1431.0
480291806045,1021.0,269.0,255.0,0.0,14.0,0.0,752.0
480291810033,3993.0,2409.0,1183.0,461.0,247.0,518.0,1584.0
480291813032,2215.0,1537.0,536.0,333.0,594.0,74.0,678.0
480291814032,2683.0,1742.0,860.0,104.0,731.0,47.0,941.0
480291814033,1633.0,1185.0,419.0,84.0,615.0,67.0,448.0
480291814042,1525.0,1224.0,583.0,111.0,259.0,271.0,301.0
480291815032,4546.0,2407.0,1820.0,281.0,133.0,173.0,2139.0
480291817112,2123.0,1009.0,633.0,191.0,166.0,19.0,1114.0
480291817113,3456.0,1677.0,1262.0,29.0,199.0,187.0,1779.0
480291817153,1696.0,233.0,233.0,0.0,0.0,0.0,1463.0
480291817162,1791.0,438.0,332.0,63.0,0.0,43.0,1353.0
480291817163,2542.0,879.0,715.0,53.0,0.0,111.0,1663.0
480291817164,1101.0,140.0,114.0,26.0,0.0,0.0,961.0
480291817183,1783.0,695.0,579.0,95.0,0.0,21.0,1088.0
480291817201,4338.0,2084.0,1599.0,373.0,64.0,48.0,2254.0
480291817202,790.0,376.0,271.0,42.0,57.0,6.0,414.0
480291817211,2202.0,1214.0,1085.0,13.0,89.0,27.0,988.0
480291817212,1685.0,752.0,551.0,108.0,93.0,0.0,933.0
480291817231,1833.0,877.0,636.0,95.0,98.0,48.0,956.0
480291817221,1990.0,606.0,359.0,184.0,50.0,13.0,1384.0
480291817222,1513.0,685.0,585.0,100.0,0.0,0.0,828.0
480291817223,1642.0,781.0,636.0,35.0,0.0,110.0,861.0
480291817232,1035.0,542.0,182.0,140.0,132.0,88.0,493.0
480291817233,2371.0,897.0,719.0,87.0,52.0,39.0,1474.0
480291817241,3319.0,1568.0,901.0,174.0,349.0,144.0,1751.0
480291817242,2514.0,1164.0,964.0,101.0,88.0,11.0,1350.0
480291817251,2485.0,780.0,379.0,364.0,22.0,15.0,1705.0
480291817261,2719.0,845.0,548.0,50.0,156.0,91.0,1874.0
480291817262,4038.0,1555.0,1103.0,335.0,53.0,64.0,2483.0
480291817271,3469.0,876.0,658.0,167.0,5.0,46.0,2593.0
480291817272,788.0,174.0,130.0,36.0,0.0,8.0,614.0
480291817282,5381.0,2219.0,1670.0,301.0,17.0,231.0,3162.0
480291817291,9776.0,4152.0,2820.0,694.0,173.0,465.0,5624.0
480291817302,2803.0,1206.0,831.0,241.0,35.0,99.0,1597.0
480291817311,1419.0,492.0,434.0,0.0,58.0,0.0,927.0
480291817313,2369.0,1069.0,640.0,86.0,29.0,314.0,1300.0
480291817314,1707.0,657.0,595.0,16.0,32.0,14.0,1050.0
480291818131,2386.0,1379.0,801.0,421.0,119.0,38.0,1007.0
480291818133,2962.0,1751.0,1019.0,503.0,177.0,52.0,1211.0
480291818141,3727.0,2136.0,1179.0,195.0,565.0,197.0,1591.0
480291818151,1241.0,670.0,576.0,60.0,34.0,0.0,571.0
480291818152,2085.0,1264.0,948.0,181.0,101.0,34.0,821.0
480291818162,3313.0,1718.0,1306.0,76.0,237.0,99.0,1595.0
480291818171,2309.0,1079.0,655.0,47.0,271.0,106.0,1230.0
480291818181,2390.0,1257.0,897.0,114.0,228.0,18.0,1133.0
480291818182,1977.0,1038.0,586.0,28.0,424.0,0.0,939.0
480291818191,821.0,592.0,294.0,25.0,255.0,18.0,229.0
480291818192,6321.0,3000.0,1831.0,584.0,421.0,164.0,3321.0
480291818202,4833.0,2692.0,1286.0,1062.0,225.0,119.0,2141.0
480291818211,1011.0,502.0,337.0,28.0,92.0,45.0,509.0
480291818221,1345.0,566.0,466.0,12.0,25.0,63.0,779.0
480291818222,1627.0,675.0,608.0,12.0,15.0,40.0,952.0
480291818231,3451.0,1962.0,1019.0,221.0,502.0,220.0,1489.0
480291818241,1307.0,666.0,520.0,140.0,6.0,0.0,641.0
480291912012,1527.0,728.0,716.0,12.0,0.0,0.0,799.0
480291910064,1391.0,30.0,20.0,0.0,0.0,10.0,1361.0
480291912011,1382.0,663.0,565.0,80.0,0.0,18.0,719.0
480291912021,1336.0,612.0,572.0,0.0,0.0,40.0,724.0
480291912022,1850.0,490.0,176.0,192.0,0.0,122.0,1360.0
480291912023,676.0,498.0,498.0,0.0,0.0,0.0,178.0
480291912024,1356.0,674.0,663.0,0.0,11.0,0.0,682.0
480291913031,1779.0,983.0,887.0,38.0,34.0,24.0,796.0
480291913041,835.0,360.0,331.0,0.0,29.0,0.0,475.0
480291913042,1901.0,624.0,278.0,346.0,0.0,0.0,1277.0
480291914062,2166.0,1719.0,1702.0,0.0,0.0,17.0,447.0
480291914063,1920.0,1676.0,1556.0,40.0,32.0,48.0,244.0
480291914082,1047.0,439.0,287.0,65.0,41.0,46.0,608.0
480291914101,1234.0,577.0,325.0,148.0,72.0,32.0,657.0
480291914102,2297.0,859.0,674.0,149.0,0.0,36.0,1438.0
480291914103,1493.0,683.0,286.0,122.0,142.0,133.0,810.0
480291914111,1978.0,1159.0,727.0,162.0,219.0,51.0,819.0
480291914112,2660.0,1738.0,1292.0,326.0,78.0,42.0,922.0
480291818242,2239.0,1070.0,680.0,309.0,20.0,61.0,1169.0
480291818251,1606.0,872.0,709.0,54.0,36.0,73.0,734.0
480291818252,3202.0,2001.0,1237.0,259.0,447.0,58.0,1201.0
480291818261,1892.0,1110.0,824.0,125.0,115.0,46.0,782.0
480291818262,2984.0,1158.0,813.0,15.0,319.0,11.0,1826.0
480291818263,1368.0,690.0,629.0,61.0,0.0,0.0,678.0
480291818264,1730.0,1000.0,671.0,232.0,40.0,57.0,730.0
480291819011,3113.0,1561.0,418.0,496.0,638.0,9.0,1552.0
480291819012,2634.0,1754.0,1432.0,94.0,158.0,70.0,880.0
480291819021,5717.0,4049.0,3191.0,215.0,368.0,275.0,1668.0
480291819022,2714.0,1769.0,1657.0,29.0,16.0,67.0,945.0
480291820011,2368.0,1457.0,1148.0,61.0,238.0,10.0,911.0
480291820012,3493.0,2016.0,1711.0,56.0,191.0,58.0,1477.0
480291820021,5658.0,3658.0,3134.0,116.0,313.0,95.0,2000.0
480291820023,3442.0,2269.0,1436.0,194.0,475.0,164.0,1173.0
480291820032,1531.0,802.0,495.0,95.0,179.0,33.0,729.0
480291821012,2100.0,1813.0,1656.0,0.0,0.0,157.0,287.0
480291821022,2110.0,1676.0,1542.0,26.0,0.0,108.0,434.0
480291821023,4571.0,3203.0,2736.0,186.0,232.0,49.0,1368.0
480291821061,3360.0,1836.0,1546.0,15.0,177.0,98.0,1524.0
480291918142,2413.0,1716.0,1521.0,32.0,98.0,65.0,697.0
480291918151,3027.0,1982.0,1396.0,29.0,424.0,133.0,1045.0
480291918161,1699.0,1308.0,1051.0,49.0,180.0,28.0,391.0
480291918162,1143.0,769.0,659.0,31.0,62.0,17.0,374.0
480291918172,3728.0,2338.0,1632.0,73.0,612.0,21.0,1390.0
480291919001,983.0,469.0,264.0,205.0,0.0,0.0,514.0
480291919003,748.0,338.0,29.0,291.0,0.0,18.0,410.0
480291919004,856.0,194.0,51.0,31.0,0.0,112.0,662.0
480291920001,2170.0,1350.0,1027.0,146.0,88.0,89.0,820.0
480291920002,1302.0,549.0,514.0,0.0,0.0,35.0,753.0
480291920004,492.0,265.0,265.0,0.0,0.0,0.0,227.0
480291920005,302.0,64.0,0.0,64.0,0.0,0.0,238.0
480291921002,979.0,415.0,393.0,8.0,6.0,8.0,564.0
480291922001,1422.0,606.0,216.0,184.0,43.0,163.0,816.0
480291923001,743.0,315.0,271.0,43.0,0.0,1.0,428.0
480291923002,2391.0,1299.0,1062.0,89.0,76.0,72.0,1092.0
480291923003,1049.0,945.0,765.0,0.0,44.0,136.0,104.0
480291923004,824.0,351.0,185.0,141.0,0.0,25.0,473.0
480299800011,0.0,0.0,0.0,0.0,0.0,0.0,0.0
480299800021,0.0,0.0,0.0,0.0,0.0,0.0,0.0
480299800031,1133.0,963.0,760.0,107.0,49.0,47.0,170.0
480299800041,0.0,0.0,0.0,0.0,0.0,0.0,0.0
480299800051,8.0,4.0,4.0,0.0,0.0,0.0,4.0
480299801001,709.0,569.0,458.0,53.0,8.0,50.0,140.0
480291805033,2432.0,63.0,48.0,15.0,0.0,0.0,2369.0
480291704011,1158.0,90.0,39.0,51.0,0.0,0.0,1068.0
480291914081,1905.0,899.0,464.0,255.0,120.0,60.0,1006.0
480291914091,3898.0,1642.0,991.0,381.0,158.0,112.0,2256.0
480291412006,1155.0,183.0,182.0,0.0,1.0,0.0,972.0
480291412003,1169.0,360.0,360.0,0.0,0.0,0.0,809.0
480291501002,1894.0,46.0,46.0,0.0,0.0,0.0,1848.0
480291407002,998.0,250.0,76.0,159.0,0.0,15.0,748.0
480291413002,2992.0,890.0,724.0,149.0,0.0,17.0,2102.0
480291414021,3327.0,886.0,581.0,296.0,0.0,9.0,2441.0
480291806022,2306.0,793.0,531.0,181.0,71.0,10.0,1513.0
480291101003,1691.0,419.0,288.0,78.0,19.0,34.0,1272.0
480291211121,2192.0,1406.0,1004.0,214.0,162.0,26.0,786.0
480291519002,5032.0,1132.0,482.0,35.0,469.0,146.0,3900.0
480291409001,985.0,210.0,196.0,14.0,0.0,0.0,775.0
480291505011,858.0,0.0,0.0,0.0,0.0,0.0,858.0
480291505013,1156.0,0.0,0.0,0.0,0.0,0.0,1156.0
480291110001,1080.0,287.0,180.0,45.0,0.0,62.0,793.0
480291204002,684.0,526.0,485.0,0.0,41.0,0.0,158.0
480291204006,785.0,512.0,509.0,3.0,0.0,0.0,273.0
480291204004,1184.0,1063.0,1017.0,0.0,16.0,30.0,121.0
480291710005,577.0,12.0,0.0,0.0,12.0,0.0,565.0
480291710003,1732.0,23.0,23.0,0.0,0.0,0.0,1709.0
480291717005,1040.0,311.0,106.0,205.0,0.0,0.0,729.0
480291213004,1631.0,1023.0,933.0,0.0,90.0,0.0,608.0
480291215012,2413.0,1268.0,497.0,563.0,171.0,37.0,1145.0
480291215073,1068.0,609.0,292.0,296.0,21.0,0.0,459.0
480291312001,1770.0,1029.0,223.0,799.0,7.0,0.0,741.0
480291404003,960.0,71.0,63.0,0.0,0.0,8.0,889.0
480291101001,698.0,392.0,392.0,0.0,0.0,0.0,306.0
480291209023,1911.0,888.0,337.0,539.0,12.0,0.0,1023.0
480291214032,1316.0,274.0,214.0,12.0,48.0,0.0,1042.0
480291216041,4153.0,3218.0,1758.0,1084.0,69.0,307.0,935.0
480291216044,2332.0,1039.0,722.0,212.0,0.0,105.0,1293.0
480291207023,1126.0,781.0,620.0,0.0,61.0,100.0,345.0
480291213002,1272.0,880.0,647.0,191.0,26.0,16.0,392.0
480291703001,1703.0,206.0,107.0,80.0,19.0,0.0,1497.0
480291704022,1059.0,11.0,11.0,0.0,0.0,0.0,1048.0
480291704023,1175.0,24.0,24.0,0.0,0.0,0.0,1151.0
480291706002,1290.0,17.0,7.0,10.0,0.0,0.0,1273.0
480291707001,1392.0,23.0,23.0,0.0,0.0,0.0,1369.0
480291212041,1891.0,997.0,506.0,349.0,86.0,56.0,894.0
480291212045,1616.0,840.0,313.0,484.0,43.0,0.0,776.0
480291416001,2823.0,329.0,150.0,18.0,8.0,153.0,2494.0
480291215051,2811.0,1804.0,1155.0,458.0,10.0,181.0,1007.0
480291403001,1125.0,66.0,49.0,17.0,0.0,0.0,1059.0
480291701013,1348.0,127.0,45.0,82.0,0.0,0.0,1221.0
480291718021,1280.0,74.0,74.0,0.0,0.0,0.0,1206.0
480291718024,1302.0,191.0,191.0,0.0,0.0,0.0,1111.0
480291507005,1274.0,15.0,15.0,0.0,0.0,0.0,1259.0
480291507002,1597.0,55.0,0.0,44.0,11.0,0.0,1542.0
480291507004,1347.0,22.0,22.0,0.0,0.0,0.0,1325.0
480291601002,1789.0,0.0,0.0,0.0,0.0,0.0,1789.0
480291813021,2160.0,1017.0,698.0,254.0,35.0,30.0,1143.0
480291815063,2271.0,645.0,405.0,89.0,95.0,56.0,1626.0
480291809024,1846.0,304.0,206.0,0.0,0.0,98.0,1542.0
480291810032,1340.0,623.0,555.0,18.0,50.0,0.0,717.0
480291810053,1525.0,700.0,457.0,178.0,23.0,42.0,825.0
480291817152,1393.0,390.0,333.0,39.0,0.0,18.0,1003.0
480291203001,1762.0,1483.0,1483.0,0.0,0.0,0.0,279.0
480291205011,651.0,172.0,120.0,37.0,0.0,15.0,479.0
480291205016,1622.0,580.0,249.0,192.0,139.0,0.0,1042.0
480291205017,1228.0,60.0,60.0,0.0,0.0,0.0,1168.0
480291211151,1243.0,801.0,579.0,175.0,31.0,16.0,442.0
480291211173,1601.0,784.0,709.0,19.0,40.0,16.0,817.0
480291815031,3275.0,1736.0,1495.0,128.0,98.0,15.0,1539.0
480291215082,2184.0,1003.0,371.0,560.0,44.0,28.0,1181.0
480291914054,1292.0,1079.0,957.0,0.0,113.0,9.0,213.0
480291709002,1806.0,101.0,71.0,30.0,0.0,0.0,1705.0
480291615012,748.0,216.0,216.0,0.0,0.0,0.0,532.0
480291615014,1465.0,334.0,334.0,0.0,0.0,0.0,1131.0
480291701023,1583.0,98.0,96.0,1.0,1.0,0.0,1485.0
480291711002,1911.0,41.0,41.0,0.0,0.0,0.0,1870.0
480291807024,988.0,398.0,398.0,0.0,0.0,0.0,590.0
480291807021,1966.0,822.0,449.0,373.0,0.0,0.0,1144.0
480291809013,1280.0,434.0,392.0,30.0,0.0,12.0,846.0
480291108003,599.0,284.0,280.0,0.0,2.0,2.0,315.0
480291211163,1458.0,759.0,656.0,103.0,0.0,0.0,699.0
480291212034,1150.0,241.0,151.0,30.0,47.0,13.0,909.0
480291212033,1071.0,342.0,258.0,36.0,48.0,0.0,729.0
480291817181,2172.0,1514.0,1458.0,16.0,0.0,40.0,658.0
480291902005,1301.0,863.0,794.0,0.0,52.0,17.0,438.0
480291902002,569.0,271.0,158.0,0.0,0.0,113.0,298.0
480291802024,733.0,119.0,70.0,38.0,11.0,0.0,614.0
480291802022,1628.0,295.0,191.0,33.0,24.0,47.0,1333.0
480291805014,1061.0,315.0,247.0,58.0,10.0,0.0,746.0
480291808003,478.0,202.0,188.0,14.0,0.0,0.0,276.0
480291708001,765.0,26.0,26.0,0.0,0.0,0.0,739.0
480291106001,815.0,0.0,0.0,0.0,0.0,0.0,815.0
480291510002,1027.0,42.0,42.0,0.0,0.0,0.0,985.0
480291510003,1268.0,31.0,31.0,0.0,0.0,0.0,1237.0
480291607021,1035.0,66.0,38.0,0.0,0.0,28.0,969.0
480291607022,2126.0,49.0,33.0,0.0,8.0,8.0,2077.0
480291215083,1001.0,391.0,289.0,39.0,53.0,10.0,610.0
480291216011,1341.0,892.0,533.0,199.0,88.0,72.0,449.0
480291218022,2904.0,1912.0,1576.0,138.0,156.0,42.0,992.0
480291303004,1189.0,141.0,14.0,127.0,0.0,0.0,1048.0
480291303003,611.0,193.0,12.0,181.0,0.0,0.0,418.0
480291909014,752.0,250.0,216.0,0.0,10.0,24.0,502.0
480291809011,1061.0,198.0,184.0,0.0,0.0,14.0,863.0
480291815043,428.0,200.0,200.0,0.0,0.0,0.0,228.0
480291816011,989.0,192.0,139.0,53.0,0.0,0.0,797.0
480291818093,1447.0,352.0,275.0,0.0,61.0,16.0,1095.0
480291821011,4205.0,3191.0,2800.0,25.0,331.0,35.0,1014.0
480291906012,1473.0,157.0,113.0,1.0,43.0,0.0,1316.0
480291910042,2026.0,445.0,334.0,73.0,38.0,0.0,1581.0
480291212052,1160.0,613.0,377.0,195.0,41.0,0.0,547.0
480291212064,1066.0,387.0,300.0,87.0,0.0,0.0,679.0
480291212066,1940.0,1007.0,793.0,197.0,0.0,17.0,933.0
480291602001,970.0,16.0,16.0,0.0,0.0,0.0,954.0
480291817131,2301.0,839.0,747.0,60.0,13.0,19.0,1462.0
480291815052,1617.0,491.0,479.0,0.0,12.0,0.0,1126.0
480291817041,1763.0,528.0,386.0,10.0,102.0,30.0,1235.0
480291817043,2161.0,541.0,308.0,164.0,8.0,61.0,1620.0
480291907001,946.0,528.0,475.0,35.0,18.0,0.0,418.0
480291812003,1151.0,875.0,836.0,0.0,19.0,20.0,276.0
480291511006,318.0,26.0,26.0,0.0,0.0,0.0,292.0
480291514003,1660.0,136.0,105.0,31.0,0.0,0.0,1524.0
480291909022,1556.0,469.0,415.0,40.0,7.0,7.0,1087.0
480291810011,1872.0,668.0,638.0,17.0,13.0,0.0,1204.0
480291821031,3004.0,1905.0,1693.0,78.0,32.0,102.0,1099.0
480291901001,739.0,304.0,284.0,7.0,0.0,13.0,435.0
480291817033,2820.0,1315.0,1205.0,0.0,89.0,21.0,1505.0
480291803004,1002.0,67.0,59.0,0.0,0.0,8.0,935.0
480291313003,2307.0,757.0,282.0,287.0,0.0,188.0,1550.0
480291313002,1549.0,655.0,124.0,422.0,0.0,109.0,894.0
480291103001,1568.0,558.0,245.0,277.0,0.0,36.0,1010.0
480291206007,747.0,456.0,306.0,150.0,0.0,0.0,291.0
480291206004,1153.0,880.0,756.0,67.0,24.0,33.0,273.0
480291206001,989.0,766.0,636.0,34.0,83.0,13.0,223.0
480291517005,1300.0,116.0,116.0,0.0,0.0,0.0,1184.0
480291517004,848.0,11.0,11.0,0.0,0.0,0.0,837.0
480291719031,1665.0,227.0,91.0,136.0,0.0,0.0,1438.0
480291717002,1199.0,206.0,206.0,0.0,0.0,0.0,993.0
480291719033,1698.0,257.0,218.0,39.0,0.0,0.0,1441.0
480291509004,918.0,68.0,68.0,0.0,0.0,0.0,850.0
480291509003,1775.0,225.0,163.0,25.0,0.0,37.0,1550.0
480291705001,1466.0,165.0,148.0,17.0,0.0,0.0,1301.0
480291805041,1679.0,144.0,98.0,46.0,0.0,0.0,1535.0
480291205022,544.0,97.0,87.0,0.0,0.0,10.0,447.0
480291205021,1688.0,294.0,167.0,27.0,15.0,85.0,1394.0
480291207014,997.0,740.0,730.0,10.0,0.0,0.0,257.0
480291302001,1069.0,285.0,43.0,152.0,14.0,76.0,784.0
480291410001,591.0,56.0,56.0,0.0,0.0,0.0,535.0
480291516005,761.0,90.0,90.0,0.0,0.0,0.0,671.0
480291516003,2568.0,397.0,396.0,0.0,1.0,0.0,2171.0
480291817053,2189.0,1015.0,479.0,214.0,281.0,41.0,1174.0
480291606002,1534.0,0.0,0.0,0.0,0.0,0.0,1534.0
480291419001,1700.0,1227.0,1173.0,46.0,0.0,8.0,473.0
480291515001,729.0,217.0,50.0,167.0,0.0,0.0,512.0
480291603001,959.0,12.0,12.0,0.0,0.0,0.0,947.0
480291603004,1080.0,33.0,33.0,0.0,0.0,0.0,1047.0
480291613021,3990.0,556.0,268.0,286.0,0.0,2.0,3434.0
480291804002,2078.0,188.0,78.0,97.0,7.0,6.0,1890.0
480291807011,1357.0,603.0,564.0,33.0,6.0,0.0,754.0
480291811001,1564.0,962.0,833.0,111.0,0.0,18.0,602.0
480291211082,1942.0,1115.0,790.0,211.0,80.0,34.0,827.0
480291203004,1034.0,789.0,775.0,14.0,0.0,0.0,245.0
480291203006,996.0,671.0,575.0,22.0,0.0,74.0,325.0
480291506002,1267.0,50.0,31.0,0.0,0.0,19.0,1217.0
480291506001,1349.0,296.0,296.0,0.0,0.0,0.0,1053.0
480291511002,1491.0,99.0,48.0,0.0,51.0,0.0,1392.0
480291105001,2388.0,220.0,59.0,69.0,92.0,0.0,2168.0
480291210002,811.0,463.0,418.0,45.0,0.0,0.0,348.0
480291210001,534.0,226.0,212.0,0.0,14.0,0.0,308.0
480291211101,2090.0,1349.0,1161.0,120.0,19.0,49.0,741.0
480291215063,1406.0,384.0,268.0,106.0,0.0,10.0,1022.0
480291315033,1119.0,773.0,550.0,223.0,0.0,0.0,346.0
480291315043,2317.0,825.0,563.0,199.0,26.0,37.0,1492.0
480291315061,1062.0,433.0,215.0,218.0,0.0,0.0,629.0
480291315072,1091.0,561.0,300.0,215.0,17.0,29.0,530.0
480291316062,3248.0,1983.0,904.0,806.0,51.0,222.0,1265.0
480291316091,2743.0,1416.0,508.0,605.0,21.0,282.0,1327.0
480291316101,2930.0,1564.0,830.0,513.0,41.0,180.0,1366.0
480291316121,1987.0,974.0,398.0,530.0,8.0,38.0,1013.0
480291316141,3999.0,2521.0,753.0,1744.0,0.0,24.0,1478.0
480291316152,2045.0,1337.0,584.0,582.0,28.0,143.0,708.0
480291318011,1433.0,1267.0,1238.0,0.0,0.0,29.0,166.0
480291318022,575.0,452.0,452.0,0.0,0.0,0.0,123.0
480291411012,1536.0,305.0,169.0,112.0,0.0,24.0,1231.0
480291522022,1427.0,368.0,359.0,0.0,0.0,9.0,1059.0
480291411022,436.0,92.0,67.0,25.0,0.0,0.0,344.0
480291414031,1968.0,534.0,534.0,0.0,0.0,0.0,1434.0
480291414042,2128.0,260.0,240.0,20.0,0.0,0.0,1868.0
480291605013,1106.0,131.0,131.0,0.0,0.0,0.0,975.0
480291605023,990.0,27.0,27.0,0.0,0.0,0.0,963.0
480291609012,913.0,0.0,0.0,0.0,0.0,0.0,913.0
480291609022,1552.0,39.0,26.0,0.0,0.0,13.0,1513.0
480291613031,2430.0,256.0,102.0,144.0,0.0,10.0,2174.0
480291613042,2659.0,95.0,95.0,0.0,0.0,0.0,2564.0
480291615032,1520.0,132.0,22.0,70.0,9.0,31.0,1388.0
480291615042,3042.0,337.0,220.0,38.0,6.0,73.0,2705.0
480291618021,6270.0,1843.0,1382.0,146.0,70.0,245.0,4427.0
480291619021,1454.0,53.0,53.0,0.0,0.0,0.0,1401.0
480291620031,2313.0,264.0,223.0,41.0,0.0,0.0,2049.0
480291620041,1480.0,191.0,191.0,0.0,0.0,0.0,1289.0
480291713012,1950.0,154.0,145.0,0.0,9.0,0.0,1796.0
480291716012,925.0,59.0,52.0,7.0,0.0,0.0,866.0
480291716022,874.0,0.0,0.0,0.0,0.0,0.0,874.0
480291719122,2439.0,788.0,615.0,128.0,7.0,38.0,1651.0
480291719141,1453.0,507.0,374.0,123.0,10.0,0.0,946.0
480291719151,2240.0,723.0,403.0,282.0,18.0,20.0,1517.0
480291719163,3361.0,1424.0,887.0,265.0,70.0,202.0,1937.0
480291719181,1111.0,608.0,489.0,82.0,19.0,18.0,503.0
480291215044,3434.0,1635.0,916.0,599.0,90.0,30.0,1799.0
480291215064,1082.0,675.0,470.0,139.0,47.0,19.0,407.0
480291216061,638.0,305.0,291.0,0.0,14.0,0.0,333.0
480291216064,653.0,367.0,299.0,40.0,0.0,28.0,286.0
480291217013,651.0,466.0,399.0,44.0,10.0,13.0,185.0
480291217022,1040.0,744.0,540.0,20.0,120.0,64.0,296.0
480291218082,2709.0,1636.0,1469.0,53.0,48.0,66.0,1073.0
480291218093,1839.0,1076.0,789.0,168.0,48.0,71.0,763.0
480291218111,4178.0,2466.0,1896.0,268.0,219.0,83.0,1712.0
480291218122,1389.0,972.0,921.0,0.0,20.0,31.0,417.0
480291218131,1787.0,870.0,738.0,92.0,0.0,40.0,917.0
480291219041,1056.0,677.0,537.0,0.0,129.0,11.0,379.0
480291219052,4103.0,2867.0,2007.0,407.0,312.0,141.0,1236.0
480291219071,1455.0,693.0,581.0,30.0,63.0,19.0,762.0
480291211085,1737.0,1235.0,1169.0,0.0,28.0,38.0,502.0
480291211191,571.0,494.0,494.0,0.0,0.0,0.0,77.0
480291211201,3140.0,922.0,544.0,313.0,65.0,0.0,2218.0
480291207013,1255.0,507.0,429.0,36.0,0.0,42.0,748.0
480291215043,1947.0,824.0,409.0,196.0,144.0,75.0,1123.0
480291503002,1597.0,0.0,0.0,0.0,0.0,0.0,1597.0
480291418003,2452.0,1006.0,969.0,1.0,0.0,36.0,1446.0
480291508001,1461.0,100.0,80.0,6.0,0.0,14.0,1361.0
480291712001,1213.0,29.0,29.0,0.0,0.0,0.0,1184.0
480291712002,1388.0,40.0,40.0,0.0,0.0,0.0,1348.0
480291512004,922.0,0.0,0.0,0.0,0.0,0.0,922.0
480291904002,2948.0,2105.0,1622.0,131.0,216.0,136.0,843.0
480291817121,2822.0,1241.0,1003.0,186.0,22.0,30.0,1581.0
480291816024,2140.0,199.0,118.0,81.0,0.0,0.0,1941.0
480291816022,1498.0,139.0,93.0,46.0,0.0,0.0,1359.0
480291314022,2258.0,673.0,135.0,533.0,2.0,3.0,1585.0
480291719183,2576.0,454.0,442.0,12.0,0.0,0.0,2122.0
480291719201,3425.0,1090.0,685.0,208.0,98.0,99.0,2335.0
480291719212,1377.0,472.0,216.0,52.0,149.0,55.0,905.0
480291719231,1286.0,268.0,43.0,208.0,0.0,17.0,1018.0
480291719234,4929.0,1928.0,925.0,551.0,306.0,146.0,3001.0
480291719251,1148.0,287.0,35.0,43.0,22.0,187.0,861.0
480291719253,3803.0,1781.0,1221.0,247.0,134.0,179.0,2022.0
480291720023,5151.0,1653.0,953.0,411.0,122.0,167.0,3498.0
480291720041,4220.0,2520.0,1918.0,461.0,70.0,71.0,1700.0
480291720061,4120.0,2345.0,1746.0,236.0,140.0,223.0,1775.0
480291720071,4731.0,2229.0,1300.0,755.0,68.0,106.0,2502.0
480291801011,1264.0,213.0,197.0,0.0,16.0,0.0,1051.0
480291714011,2101.0,145.0,117.0,28.0,0.0,0.0,1956.0
480291714022,1026.0,91.0,42.0,13.0,0.0,36.0,935.0
480291715012,1237.0,254.0,0.0,254.0,0.0,0.0,983.0
480291715023,2093.0,140.0,104.0,36.0,0.0,0.0,1953.0
480291917011,792.0,651.0,583.0,7.0,29.0,32.0,141.0
480291917022,1529.0,1315.0,1269.0,8.0,13.0,25.0,214.0
480291918043,2275.0,1857.0,1699.0,72.0,86.0,0.0,418.0
480291918111,4452.0,3225.0,2689.0,195.0,271.0,70.0,1227.0
480291918063,5976.0,4058.0,3257.0,100.0,520.0,181.0,1918.0
480291918081,3175.0,2331.0,1853.0,90.0,259.0,129.0,844.0
480291918092,2432.0,1922.0,1598.0,198.0,126.0,0.0,510.0
480291918131,4740.0,3258.0,2666.0,239.0,303.0,50.0,1482.0
480291817252,2254.0,868.0,562.0,179.0,45.0,82.0,1386.0
480291817263,3970.0,1476.0,1219.0,114.0,56.0,87.0,2494.0
480291817281,7522.0,2784.0,1573.0,524.0,458.0,229.0,4738.0
480291817301,1069.0,276.0,156.0,102.0,0.0,18.0,793.0
480291817312,2413.0,940.0,660.0,170.0,0.0,110.0,1473.0
480291818112,645.0,321.0,312.0,0.0,0.0,9.0,324.0
480291818132,2316.0,1020.0,388.0,260.0,335.0,37.0,1296.0
480291818142,2866.0,1391.0,1131.0,72.0,173.0,15.0,1475.0
480291818161,1231.0,550.0,475.0,19.0,0.0,56.0,681.0
480291818172,1355.0,447.0,399.0,16.0,32.0,0.0,908.0
480291818183,1862.0,709.0,548.0,77.0,55.0,29.0,1153.0
480291818201,3157.0,1770.0,826.0,494.0,320.0,130.0,1387.0
480291818212,2702.0,1306.0,889.0,140.0,228.0,49.0,1396.0
480291818223,2262.0,942.0,701.0,97.0,71.0,73.0,1320.0
480291905032,1099.0,337.0,276.0,0.0,19.0,42.0,762.0
480291905042,1446.0,115.0,89.0,26.0,0.0,0.0,1331.0
480291906041,1591.0,257.0,237.0,0.0,20.0,0.0,1334.0
480291910051,1166.0,100.0,100.0,0.0,0.0,0.0,1066.0
480291910062,1139.0,139.0,74.0,65.0,0.0,0.0,1000.0
480291801013,853.0,37.0,37.0,0.0,0.0,0.0,816.0
480291801016,514.0,63.0,44.0,0.0,0.0,19.0,451.0
480291806031,2218.0,754.0,360.0,296.0,88.0,10.0,1464.0
480291806043,892.0,184.0,184.0,0.0,0.0,0.0,708.0
480291807026,1618.0,852.0,420.0,317.0,28.0,87.0,766.0
480291814031,2462.0,1426.0,670.0,0.0,756.0,0.0,1036.0
480291814041,4244.0,3259.0,914.0,561.0,1547.0,237.0,985.0
480291815044,1228.0,763.0,375.0,283.0,92.0,13.0,465.0
480291817154,2399.0,830.0,469.0,310.0,0.0,51.0,1569.0
480291820022,679.0,575.0,575.0,0.0,0.0,0.0,104.0
480291820031,3639.0,2143.0,1489.0,138.0,448.0,68.0,1496.0
480291821013,2645.0,2183.0,1994.0,123.0,17.0,49.0,462.0
480291821051,2873.0,1755.0,1443.0,98.0,85.0,129.0,1118.0
480291910065,835.0,15.0,0.0,15.0,0.0,0.0,820.0
480291912013,333.0,174.0,174.0,0.0,0.0,0.0,159.0
480291918141,2680.0,1728.0,1434.0,101.0,18.0,175.0,952.0
480291918152,2271.0,1155.0,563.0,103.0,387.0,102.0,1116.0
480291918171,9587.0,5921.0,4590.0,425.0,773.0,133.0,3666.0
480291919002,1220.0,224.0,99.0,125.0,0.0,0.0,996.0
480291919005,1076.0,473.0,292.0,171.0,0.0,10.0,603.0
480291920003,1348.0,866.0,724.0,91.0,0.0,51.0,482.0
480291921001,1085.0,668.0,624.0,9.0,28.0,7.0,417.0
480291922002,976.0,213.0,171.0,37.0,5.0,0.0,763.0
