block_group,B08301_001E,B08301_002E,B08301_003E,B08301_004E,B08301_011E,B08301_021E
480291805031,366.0,336.0,294.0,42.0,5.0,0.0
480291805032,777.0,765.0,656.0,109.0,0.0,12.0
480291704013,416.0,332.0,249.0,83.0,43.0,0.0
480291704012,140.0,100.0,83.0,17.0,30.0,0.0
480291914061,1459.0,1189.0,1116.0,73.0,10.0,248.0
480291914092,1803.0,1634.0,1429.0,205.0,104.0,23.0
480291212042,969.0,856.0,702.0,154.0,65.0,34.0
480291215081,626.0,626.0,568.0,58.0,0.0,0.0
480291914051,1607.0,1484.0,1445.0,39.0,37.0,33.0
480291914052,1198.0,993.0,976.0,17.0,46.0,105.0
480291914053,750.0,590.0,549.0,41.0,10.0,99.0
480291914055,380.0,358.0,340.0,18.0,0.0,22.0
480291709001,482.0,473.0,433.0,40.0,9.0,0.0
480291709003,330.0,283.0,235.0,48.0,47.0,0.0
480291610002,764.0,703.0,562.0,141.0,52.0,9.0
480291610001,710.0,606.0,465.0,141.0,67.0,29.0
480291615015,646.0,580.0,478.0,102.0,0.0,27.0
480291615011,1521.0,1355.0,1093.0,262.0,123.0,0.0
480291615013,588.0,557.0,355.0,202.0,15.0,16.0
480291711001,768.0,754.0,552.0,202.0,1.0,0.0
480291620011,933.0,908.0,773.0,135.0,0.0,19.0
480291701022,586.0,586.0,507.0,79.0,0.0,0.0
480291701021,502.0,342.0,342.0,0.0,137.0,0.0
480291807022,649.0,614.0,614.0,0.0,0.0,0.0
480291807023,185.0,185.0,185.0,0.0,0.0,0.0
480291807025,213.0,146.0,146.0,0.0,17.0,50.0
480291809012,577.0,568.0,481.0,87.0,0.0,9.0
480291809015,410.0,410.0,396.0,14.0,0.0,0.0
480291106003,86.0,48.0,38.0,10.0,19.0,0.0
480291108002,194.0,177.0,158.0,19.0,0.0,0.0
480291108001,371.0,262.0,200.0,62.0,38.0,13.0
480291208004,335.0,318.0,318.0,0.0,0.0,17.0
480291208006,510.0,445.0,421.0,24.0,0.0,14.0
480291208001,489.0,452.0,414.0,38.0,0.0,37.0
480291208002,464.0,411.0,379.0,32.0,0.0,28.0
480291208005,306.0,289.0,289.0,0.0,0.0,17.0
480291208007,400.0,369.0,329.0,40.0,0.0,31.0
480291208003,766.0,717.0,592.0,125.0,0.0,49.0
480291211113,802.0,756.0,682.0,74.0,9.0,0.0
480291211111,594.0,540.0,476.0,64.0,0.0,54.0
480291211112,1019.0,981.0,923.0,58.0,5.0,33.0
480291211114,902.0,861.0,776.0,85.0,18.0,0.0
480291211161,967.0,762.0,762.0,0.0,34.0,0.0
480291211164,871.0,847.0,847.0,0.0,11.0,13.0
480291211162,158.0,143.0,105.0,38.0,0.0,15.0
480291211181,889.0,776.0,721.0,55.0,0.0,113.0
480291211182,1699.0,1654.0,1629.0,25.0,0.0,33.0
480291212031,271.0,271.0,260.0,11.0,0.0,0.0
480291212032,648.0,607.0,536.0,71.0,32.0,9.0
480291212051,1452.0,1323.0,1196.0,127.0,98.0,22.0
480291817182,940.0,895.0,801.0,94.0,0.0,45.0
480291818111,1816.0,1485.0,1408.0,77.0,30.0,112.0
480291902003,602.0,502.0,502.0,0.0,75.0,0.0
480291902004,390.0,343.0,332.0,11.0,0.0,47.0
480291902001,358.0,232.0,206.0,26.0,8.0,79.0
480291802021,415.0,345.0,295.0,50.0,58.0,12.0
480291802023,560.0,480.0,468.0,12.0,33.0,19.0
480291805013,439.0,423.0,368.0,55.0,0.0,16.0
480291805012,258.0,245.0,213.0,32.0,0.0,13.0
480291805011,722.0,610.0,521.0,89.0,66.0,24.0
480291808002,591.0,494.0,430.0,64.0,43.0,13.0
480291808001,396.0,280.0,244.0,36.0,92.0,0.0
480291708002,314.0,254.0,207.0,47.0,60.0,0.0
480291106002,479.0,419.0,322.0,97.0,60.0,0.0
480291504001,173.0,173.0,141.0,32.0,0.0,0.0
480291504002,301.0,292.0,261.0,31.0,9.0,0.0
480291510001,480.0,392.0,381.0,11.0,0.0,0.0
480291521002,497.0,451.0,368.0,83.0,0.0,36.0
480291521001,476.0,406.0,348.0,58.0,0.0,47.0
480291607024,303.0,234.0,191.0,43.0,25.0,0.0
480291607023,449.0,449.0,402.0,47.0,0.0,0.0
480291616002,1136.0,932.0,846.0,86.0,51.0,71.0
480291616001,788.0,753.0,582.0,171.0,0.0,27.0
480291216012,650.0,650.0,502.0,148.0,0.0,0.0
480291216013,743.0,661.0,603.0,58.0,37.0,0.0
480291216014,429.0,302.0,288.0,14.0,0.0,18.0
480291218021,1078.0,990.0,927.0,63.0,0.0,70.0
480291218023,1794.0,1705.0,1639.0,66.0,0.0,67.0
480291303002,428.0,389.0,313.0,76.0,24.0,15.0
480291303001,244.0,209.0,209.0,0.0,9.0,26.0
480291307002,364.0,300.0,292.0,8.0,53.0,11.0
480291307001,454.0,361.0,284.0,77.0,27.0,0.0
480291702004,333.0,281.0,149.0,132.0,52.0,0.0
480291702006,341.0,309.0,216.0,93.0,0.0,0.0
480291702002,334.0,320.0,210.0,110.0,0.0,0.0
480291702005,115.0,81.0,59.0,22.0,34.0,0.0
480291702001,290.0,213.0,182.0,31.0,21.0,32.0
480291316011,347.0,342.0,297.0,45.0,0.0,5.0
480291317001,398.0,293.0,269.0,24.0,0.0,20.0
480291412004,240.0,193.0,167.0,26.0,47.0,0.0
480291412001,584.0,439.0,374.0,65.0,145.0,0.0
480291412005,621.0,577.0,512.0,65.0,5.0,39.0
480291412002,533.0,493.0,430.0,63.0,0.0,0.0
480291501003,401.0,388.0,296.0,92.0,13.0,0.0
480291309002,382.0,322.0,291.0,31.0,0.0,22.0
480291309003,450.0,385.0,367.0,18.0,35.0,30.0
480291310003,357.0,294.0,286.0,8.0,29.0,7.0
480291310004,251.0,211.0,205.0,6.0,6.0,34.0
480291310001,894.0,721.0,603.0,118.0,110.0,32.0
480291310002,273.0,259.0,226.0,33.0,0.0,0.0
480291405003,567.0,540.0,534.0,6.0,0.0,10.0
480291405002,698.0,588.0,449.0,139.0,68.0,42.0
480291405001,403.0,377.0,322.0,55.0,0.0,9.0
480291405004,302.0,290.0,239.0,51.0,0.0,12.0
480291406002,420.0,402.0,361.0,41.0,0.0,0.0
480291406001,846.0,764.0,611.0,153.0,50.0,18.0
480291407003,262.0,252.0,180.0,72.0,10.0,0.0
480291407001,476.0,457.0,435.0,22.0,0.0,19.0
480291407004,389.0,389.0,240.0,149.0,0.0,0.0
480291407005,569.0,513.0,480.0,33.0,56.0,0.0
480291413001,432.0,370.0,290.0,80.0,45.0,0.0
480291413003,1523.0,1248.0,1046.0,202.0,206.0,27.0
480291702003,383.0,371.0,279.0,92.0,0.0,0.0
480291806023,383.0,339.0,289.0,50.0,0.0,30.0
480291806021,423.0,380.0,312.0,68.0,43.0,0.0
480291911021,295.0,286.0,278.0,8.0,0.0,9.0
480291911022,350.0,274.0,249.0,25.0,59.0,0.0
480291911023,474.0,430.0,430.0,0.0,0.0,44.0
480291209012,719.0,638.0,553.0,85.0,48.0,0.0
480291209011,390.0,318.0,249.0,69.0,10.0,7.0
480291211122,800.0,711.0,661.0,50.0,23.0,36.0
480291519001,653.0,517.0,413.0,104.0,24.0,6.0
480291409002,489.0,475.0,386.0,89.0,6.0,0.0
480291417001,1333.0,1282.0,1083.0,199.0,7.0,44.0
480291417002,1330.0,1280.0,1026.0,254.0,12.0,38.0
480291505012,459.0,392.0,329.0,63.0,29.0,20.0
480291505014,573.0,565.0,478.0,87.0,0.0,0.0
480291604002,742.0,651.0,615.0,36.0,53.0,30.0
480291604004,303.0,294.0,240.0,54.0,9.0,0.0
480291604001,499.0,498.0,498.0,0.0,1.0,0.0
480291604003,420.0,376.0,376.0,0.0,0.0,44.0
480291611005,716.0,610.0,544.0,66.0,76.0,0.0
480291611006,204.0,163.0,154.0,9.0,41.0,0.0
480291611001,1489.0,1410.0,1182.0,228.0,21.0,32.0
480291611004,840.0,840.0,663.0,177.0,0.0,0.0
480291611003,530.0,428.0,373.0,55.0,39.0,63.0
480291611002,302.0,302.0,217.0,85.0,0.0,0.0
480291813012,877.0,785.0,757.0,28.0,75.0,17.0
480291813011,1789.0,1723.0,1553.0,170.0,28.0,38.0
480291814021,427.0,317.0,245.0,72.0,0.0,34.0
480291814022,703.0,607.0,595.0,12.0,58.0,0.0
480291109001,1147.0,875.0,811.0,64.0,84.0,66.0
480291110003,735.0,624.0,561.0,63.0,53.0,43.0
480291110002,310.0,214.0,210.0,4.0,17.0,42.0
480291204001,781.0,781.0,762.0,19.0,0.0,0.0
480291204005,522.0,401.0,401.0,0.0,0.0,68.0
480291710004,569.0,538.0,431.0,107.0,31.0,0.0
480291204003,381.0,298.0,271.0,27.0,0.0,67.0
480291207021,1151.0,1052.0,1001.0,51.0,0.0,54.0
480291704014,329.0,248.0,177.0,71.0,24.0,31.0
480291710001,338.0,310.0,293.0,17.0,28.0,0.0
480291710002,184.0,168.0,156.0,12.0,0.0,0.0
480291717001,971.0,890.0,664.0,226.0,0.0,0.0
480291717003,376.0,376.0,362.0,14.0,0.0,0.0
480291215013,1398.0,1351.0,1280.0,71.0,0.0,15.0
480291215011,1374.0,1269.0,1208.0,61.0,0.0,105.0
480291215074,667.0,636.0,554.0,82.0,25.0,6.0
480291215071,421.0,395.0,378.0,17.0,0.0,26.0
480291215072,437.0,405.0,387.0,18.0,0.0,32.0
480291312002,582.0,549.0,516.0,33.0,0.0,33.0
480291401002,293.0,250.0,206.0,44.0,12.0,20.0
480291401001,347.0,284.0,233.0,51.0,15.0,19.0
480291404004,262.0,225.0,183.0,42.0,11.0,0.0
480291101002,428.0,271.0,246.0,25.0,29.0,48.0
480291209022,930.0,907.0,872.0,35.0,0.0,23.0
480291209021,1240.0,1031.0,956.0,75.0,132.0,21.0
480291214033,969.0,886.0,743.0,143.0,31.0,25.0
480291214031,882.0,775.0,649.0,126.0,26.0,20.0
480291216042,624.0,624.0,589.0,35.0,0.0,0.0
480291216043,405.0,405.0,405.0,0.0,0.0,0.0
480291306004,331.0,293.0,293.0,0.0,38.0,0.0
480291207022,337.0,323.0,300.0,23.0,0.0,14.0
480291213003,286.0,286.0,225.0,61.0,0.0,0.0
480291213001,1432.0,1413.0,1248.0,165.0,0.0,19.0
480291703004,234.0,234.0,234.0,0.0,0.0,0.0
480291703002,147.0,127.0,127.0,0.0,0.0,0.0
480291703006,312.0,312.0,278.0,34.0,0.0,0.0
480291703005,718.0,652.0,611.0,41.0,12.0,0.0
480291703003,234.0,176.0,166.0,10.0,35.0,0.0
480291704024,257.0,150.0,127.0,23.0,70.0,37.0
480291704021,694.0,651.0,554.0,97.0,36.0,7.0
480291706001,656.0,596.0,520.0,76.0,37.0,0.0
480291706004,594.0,488.0,424.0,64.0,58.0,0.0
480291706003,601.0,556.0,381.0,175.0,33.0,12.0
480291707003,880.0,794.0,683.0,111.0,30.0,1.0
480291707002,449.0,418.0,362.0,56.0,14.0,17.0
480291212044,575.0,454.0,435.0,19.0,27.0,64.0
480291212043,498.0,386.0,358.0,28.0,68.0,0.0
480291404001,368.0,341.0,293.0,48.0,13.0,9.0
480291404002,605.0,560.0,506.0,54.0,11.0,19.0
480291504003,1309.0,1113.0,950.0,163.0,72.0,65.0
480291215052,357.0,331.0,331.0,0.0,0.0,0.0
480291403002,450.0,372.0,239.0,133.0,62.0,0.0
480291403003,490.0,357.0,278.0,79.0,60.0,46.0
480291520001,1118.0,928.0,707.0,221.0,16.0,105.0
480291701011,322.0,282.0,176.0,106.0,7.0,0.0
480291701012,620.0,534.0,410.0,124.0,43.0,0.0
480291718022,585.0,569.0,316.0,253.0,0.0,16.0
480291718025,340.0,296.0,296.0,0.0,0.0,15.0
480291718023,693.0,550.0,320.0,230.0,125.0,18.0
480291408004,231.0,205.0,197.0,8.0,26.0,0.0
480291408001,667.0,645.0,561.0,84.0,0.0,2.0
480291408005,755.0,691.0,337.0,354.0,8.0,0.0
480291408003,215.0,215.0,170.0,45.0,0.0,0.0
480291408002,600.0,558.0,451.0,107.0,12.0,0.0
480291505023,400.0,374.0,374.0,0.0,26.0,0.0
480291505022,604.0,604.0,458.0,146.0,0.0,0.0
480291505021,475.0,465.0,322.0,143.0,0.0,0.0
480291507006,122.0,122.0,98.0,24.0,0.0,0.0
480291507001,363.0,255.0,123.0,132.0,97.0,0.0
480291507003,886.0,740.0,487.0,253.0,12.0,134.0
480291601004,781.0,712.0,578.0,134.0,10.0,10.0
480291601003,423.0,391.0,302.0,89.0,0.0,32.0
480291601001,450.0,363.0,296.0,67.0,64.0,0.0
480291813023,1162.0,1098.0,1033.0,65.0,0.0,35.0
480291809021,397.0,359.0,327.0,32.0,0.0,0.0
480291809023,773.0,744.0,611.0,133.0,0.0,17.0
480291809022,748.0,743.0,712.0,31.0,5.0,0.0
480291809025,1030.0,955.0,868.0,87.0,17.0,58.0
480291810031,976.0,863.0,782.0,81.0,15.0,83.0
480291810051,931.0,792.0,792.0,0.0,68.0,21.0
480291810052,334.0,317.0,308.0,9.0,17.0,0.0
480291815061,276.0,210.0,200.0,10.0,28.0,18.0
480291815062,633.0,612.0,551.0,61.0,9.0,11.0
480291817151,544.0,520.0,487.0,33.0,0.0,0.0
480291203002,386.0,309.0,296.0,13.0,0.0,77.0
480291203003,686.0,628.0,543.0,85.0,0.0,58.0
480291203005,431.0,396.0,396.0,0.0,0.0,35.0
480291205013,675.0,638.0,575.0,63.0,0.0,18.0
480291205015,558.0,558.0,456.0,102.0,0.0,0.0
480291205012,718.0,611.0,590.0,21.0,0.0,39.0
480291205014,664.0,633.0,544.0,89.0,0.0,18.0
480291211152,1407.0,1379.0,1348.0,31.0,0.0,28.0
480291211153,863.0,842.0,820.0,22.0,2.0,18.0
480291211172,784.0,691.0,656.0,35.0,0.0,69.0
480291211171,938.0,871.0,822.0,49.0,0.0,54.0
480291720021,2145.0,1878.0,1697.0,181.0,14.0,253.0
480291817031,1564.0,1511.0,1404.0,107.0,0.0,38.0
480291817032,1218.0,1192.0,992.0,200.0,0.0,0.0
480291803003,445.0,394.0,293.0,101.0,9.0,42.0
480291803001,469.0,461.0,434.0,27.0,8.0,0.0
480291803002,663.0,572.0,491.0,81.0,33.0,58.0
480291817161,1997.0,1855.0,1674.0,181.0,23.0,88.0
480291910034,391.0,391.0,335.0,56.0,0.0,0.0
480291910035,372.0,372.0,372.0,0.0,0.0,0.0
480291910033,296.0,237.0,197.0,40.0,21.0,38.0
480291910031,279.0,279.0,256.0,23.0,0.0,0.0
480291910032,1933.0,1757.0,1644.0,113.0,56.0,120.0
480291214041,935.0,915.0,827.0,88.0,20.0,0.0
480291214042,661.0,522.0,323.0,199.0,93.0,8.0
480291214043,467.0,424.0,294.0,130.0,0.0,0.0
480291313001,330.0,330.0,265.0,65.0,0.0,0.0
480291313004,280.0,257.0,257.0,0.0,0.0,23.0
480291316061,944.0,792.0,696.0,96.0,0.0,78.0
480291103003,174.0,126.0,110.0,16.0,33.0,7.0
480291103002,505.0,382.0,334.0,48.0,75.0,0.0
480291201001,2498.0,1224.0,1098.0,126.0,26.0,319.0
480291206002,443.0,443.0,429.0,14.0,0.0,0.0
480291206003,492.0,417.0,363.0,54.0,10.0,0.0
480291206006,199.0,199.0,199.0,0.0,0.0,0.0
480291206005,440.0,301.0,289.0,12.0,1.0,16.0
480291517003,755.0,618.0,562.0,56.0,137.0,0.0
480291517002,731.0,712.0,535.0,177.0,19.0,0.0
480291517001,945.0,941.0,777.0,164.0,0.0,4.0
480291607013,425.0,425.0,324.0,101.0,0.0,0.0
480291306001,245.0,176.0,137.0,39.0,69.0,0.0
480291306003,466.0,281.0,192.0,89.0,185.0,0.0
480291306002,241.0,217.0,176.0,41.0,0.0,24.0
480291402003,342.0,321.0,193.0,128.0,11.0,10.0
480291402002,349.0,311.0,264.0,47.0,16.0,22.0
480291402001,323.0,246.0,183.0,63.0,0.0,18.0
480291402004,425.0,348.0,238.0,110.0,65.0,12.0
480291309001,914.0,865.0,771.0,94.0,27.0,6.0
480291717004,670.0,670.0,616.0,54.0,0.0,0.0
480291719035,906.0,906.0,906.0,0.0,0.0,0.0
480291717006,377.0,320.0,320.0,0.0,0.0,57.0
480291719032,352.0,302.0,216.0,86.0,0.0,0.0
480291719034,405.0,400.0,363.0,37.0,0.0,5.0
480291509002,328.0,308.0,297.0,11.0,7.0,0.0
480291509001,705.0,607.0,551.0,56.0,91.0,0.0
480291509005,816.0,805.0,446.0,359.0,11.0,0.0
480291705003,419.0,362.0,290.0,72.0,53.0,0.0
480291705004,445.0,341.0,251.0,90.0,47.0,31.0
480291705002,662.0,583.0,494.0,89.0,68.0,0.0
480291805042,879.0,790.0,764.0,26.0,70.0,8.0
480291205025,314.0,292.0,272.0,20.0,22.0,0.0
480291205023,208.0,146.0,96.0,50.0,36.0,0.0
480291205026,400.0,363.0,319.0,44.0,0.0,0.0
480291205024,322.0,270.0,270.0,0.0,0.0,52.0
480291207012,515.0,437.0,358.0,79.0,0.0,0.0
480291207011,440.0,418.0,375.0,43.0,22.0,0.0
480291302002,296.0,123.0,89.0,34.0,69.0,88.0
480291410003,644.0,545.0,412.0,133.0,28.0,71.0
480291410002,409.0,317.0,184.0,133.0,55.0,22.0
480291516001,1288.0,1013.0,846.0,167.0,123.0,27.0
480291516004,545.0,524.0,524.0,0.0,21.0,0.0
480291516002,320.0,261.0,231.0,30.0,0.0,59.0
480291817051,933.0,886.0,766.0,120.0,0.0,47.0
480291817052,825.0,778.0,590.0,188.0,0.0,47.0
480291512002,1370.0,1154.0,962.0,192.0,117.0,0.0
480291606001,527.0,527.0,333.0,194.0,0.0,0.0
480291606003,760.0,714.0,624.0,90.0,45.0,1.0
480291419003,416.0,283.0,175.0,108.0,0.0,0.0
480291419002,1079.0,1034.0,800.0,234.0,0.0,45.0
480291515003,505.0,494.0,469.0,25.0,0.0,0.0
480291515002,443.0,413.0,360.0,53.0,11.0,19.0
480291603003,248.0,248.0,139.0,109.0,0.0,0.0
480291603002,421.0,352.0,340.0,12.0,0.0,69.0
480291603005,680.0,680.0,640.0,40.0,0.0,0.0
480291612001,357.0,357.0,321.0,36.0,0.0,0.0
480291612002,814.0,778.0,578.0,200.0,13.0,13.0
480291804003,347.0,347.0,318.0,29.0,0.0,0.0
480291804001,922.0,894.0,825.0,69.0,20.0,8.0
480291807012,1562.0,1392.0,1366.0,26.0,37.0,14.0
480291811004,475.0,457.0,367.0,90.0,0.0,18.0
480291811002,454.0,454.0,412.0,42.0,0.0,0.0
480291811003,1229.0,1114.0,1045.0,69.0,0.0,38.0
480291909015,717.0,649.0,558.0,91.0,0.0,52.0
480291909013,159.0,117.0,117.0,0.0,0.0,29.0
480291809014,497.0,497.0,497.0,0.0,0.0,0.0
480291813031,999.0,860.0,597.0,263.0,104.0,35.0
480291815041,792.0,758.0,695.0,63.0,34.0,0.0
480291815042,1648.0,1546.0,1446.0,100.0,14.0,16.0
480291816012,924.0,841.0,623.0,218.0,51.0,27.0
480291906011,915.0,867.0,833.0,34.0,7.0,0.0
480291818091,581.0,492.0,476.0,16.0,2.0,76.0
480291818092,1044.0,1028.0,891.0,137.0,0.0,0.0
480291818094,738.0,640.0,487.0,153.0,0.0,98.0
480291906013,462.0,365.0,199.0,166.0,76.0,0.0
480291910041,660.0,563.0,497.0,66.0,43.0,18.0
480291910043,481.0,435.0,406.0,29.0,27.0,19.0
480291813022,1276.0,1160.0,1071.0,89.0,1.0,99.0
480291212063,346.0,346.0,260.0,86.0,0.0,0.0
480291212061,546.0,546.0,454.0,92.0,0.0,0.0
480291212065,1216.0,983.0,983.0,0.0,17.0,189.0
480291212062,580.0,580.0,523.0,57.0,0.0,0.0
480291214022,627.0,611.0,591.0,20.0,9.0,7.0
480291214021,2966.0,2813.0,2306.0,507.0,82.0,24.0
480291218031,769.0,721.0,672.0,49.0,0.0,23.0
480291218032,334.0,304.0,218.0,86.0,0.0,10.0
480291218033,1197.0,1097.0,987.0,110.0,21.0,59.0
480291218041,1326.0,1162.0,1066.0,96.0,0.0,23.0
480291218042,1361.0,1218.0,1163.0,55.0,13.0,81.0
480291218043,695.0,672.0,532.0,140.0,0.0,0.0
480291308001,1076.0,974.0,964.0,10.0,18.0,33.0
480291308004,479.0,428.0,283.0,145.0,1.0,0.0
480291308002,273.0,201.0,114.0,87.0,63.0,0.0
480291308003,203.0,144.0,109.0,35.0,19.0,0.0
480291311003,377.0,345.0,240.0,105.0,26.0,6.0
480291311002,301.0,277.0,213.0,64.0,0.0,0.0
480291602002,438.0,417.0,330.0,87.0,15.0,0.0
480291817134,728.0,696.0,495.0,201.0,32.0,0.0
480291817132,829.0,829.0,745.0,84.0,0.0,0.0
480291817133,743.0,635.0,595.0,40.0,0.0,57.0
480291815054,659.0,596.0,498.0,98.0,23.0,0.0
480291815053,484.0,470.0,425.0,45.0,9.0,5.0
480291815051,438.0,406.0,348.0,58.0,0.0,32.0
480291817042,674.0,575.0,434.0,141.0,6.0,0.0
480291817044,550.0,489.0,408.0,81.0,9.0,0.0
480291817111,1507.0,1187.0,1056.0,131.0,30.0,290.0
480291907002,397.0,357.0,292.0,65.0,8.0,0.0
480291907003,634.0,574.0,504.0,70.0,27.0,15.0
480291607011,524.0,510.0,430.0,80.0,14.0,0.0
480291607012,610.0,499.0,439.0,60.0,34.0,35.0
480291718011,649.0,582.0,469.0,113.0,0.0,0.0
480291718013,489.0,474.0,356.0,118.0,0.0,0.0
480291718014,326.0,313.0,232.0,81.0,7.0,6.0
480291718012,808.0,808.0,732.0,76.0,0.0,0.0
480291802013,907.0,708.0,524.0,184.0,133.0,8.0
480291802012,387.0,363.0,315.0,48.0,0.0,14.0
480291802014,621.0,598.0,543.0,55.0,0.0,0.0
480291802011,259.0,233.0,160.0,73.0,0.0,0.0
480291812001,238.0,218.0,218.0,0.0,0.0,20.0
480291812004,824.0,605.0,605.0,0.0,0.0,219.0
480291812002,254.0,254.0,207.0,47.0,0.0,0.0
480291812005,483.0,430.0,300.0,130.0,0.0,53.0
480291514004,413.0,361.0,332.0,29.0,29.0,0.0
480291511003,323.0,306.0,281.0,25.0,0.0,17.0
480291511001,184.0,184.0,135.0,49.0,0.0,0.0
480291514001,407.0,358.0,335.0,23.0,49.0,0.0
480291514002,548.0,521.0,430.0,91.0,0.0,7.0
480291905012,913.0,865.0,766.0,99.0,8.0,31.0
480291905013,419.0,392.0,320.0,72.0,9.0,0.0
480291905011,404.0,374.0,347.0,27.0,21.0,9.0
480291908001,414.0,401.0,401.0,0.0,0.0,8.0
480291908002,501.0,446.0,439.0,7.0,6.0,48.0
480291909011,504.0,497.0,447.0,50.0,0.0,0.0
480291909012,1046.0,632.0,581.0,51.0,396.0,0.0
480291909021,862.0,705.0,666.0,39.0,26.0,57.0
480291909023,354.0,334.0,289.0,45.0,0.0,7.0
480291810012,944.0,890.0,857.0,33.0,2.0,48.0
480291810042,1730.0,1610.0,1575.0,35.0,44.0,26.0
480291810041,1245.0,1164.0,1095.0,69.0,0.0,32.0
480291901004,361.0,333.0,274.0,59.0,28.0,0.0
480291901003,444.0,395.0,376.0,19.0,42.0,0.0
480291901002,380.0,293.0,211.0,82.0,9.0,15.0
480291719021,1257.0,1151.0,1121.0,30.0,72.0,8.0
480291311001,210.0,176.0,154.0,22.0,15.0,0.0
480291203008,257.0,223.0,213.0,10.0,0.0,0.0
480291203007,265.0,239.0,218.0,21.0,0.0,0.0
480291501001,932.0,849.0,721.0,128.0,16.0,19.0
480291501004,516.0,491.0,392.0,99.0,25.0,0.0
480291506004,330.0,307.0,272.0,35.0,12.0,0.0
480291506003,360.0,344.0,314.0,30.0,0.0,0.0
480291511007,561.0,561.0,462.0,99.0,0.0,0.0
480291511005,192.0,192.0,192.0,0.0,0.0,0.0
480291511004,719.0,666.0,650.0,16.0,53.0,0.0
480291918042,1352.0,1171.0,1077.0,94.0,0.0,181.0
480291918041,931.0,903.0,764.0,139.0,0.0,28.0
480291210004,582.0,523.0,512.0,11.0,17.0,13.0
480291210003,1367.0,1324.0,1051.0,273.0,0.0,0.0
480291210005,573.0,522.0,485.0,37.0,0.0,36.0
480291210006,685.0,650.0,632.0,18.0,1.0,16.0
480291211102,797.0,714.0,621.0,93.0,17.0,22.0
480291215062,517.0,452.0,426.0,26.0,54.0,7.0
480291215061,363.0,342.0,317.0,25.0,0.0,21.0
480291305001,178.0,178.0,178.0,0.0,0.0,0.0
480291305003,646.0,453.0,382.0,71.0,81.0,61.0
480291305002,323.0,261.0,226.0,35.0,12.0,24.0
480291305004,492.0,428.0,338.0,90.0,51.0,0.0
480291904003,390.0,331.0,321.0,10.0,50.0,9.0
480291211081,609.0,567.0,529.0,38.0,1.0,41.0
480291211083,1319.0,1178.0,1108.0,70.0,30.0,28.0
480291211084,449.0,420.0,389.0,31.0,0.0,0.0
480291207015,447.0,410.0,365.0,45.0,0.0,37.0
480291215042,244.0,244.0,244.0,0.0,0.0,0.0
480291215041,581.0,548.0,492.0,56.0,0.0,0.0
480291503001,374.0,311.0,179.0,132.0,56.0,0.0
480291503004,756.0,676.0,616.0,60.0,46.0,17.0
480291503003,365.0,331.0,234.0,97.0,20.0,0.0
480291602003,458.0,426.0,295.0,131.0,11.0,10.0
480291508002,218.0,209.0,186.0,23.0,0.0,8.0
480291508003,255.0,168.0,149.0,19.0,31.0,0.0
480291712003,512.0,496.0,482.0,14.0,3.0,13.0
480291418001,370.0,312.0,290.0,22.0,0.0,20.0
480291418002,137.0,137.0,101.0,36.0,0.0,0.0
480291512005,1942.0,1880.0,1738.0,142.0,29.0,33.0
480291512003,238.0,238.0,215.0,23.0,0.0,0.0
480291512001,580.0,567.0,464.0,103.0,0.0,0.0
480291107001,325.0,252.0,235.0,17.0,28.0,23.0
480291904001,384.0,365.0,365.0,0.0,0.0,19.0
480291719121,2810.0,2680.0,2374.0,306.0,10.0,90.0
480291817122,661.0,656.0,616.0,40.0,0.0,0.0
480291816023,509.0,414.0,369.0,45.0,66.0,10.0
480291816021,375.0,375.0,358.0,17.0,0.0,0.0
480291818081,804.0,724.0,657.0,67.0,0.0,73.0
480291821021,692.0,640.0,640.0,0.0,13.0,39.0
480291911011,430.0,384.0,357.0,27.0,0.0,46.0
480291911012,464.0,430.0,387.0,43.0,6.0,28.0
480291219082,1009.0,832.0,804.0,28.0,0.0,162.0
480291219091,1857.0,1759.0,1513.0,246.0,2.0,55.0
480291219092,1950.0,1814.0,1622.0,192.0,0.0,136.0
480291219101,2829.0,2616.0,2380.0,236.0,0.0,166.0
480291219102,509.0,465.0,386.0,79.0,0.0,44.0
480291304011,287.0,253.0,177.0,76.0,20.0,4.0
480291304012,404.0,394.0,280.0,114.0,10.0,0.0
480291304013,529.0,466.0,401.0,65.0,15.0,36.0
480291304014,277.0,227.0,206.0,21.0,0.0,43.0
480291304021,401.0,349.0,329.0,20.0,43.0,0.0
480291304022,366.0,346.0,318.0,28.0,0.0,9.0
480291304023,414.0,382.0,295.0,87.0,18.0,0.0
480291314011,3236.0,3051.0,2335.0,716.0,12.0,142.0
480291314012,1757.0,1678.0,1298.0,380.0,20.0,59.0
480291314021,262.0,241.0,216.0,25.0,10.0,1.0
480291719182,464.0,413.0,382.0,31.0,0.0,18.0
480291719184,969.0,890.0,850.0,40.0,0.0,31.0
480291719191,2026.0,1978.0,1727.0,251.0,0.0,23.0
480291719202,2661.0,2576.0,2213.0,363.0,0.0,11.0
480291719211,1272.0,1265.0,1196.0,69.0,1.0,6.0
480291719213,600.0,561.0,475.0,86.0,0.0,18.0
480291719221,1865.0,1788.0,1486.0,302.0,0.0,10.0
480291719232,634.0,634.0,609.0,25.0,0.0,0.0
480291719233,1427.0,1284.0,1095.0,189.0,26.0,0.0
480291719241,2868.0,2582.0,2422.0,160.0,0.0,79.0
480291720022,3098.0,2993.0,2473.0,520.0,0.0,77.0
480291719242,1178.0,1157.0,1062.0,95.0,0.0,6.0
480291719252,1159.0,1134.0,976.0,158.0,0.0,25.0
480291719254,1742.0,1710.0,1337.0,373.0,22.0,10.0
480291720031,1686.0,1527.0,1282.0,245.0,0.0,138.0
480291720032,1348.0,1093.0,868.0,225.0,0.0,215.0
480291720051,2210.0,2101.0,1916.0,185.0,0.0,86.0
480291720052,3249.0,3151.0,2941.0,210.0,0.0,86.0
480291720062,980.0,961.0,892.0,69.0,0.0,0.0
480291720063,889.0,732.0,584.0,148.0,0.0,122.0
480291720072,1087.0,975.0,931.0,44.0,0.0,112.0
480291720073,2233.0,2049.0,1889.0,160.0,0.0,165.0
480291801012,721.0,652.0,579.0,73.0,38.0,16.0
480291315031,340.0,306.0,263.0,43.0,0.0,0.0
480291315032,455.0,455.0,381.0,74.0,0.0,0.0
480291315041,550.0,475.0,436.0,39.0,48.0,27.0
480291315042,297.0,297.0,155.0,142.0,0.0,0.0
480291315051,1064.0,1013.0,842.0,171.0,18.0,19.0
480291315052,1095.0,1067.0,885.0,182.0,28.0,0.0
480291315062,1210.0,1099.0,839.0,260.0,60.0,41.0
480291316081,894.0,727.0,619.0,108.0,34.0,51.0
480291315071,1322.0,1231.0,868.0,363.0,71.0,20.0
480291315073,1029.0,966.0,795.0,171.0,36.0,0.0
480291316012,1489.0,1410.0,1318.0,92.0,0.0,53.0
480291316082,1643.0,1547.0,1412.0,135.0,0.0,96.0
480291316092,1038.0,955.0,911.0,44.0,0.0,83.0
480291316093,1596.0,1434.0,1283.0,151.0,13.0,0.0
480291316102,1209.0,1143.0,994.0,149.0,25.0,9.0
480291316111,465.0,427.0,396.0,31.0,22.0,11.0
480291316131,733.0,733.0,709.0,24.0,0.0,0.0
480291316132,1177.0,1135.0,928.0,207.0,10.0,0.0
480291316142,233.0,233.0,229.0,4.0,0.0,0.0
480291316151,1853.0,1593.0,1507.0,86.0,106.0,0.0
480291316153,974.0,959.0,744.0,215.0,0.0,15.0
480291316154,574.0,574.0,509.0,65.0,0.0,0.0
480291318012,369.0,311.0,287.0,24.0,14.0,44.0
480291318021,1079.0,1015.0,928.0,87.0,0.0,64.0
480291318023,977.0,967.0,926.0,41.0,0.0,10.0
480291411011,394.0,317.0,267.0,50.0,44.0,9.0
480291411013,547.0,513.0,328.0,185.0,6.0,0.0
480291411021,362.0,229.0,218.0,11.0,0.0,73.0
480291411023,785.0,527.0,458.0,69.0,180.0,23.0
480291414022,899.0,863.0,722.0,141.0,0.0,29.0
480291414032,1379.0,1289.0,1114.0,175.0,25.0,15.0
480291414041,1320.0,1228.0,1047.0,181.0,0.0,10.0
480291414043,239.0,215.0,183.0,32.0,14.0,10.0
480291416002,990.0,972.0,820.0,152.0,0.0,18.0
480291513011,468.0,393.0,300.0,93.0,53.0,6.0
480291513012,262.0,225.0,199.0,26.0,0.0,22.0
480291513013,623.0,551.0,469.0,82.0,29.0,0.0
480291513014,1293.0,1135.0,967.0,168.0,23.0,65.0
480291513021,696.0,638.0,540.0,98.0,17.0,9.0
480291513022,666.0,614.0,583.0,31.0,27.0,10.0
480291521003,387.0,275.0,238.0,37.0,4.0,46.0
480291521004,919.0,751.0,676.0,75.0,0.0,90.0
480291522011,1253.0,1157.0,998.0,159.0,28.0,53.0
480291522012,707.0,707.0,633.0,74.0,0.0,0.0
480291522013,817.0,784.0,671.0,113.0,0.0,0.0
480291522021,1529.0,1458.0,983.0,475.0,0.0,45.0
480291605011,474.0,365.0,329.0,36.0,83.0,26.0
480291605012,354.0,312.0,249.0,63.0,29.0,0.0
480291605021,165.0,165.0,134.0,31.0,0.0,0.0
480291609013,387.0,347.0,293.0,54.0,12.0,14.0
480291605022,394.0,380.0,321.0,59.0,6.0,8.0
480291605024,583.0,546.0,478.0,68.0,37.0,0.0
480291609011,332.0,281.0,232.0,49.0,12.0,5.0
480291609021,943.0,816.0,602.0,214.0,60.0,67.0
480291609023,513.0,475.0,403.0,72.0,17.0,21.0
480291613022,694.0,681.0,401.0,280.0,0.0,13.0
480291613032,913.0,906.0,738.0,168.0,0.0,7.0
480291613041,737.0,716.0,530.0,186.0,21.0,0.0
480291614001,4861.0,1482.0,1136.0,346.0,144.0,1329.0
480291615031,1015.0,975.0,935.0,40.0,23.0,9.0
480291615033,369.0,369.0,249.0,120.0,0.0,0.0
480291615041,661.0,606.0,409.0,197.0,35.0,20.0
480291618011,1541.0,1426.0,1357.0,69.0,26.0,62.0
480291618012,279.0,267.0,247.0,20.0,0.0,0.0
480291618022,1490.0,1360.0,950.0,410.0,15.0,0.0
480291619011,511.0,444.0,409.0,35.0,3.0,8.0
480291619022,1351.0,1239.0,983.0,256.0,56.0,0.0
480291619023,1434.0,1379.0,1059.0,320.0,0.0,55.0
480291620032,638.0,579.0,509.0,70.0,0.0,20.0
480291620033,398.0,377.0,341.0,36.0,0.0,9.0
480291620042,861.0,780.0,663.0,117.0,0.0,51.0
480291713011,320.0,287.0,280.0,7.0,26.0,7.0
480291713021,905.0,466.0,351.0,115.0,0.0,115.0
480291713022,339.0,317.0,272.0,45.0,22.0,0.0
480291716011,659.0,598.0,548.0,50.0,51.0,0.0
480291716013,454.0,409.0,369.0,40.0,21.0,20.0
480291716021,915.0,800.0,587.0,213.0,73.0,0.0
480291719022,2471.0,2380.0,1974.0,406.0,0.0,46.0
480291719023,3081.0,2823.0,2304.0,519.0,28.0,145.0
480291719131,2076.0,1856.0,1526.0,330.0,59.0,148.0
480291719132,729.0,658.0,508.0,150.0,9.0,34.0
480291719142,977.0,895.0,718.0,177.0,39.0,43.0
480291719143,1105.0,972.0,811.0,161.0,35.0,48.0
480291719161,1711.0,1583.0,1495.0,88.0,0.0,86.0
480291719162,854.0,793.0,531.0,262.0,45.0,16.0
480291719171,2023.0,1788.0,1652.0,136.0,58.0,110.0
480291719172,2439.0,2085.0,1768.0,317.0,86.0,203.0
480291215053,995.0,977.0,811.0,166.0,0.0,10.0
480291216051,641.0,641.0,543.0,98.0,0.0,0.0
480291216052,272.0,235.0,207.0,28.0,11.0,0.0
480291216062,1530.0,1305.0,1100.0,205.0,0.0,129.0
480291216063,439.0,425.0,387.0,38.0,0.0,14.0
480291217011,640.0,609.0,543.0,66.0,0.0,0.0
480291217012,345.0,331.0,322.0,9.0,0.0,0.0
480291217014,569.0,542.0,510.0,32.0,0.0,0.0
480291217021,1708.0,1659.0,1466.0,193.0,19.0,12.0
480291217023,1277.0,1167.0,1034.0,133.0,0.0,79.0
480291218081,381.0,351.0,332.0,19.0,30.0,0.0
480291218091,519.0,510.0,434.0,76.0,0.0,9.0
480291218092,1052.0,1014.0,946.0,68.0,0.0,27.0
480291218101,1617.0,1497.0,1326.0,171.0,11.0,78.0
480291218102,771.0,696.0,628.0,68.0,13.0,15.0
480291218112,616.0,560.0,536.0,24.0,0.0,56.0
480291218121,2103.0,1855.0,1667.0,188.0,67.0,125.0
480291219032,1347.0,1191.0,1074.0,117.0,0.0,156.0
480291218123,416.0,416.0,416.0,0.0,0.0,0.0
480291218124,283.0,259.0,259.0,0.0,0.0,21.0
480291219031,1420.0,1322.0,1248.0,74.0,0.0,87.0
480291219042,1194.0,1067.0,1033.0,34.0,7.0,101.0
480291219051,1022.0,956.0,920.0,36.0,0.0,66.0
480291219061,1416.0,1334.0,1278.0,56.0,30.0,34.0
480291219062,1489.0,1276.0,1119.0,157.0,0.0,141.0
480291219072,5215.0,4954.0,4438.0,516.0,14.0,204.0
480291219081,888.0,765.0,709.0,56.0,52.0,58.0
480291209024,1147.0,1083.0,804.0,279.0,46.0,18.0
480291211103,845.0,797.0,710.0,87.0,0.0,21.0
480291211183,872.0,816.0,732.0,84.0,0.0,56.0
480291211192,2009.0,1890.0,1701.0,189.0,34.0,65.0
480291211193,994.0,966.0,966.0,0.0,2.0,26.0
480291211202,1191.0,1123.0,1105.0,18.0,18.0,50.0
480291211211,897.0,863.0,804.0,59.0,11.0,23.0
480291211212,650.0,590.0,517.0,73.0,0.0,60.0
480291211221,857.0,827.0,764.0,63.0,0.0,30.0
480291211222,775.0,729.0,627.0,102.0,0.0,46.0
480291211223,1418.0,1371.0,1322.0,49.0,8.0,31.0
480291215014,873.0,754.0,706.0,48.0,13.0,106.0
480291713023,271.0,246.0,163.0,83.0,0.0,0.0
480291713024,255.0,247.0,247.0,0.0,0.0,2.0
480291714012,1373.0,1358.0,1203.0,155.0,6.0,0.0
480291714021,917.0,812.0,620.0,192.0,66.0,14.0
480291714023,1162.0,1105.0,1086.0,19.0,47.0,0.0
480291715011,501.0,472.0,423.0,49.0,9.0,5.0
480291715021,618.0,609.0,579.0,30.0,9.0,0.0
480291715022,298.0,281.0,258.0,23.0,17.0,0.0
480291715024,582.0,567.0,458.0,109.0,0.0,0.0
480291914121,1116.0,949.0,907.0,42.0,5.0,120.0
480291914131,1480.0,1296.0,1138.0,158.0,0.0,163.0
480291914132,1780.0,1664.0,1559.0,105.0,0.0,17.0
480291915031,1090.0,966.0,899.0,67.0,0.0,106.0
480291915032,944.0,792.0,702.0,90.0,0.0,152.0
480291915033,528.0,502.0,502.0,0.0,0.0,26.0
480291915041,512.0,487.0,452.0,35.0,5.0,20.0
480291915042,619.0,527.0,507.0,20.0,0.0,89.0
480291915051,480.0,468.0,415.0,53.0,0.0,12.0
480291915052,522.0,457.0,394.0,63.0,0.0,58.0
480291915061,1062.0,997.0,938.0,59.0,0.0,65.0
480291915062,1376.0,1170.0,985.0,185.0,34.0,67.0
480291915063,866.0,809.0,753.0,56.0,0.0,57.0
480291917012,335.0,305.0,305.0,0.0,0.0,22.0
480291917021,2116.0,2039.0,1993.0,46.0,0.0,22.0
480291917023,576.0,565.0,565.0,0.0,0.0,11.0
480291917024,405.0,325.0,311.0,14.0,0.0,78.0
480291918061,477.0,460.0,460.0,0.0,0.0,17.0
480291918062,636.0,516.0,516.0,0.0,0.0,120.0
480291918071,1763.0,1554.0,1458.0,96.0,6.0,118.0
480291918072,1482.0,1469.0,1249.0,220.0,0.0,0.0
480291918082,908.0,815.0,754.0,61.0,0.0,58.0
480291918091,2280.0,1969.0,1904.0,65.0,9.0,283.0
480291918101,1392.0,1246.0,1204.0,42.0,0.0,108.0
480291918102,1107.0,1012.0,943.0,69.0,0.0,81.0
480291918121,1127.0,1057.0,1004.0,53.0,0.0,59.0
480291918122,671.0,611.0,510.0,101.0,0.0,52.0
480291918132,1222.0,1115.0,1019.0,96.0,0.0,68.0
480291821062,1884.0,1599.0,1518.0,81.0,0.0,227.0
480291905031,756.0,723.0,643.0,80.0,17.0,16.0
480291905033,902.0,758.0,643.0,115.0,48.0,56.0
480291905041,710.0,661.0,610.0,51.0,17.0,16.0
480291906031,729.0,626.0,514.0,112.0,62.0,5.0
480291906032,724.0,712.0,642.0,70.0,8.0,0.0
480291906042,584.0,504.0,445.0,59.0,22.0,0.0
480291906043,697.0,663.0,610.0,53.0,34.0,0.0
480291910052,538.0,489.0,423.0,66.0,10.0,18.0
480291910061,425.0,348.0,319.0,29.0,0.0,0.0
480291910063,859.0,739.0,630.0,109.0,104.0,16.0
480291801014,341.0,328.0,328.0,0.0,9.0,4.0
480291801015,369.0,250.0,207.0,43.0,32.0,45.0
480291801021,407.0,364.0,337.0,27.0,6.0,37.0
480291806044,284.0,284.0,284.0,0.0,0.0,0.0
480291801022,596.0,569.0,502.0,67.0,7.0,0.0
480291806041,1137.0,908.0,834.0,74.0,7.0,222.0
480291806042,1039.0,972.0,869.0,103.0,0.0,0.0
480291806045,400.0,312.0,312.0,0.0,74.0,14.0
480291810033,2160.0,1959.0,1836.0,123.0,39.0,0.0
480291813032,896.0,680.0,547.0,133.0,101.0,23.0
480291814032,1752.0,1637.0,1608.0,29.0,0.0,115.0
480291814033,836.0,822.0,783.0,39.0,0.0,0.0
480291814042,854.0,734.0,628.0,106.0,0.0,105.0
480291815032,2465.0,2233.0,1954.0,279.0,58.0,104.0
480291817112,1254.0,1212.0,875.0,337.0,18.0,24.0
480291817113,1620.0,1549.0,1398.0,151.0,0.0,71.0
480291817153,789.0,757.0,474.0,283.0,0.0,32.0
480291817162,839.0,839.0,583.0,256.0,0.0,0.0
480291817163,1579.0,1512.0,1409.0,103.0,6.0,61.0
480291817164,679.0,669.0,596.0,73.0,0.0,10.0
480291817183,945.0,907.0,845.0,62.0,0.0,38.0
480291817201,2233.0,1902.0,1686.0,216.0,8.0,246.0
480291817202,388.0,339.0,265.0,74.0,12.0,37.0
480291817211,1248.0,1126.0,953.0,173.0,0.0,108.0
480291817212,989.0,859.0,748.0,111.0,110.0,7.0
480291817231,963.0,915.0,863.0,52.0,0.0,42.0
480291817221,1137.0,1014.0,919.0,95.0,0.0,111.0
480291817222,794.0,736.0,676.0,60.0,1.0,57.0
480291817223,930.0,851.0,757.0,94.0,0.0,79.0
480291817232,513.0,504.0,493.0,11.0,0.0,9.0
480291817233,1076.0,993.0,836.0,157.0,21.0,62.0
480291817241,1566.0,1433.0,1306.0,127.0,0.0,128.0
480291817242,1229.0,1150.0,1023.0,127.0,0.0,79.0
480291817251,1101.0,1036.0,944.0,92.0,65.0,0.0
480291817261,1079.0,1022.0,934.0,88.0,0.0,45.0
480291817262,1826.0,1727.0,1554.0,173.0,0.0,99.0
480291817271,1576.0,1447.0,1371.0,76.0,32.0,48.0
480291817272,463.0,374.0,325.0,49.0,0.0,72.0
480291817282,2278.0,1952.0,1721.0,231.0,16.0,222.0
480291817291,4746.0,4364.0,3878.0,486.0,14.0,368.0
480291817302,1424.0,1248.0,1121.0,127.0,0.0,176.0
480291817311,981.0,966.0,898.0,68.0,0.0,15.0
480291817313,1185.0,1084.0,997.0,87.0,0.0,31.0
480291817314,964.0,902.0,794.0,108.0,2.0,60.0
480291818131,1621.0,1447.0,1288.0,159.0,16.0,128.0
480291818133,1360.0,1056.0,971.0,85.0,154.0,36.0
480291818141,2465.0,2299.0,2105.0,194.0,0.0,58.0
480291818151,558.0,505.0,480.0,25.0,0.0,48.0
480291818152,1266.0,1042.0,992.0,50.0,0.0,25.0
480291818162,1762.0,1559.0,1425.0,134.0,22.0,137.0
480291818171,1257.0,1188.0,1084.0,104.0,0.0,46.0
480291818181,1012.0,851.0,836.0,15.0,17.0,91.0
480291818182,825.0,722.0,697.0,25.0,0.0,49.0
480291818191,574.0,574.0,520.0,54.0,0.0,0.0
480291818192,3257.0,2943.0,2798.0,145.0,49.0,220.0
480291818202,3090.0,2368.0,2242.0,126.0,167.0,112.0
480291818211,513.0,474.0,428.0,46.0,0.0,39.0
480291818221,678.0,621.0,559.0,62.0,0.0,35.0
480291818222,796.0,764.0,689.0,75.0,0.0,32.0
480291818231,2066.0,1605.0,1517.0,88.0,46.0,252.0
480291818241,661.0,591.0,546.0,45.0,12.0,32.0
480291912012,890.0,829.0,772.0,57.0,0.0,39.0
480291910064,715.0,642.0,460.0,182.0,68.0,0.0
480291912011,671.0,564.0,525.0,39.0,91.0,16.0
480291912021,613.0,513.0,444.0,69.0,0.0,74.0
480291912022,1026.0,959.0,927.0,32.0,24.0,0.0
480291912023,289.0,275.0,275.0,0.0,0.0,14.0
480291912024,587.0,526.0,526.0,0.0,0.0,34.0
480291913031,993.0,899.0,813.0,86.0,0.0,42.0
480291913041,380.0,348.0,342.0,6.0,0.0,0.0
480291913042,957.0,755.0,499.0,256.0,98.0,10.0
480291914062,961.0,821.0,811.0,10.0,0.0,125.0
480291914063,841.0,754.0,715.0,39.0,0.0,71.0
480291914082,682.0,634.0,486.0,148.0,19.0,6.0
480291914101,731.0,677.0,634.0,43.0,54.0,0.0
480291914102,1503.0,1415.0,1307.0,108.0,54.0,34.0
480291914103,1138.0,934.0,892.0,42.0,187.0,0.0
480291914111,1031.0,972.0,898.0,74.0,35.0,0.0
480291914112,1860.0,1601.0,1570.0,31.0,0.0,199.0
480291818242,1368.0,1353.0,1170.0,183.0,2.0,13.0
480291818251,955.0,920.0,860.0,60.0,0.0,19.0
480291818252,1880.0,1660.0,1493.0,167.0,0.0,136.0
480291818261,1116.0,1020.0,984.0,36.0,0.0,78.0
480291818262,1599.0,1498.0,1201.0,297.0,0.0,80.0
480291818263,701.0,597.0,566.0,31.0,0.0,104.0
480291818264,866.0,845.0,732.0,113.0,0.0,21.0
480291819011,1900.0,1448.0,1366.0,82.0,144.0,0.0
480291819012,1683.0,1555.0,1306.0,249.0,18.0,82.0
480291819021,3065.0,2545.0,2237.0,308.0,0.0,506.0
480291819022,1332.0,1215.0,1141.0,74.0,0.0,104.0
480291820011,1155.0,1098.0,1033.0,65.0,0.0,41.0
480291820012,1768.0,1628.0,1410.0,218.0,0.0,140.0
480291820021,2525.0,2189.0,2021.0,168.0,0.0,322.0
480291820023,1748.0,1625.0,1379.0,246.0,0.0,112.0
480291820032,972.0,878.0,832.0,46.0,0.0,94.0
480291821012,758.0,665.0,633.0,32.0,0.0,74.0
480291821022,994.0,842.0,776.0,66.0,0.0,152.0
480291821023,1915.0,1731.0,1580.0,151.0,0.0,184.0
480291821061,1761.0,1554.0,1399.0,155.0,0.0,176.0
480291918142,1184.0,1084.0,949.0,135.0,0.0,88.0
480291918151,1375.0,1242.0,1150.0,92.0,0.0,105.0
480291918161,694.0,615.0,604.0,11.0,0.0,51.0
480291918162,486.0,460.0,460.0,0.0,0.0,26.0
480291918172,1648.0,1519.0,1264.0,255.0,0.0,129.0
480291919001,366.0,297.0,262.0,35.0,41.0,19.0
480291919003,346.0,190.0,136.0,54.0,73.0,54.0
480291919004,211.0,178.0,169.0,9.0,0.0,33.0
480291920001,867.0,653.0,618.0,35.0,2.0,67.0
480291920002,807.0,676.0,470.0,206.0,76.0,0.0
480291920004,261.0,224.0,224.0,0.0,0.0,15.0
480291920005,212.0,152.0,109.0,43.0,40.0,0.0
480291921002,551.0,541.0,525.0,16.0,0.0,10.0
480291922001,821.0,799.0,706.0,93.0,22.0,0.0
480291923001,179.0,177.0,141.0,36.0,0.0,0.0
480291923002,1587.0,1490.0,1417.0,73.0,0.0,97.0
480291923003,539.0,488.0,488.0,0.0,0.0,51.0
480291923004,488.0,473.0,473.0,0.0,0.0,0.0
480299800011,0.0,0.0,0.0,0.0,0.0,0.0
480299800021,0.0,0.0,0.0,0.0,0.0,0.0
480299800031,696.0,316.0,298.0,18.0,47.0,159.0
480299800041,0.0,0.0,0.0,0.0,0.0,0.0
480299800051,8.0,8.0,8.0,0.0,0.0,0.0
480299801001,509.0,262.0,199.0,63.0,0.0,33.0
480291805033,1042.0,993.0,815.0,178.0,18.0,31.0
480291704011,466.0,427.0,401.0,26.0,22.0,17.0
480291914081,998.0,917.0,903.0,14.0,33.0,11.0
480291914091,2386.0,2091.0,1727.0,364.0,130.0,107.0
480291412006,571.0,512.0,410.0,102.0,0.0,59.0
480291412003,641.0,561.0,493.0,68.0,0.0,0.0
480291501002,898.0,855.0,699.0,156.0,16.0,17.0
480291407002,387.0,367.0,335.0,32.0,13.0,0.0
480291413002,1160.0,1114.0,972.0,142.0,26.0,20.0
480291414021,1543.0,1509.0,1336.0,173.0,0.0,10.0
480291806022,734.0,669.0,578.0,91.0,12.0,0.0
480291101003,717.0,488.0,467.0,21.0,7.0,12.0
480291211121,1056.0,999.0,858.0,141.0,48.0,9.0
480291519002,2217.0,2139.0,1835.0,304.0,0.0,39.0
480291409001,347.0,297.0,270.0,27.0,16.0,0.0
480291505011,356.0,356.0,323.0,33.0,0.0,0.0
480291505013,357.0,317.0,251.0,66.0,16.0,9.0
480291110001,425.0,350.0,326.0,24.0,65.0,0.0
480291204002,322.0,274.0,274.0,0.0,28.0,20.0
480291204006,126.0,125.0,124.0,1.0,1.0,0.0
480291204004,434.0,355.0,303.0,52.0,0.0,66.0
480291710005,184.0,176.0,156.0,20.0,0.0,0.0
480291710003,684.0,599.0,390.0,209.0,51.0,22.0
480291717005,449.0,415.0,376.0,39.0,0.0,34.0
480291213004,705.0,633.0,500.0,133.0,43.0,29.0
480291215012,1063.0,1049.0,856.0,193.0,0.0,14.0
480291215073,562.0,492.0,442.0,50.0,34.0,26.0
480291312001,556.0,408.0,352.0,56.0,127.0,21.0
480291404003,529.0,456.0,336.0,120.0,73.0,0.0
480291101001,389.0,256.0,249.0,7.0,0.0,35.0
480291209023,1048.0,818.0,629.0,189.0,49.0,7.0
480291214032,583.0,550.0,408.0,142.0,0.0,3.0
480291216041,2097.0,1931.0,1735.0,196.0,0.0,63.0
480291216044,1036.0,949.0,937.0,12.0,0.0,87.0
480291207023,616.0,536.0,497.0,39.0,80.0,0.0
480291213002,527.0,495.0,425.0,70.0,0.0,0.0
480291703001,789.0,523.0,386.0,137.0,8.0,18.0
480291704022,524.0,464.0,444.0,20.0,51.0,9.0
480291704023,535.0,452.0,344.0,108.0,83.0,0.0
480291706002,588.0,473.0,390.0,83.0,86.0,0.0
480291707001,565.0,544.0,422.0,122.0,21.0,0.0
480291212041,751.0,661.0,644.0,17.0,75.0,15.0
480291212045,1222.0,1057.0,910.0,147.0,84.0,34.0
480291416001,1234.0,1195.0,903.0,292.0,0.0,26.0
480291215051,1370.0,1239.0,1151.0,88.0,67.0,54.0
480291403001,389.0,346.0,226.0,120.0,25.0,0.0
480291701013,497.0,459.0,328.0,131.0,38.0,0.0
480291718021,384.0,358.0,358.0,0.0,0.0,0.0
480291718024,370.0,370.0,318.0,52.0,0.0,0.0
480291507005,493.0,493.0,317.0,176.0,0.0,0.0
480291507002,486.0,398.0,363.0,35.0,47.0,0.0
480291507004,560.0,544.0,432.0,112.0,0.0,16.0
480291601002,756.0,688.0,574.0,114.0,15.0,12.0
480291813021,1396.0,1188.0,1132.0,56.0,86.0,9.0
480291815063,1036.0,833.0,719.0,114.0,108.0,0.0
480291809024,822.0,822.0,561.0,261.0,0.0,0.0
480291810032,534.0,534.0,534.0,0.0,0.0,0.0
480291810053,966.0,783.0,759.0,24.0,41.0,28.0
480291817152,721.0,709.0,520.0,189.0,0.0,12.0
480291203001,987.0,896.0,859.0,37.0,0.0,47.0
480291205011,351.0,285.0,273.0,12.0,0.0,66.0
480291205016,679.0,402.0,402.0,0.0,11.0,186.0
480291205017,749.0,590.0,345.0,245.0,66.0,20.0
480291211151,681.0,597.0,494.0,103.0,0.0,0.0
480291211173,775.0,702.0,616.0,86.0,28.0,45.0
480291815031,1734.0,1593.0,1529.0,64.0,22.0,32.0
480291215082,1072.0,893.0,730.0,163.0,179.0,0.0
480291914054,558.0,464.0,385.0,79.0,0.0,94.0
480291709002,589.0,563.0,474.0,89.0,18.0,0.0
480291615012,216.0,209.0,158.0,51.0,0.0,0.0
480291615014,498.0,386.0,314.0,72.0,0.0,0.0
480291701023,591.0,484.0,389.0,95.0,54.0,1.0
480291711002,662.0,636.0,472.0,164.0,0.0,0.0
480291807024,326.0,274.0,274.0,0.0,20.0,32.0
480291807021,756.0,718.0,639.0,79.0,0.0,0.0
480291809013,585.0,498.0,447.0,51.0,9.0,11.0
480291108003,274.0,239.0,208.0,31.0,0.0,14.0
480291211163,778.0,764.0,694.0,70.0,0.0,14.0
480291212034,600.0,571.0,392.0,179.0,0.0,0.0
480291212033,527.0,480.0,450.0,30.0,26.0,10.0
480291817181,1250.0,1057.0,977.0,80.0,30.0,149.0
480291902005,630.0,589.0,589.0,0.0,11.0,13.0
480291902002,281.0,253.0,253.0,0.0,7.0,7.0
480291802024,219.0,219.0,196.0,23.0,0.0,0.0
480291802022,520.0,477.0,453.0,24.0,43.0,0.0
480291805014,180.0,105.0,105.0,0.0,17.0,0.0
480291808003,228.0,188.0,158.0,30.0,0.0,25.0
480291708001,215.0,205.0,162.0,43.0,0.0,0.0
480291106001,396.0,304.0,125.0,179.0,63.0,9.0
480291510002,479.0,462.0,435.0,27.0,17.0,0.0
480291510003,628.0,597.0,430.0,167.0,22.0,0.0
480291607021,451.0,451.0,394.0,57.0,0.0,0.0
480291607022,625.0,509.0,326.0,183.0,43.0,69.0
480291215083,505.0,505.0,451.0,54.0,0.0,0.0
480291216011,779.0,761.0,716.0,45.0,18.0,0.0
480291218022,1379.0,1259.0,1058.0,201.0,0.0,86.0
480291303004,383.0,317.0,246.0,71.0,51.0,0.0
480291303003,271.0,200.0,122.0,78.0,71.0,0.0
480291909014,293.0,236.0,236.0,0.0,52.0,5.0
480291809011,484.0,449.0,347.0,102.0,16.0,19.0
480291815043,241.0,224.0,163.0,61.0,0.0,17.0
480291816011,500.0,439.0,413.0,26.0,61.0,0.0
480291818093,865.0,707.0,659.0,48.0,27.0,62.0
480291821011,2025.0,1904.0,1601.0,303.0,0.0,109.0
480291906012,549.0,515.0,401.0,114.0,2.0,8.0
480291910042,907.0,800.0,740.0,60.0,69.0,38.0
480291212052,516.0,406.0,373.0,33.0,81.0,0.0
480291212064,372.0,349.0,318.0,31.0,0.0,0.0
480291212066,543.0,528.0,430.0,98.0,15.0,0.0
480291602001,414.0,356.0,324.0,32.0,12.0,33.0
480291817131,1190.0,1109.0,786.0,323.0,53.0,28.0
480291815052,715.0,681.0,562.0,119.0,0.0,34.0
480291817041,737.0,640.0,476.0,164.0,38.0,30.0
480291817043,1011.0,907.0,726.0,181.0,27.0,32.0
480291907001,605.0,547.0,529.0,18.0,0.0,50.0
480291812003,556.0,452.0,327.0,125.0,0.0,59.0
480291511006,75.0,48.0,48.0,0.0,27.0,0.0
480291514003,555.0,458.0,353.0,105.0,27.0,0.0
480291909022,830.0,772.0,687.0,85.0,13.0,27.0
480291810011,749.0,623.0,562.0,61.0,77.0,11.0
480291821031,1455.0,1304.0,1142.0,162.0,0.0,135.0
480291901001,417.0,331.0,304.0,27.0,0.0,46.0
480291817033,1470.0,1415.0,1267.0,148.0,0.0,55.0
480291803004,422.0,377.0,327.0,50.0,21.0,6.0
480291313003,711.0,623.0,498.0,125.0,13.0,75.0
480291313002,683.0,673.0,635.0,38.0,0.0,10.0
480291103001,640.0,577.0,496.0,81.0,15.0,27.0
480291206007,313.0,245.0,245.0,0.0,16.0,19.0
480291206004,776.0,743.0,703.0,40.0,0.0,0.0
480291206001,707.0,669.0,669.0,0.0,15.0,9.0
480291517005,538.0,457.0,430.0,27.0,60.0,0.0
480291517004,427.0,365.0,355.0,10.0,62.0,0.0
480291719031,484.0,424.0,394.0,30.0,33.0,25.0
480291717002,357.0,315.0,315.0,0.0,0.0,0.0
480291719033,647.0,592.0,592.0,0.0,0.0,0.0
480291509004,280.0,250.0,203.0,47.0,16.0,14.0
480291509003,681.0,597.0,487.0,110.0,72.0,12.0
480291705001,496.0,481.0,435.0,46.0,0.0,0.0
480291805041,704.0,636.0,590.0,46.0,24.0,8.0
480291205022,221.0,193.0,193.0,0.0,28.0,0.0
480291205021,534.0,509.0,478.0,31.0,0.0,0.0
480291207014,370.0,301.0,257.0,44.0,0.0,59.0
480291302001,476.0,417.0,297.0,120.0,33.0,13.0
480291410001,258.0,249.0,212.0,37.0,9.0,0.0
480291516005,339.0,339.0,228.0,111.0,0.0,0.0
480291516003,1034.0,906.0,642.0,264.0,73.0,32.0
480291817053,1219.0,1095.0,905.0,190.0,54.0,36.0
480291606002,701.0,656.0,567.0,89.0,45.0,0.0
480291419001,934.0,883.0,762.0,121.0,0.0,33.0
480291515001,354.0,326.0,281.0,45.0,28.0,0.0
480291603001,467.0,413.0,361.0,52.0,9.0,17.0
480291603004,459.0,449.0,416.0,33.0,10.0,0.0
480291613021,1813.0,1742.0,1540.0,202.0,0.0,48.0
480291804002,695.0,617.0,565.0,52.0,34.0,0.0
480291807011,718.0,610.0,526.0,84.0,28.0,53.0
480291811001,668.0,567.0,544.0,23.0,0.0,14.0
480291211082,880.0,813.0,813.0,0.0,0.0,50.0
480291203004,577.0,533.0,533.0,0.0,0.0,44.0
480291203006,517.0,488.0,488.0,0.0,0.0,29.0
480291506002,631.0,531.0,385.0,146.0,85.0,0.0
480291506001,375.0,340.0,329.0,11.0,5.0,0.0
480291511002,899.0,854.0,819.0,35.0,0.0,10.0
480291105001,541.0,332.0,247.0,85.0,125.0,48.0
480291210002,322.0,286.0,244.0,42.0,0.0,20.0
480291210001,265.0,244.0,244.0,0.0,0.0,0.0
480291211101,1131.0,1099.0,1043.0,56.0,8.0,24.0
480291215063,737.0,636.0,590.0,46.0,101.0,0.0
480291315033,567.0,528.0,386.0,142.0,0.0,39.0
480291315043,1212.0,1106.0,865.0,241.0,48.0,58.0
480291315061,566.0,555.0,466.0,89.0,0.0,0.0
480291315072,555.0,484.0,286.0,198.0,5.0,15.0
480291316062,1596.0,1550.0,1426.0,124.0,0.0,36.0
480291316091,941.0,941.0,771.0,170.0,0.0,0.0
480291316101,1519.0,1462.0,1375.0,87.0,16.0,8.0
480291316121,944.0,914.0,811.0,103.0,6.0,6.0
480291316141,1805.0,1697.0,1312.0,385.0,38.0,47.0
480291316152,1149.0,1111.0,988.0,123.0,0.0,38.0
480291318011,707.0,661.0,602.0,59.0,4.0,42.0
480291318022,310.0,301.0,301.0,0.0,0.0,0.0
480291411012,362.0,266.0,189.0,77.0,74.0,0.0
480291522022,627.0,586.0,464.0,122.0,0.0,41.0
480291411022,223.0,206.0,133.0,73.0,0.0,0.0
480291414031,689.0,630.0,527.0,103.0,0.0,28.0
480291414042,990.0,835.0,792.0,43.0,142.0,13.0
480291605013,205.0,180.0,133.0,47.0,5.0,0.0
480291605023,415.0,403.0,264.0,139.0,0.0,0.0
480291609012,452.0,430.0,369.0,61.0,12.0,10.0
480291609022,609.0,549.0,426.0,123.0,53.0,0.0
480291613031,1109.0,1032.0,929.0,103.0,8.0,47.0
480291613042,979.0,909.0,788.0,121.0,18.0,33.0
480291615032,571.0,465.0,363.0,102.0,106.0,0.0
480291615042,1077.0,1070.0,841.0,229.0,6.0,1.0
480291618021,2696.0,2567.0,2176.0,391.0,35.0,58.0
480291619021,500.0,500.0,399.0,101.0,0.0,0.0
480291620031,1002.0,982.0,820.0,162.0,0.0,13.0
480291620041,616.0,505.0,382.0,123.0,0.0,94.0
480291713012,599.0,571.0,473.0,98.0,23.0,5.0
480291716012,402.0,369.0,263.0,106.0,33.0,0.0
480291716022,231.0,225.0,204.0,21.0,6.0,0.0
480291719122,1139.0,1089.0,896.0,193.0,0.0,50.0
480291719141,730.0,673.0,620.0,53.0,0.0,0.0
480291719151,837.0,793.0,646.0,147.0,7.0,33.0
480291719163,1552.0,1503.0,1395.0,108.0,34.0,15.0
480291719181,698.0,670.0,602.0,68.0,0.0,7.0
480291215044,1504.0,1303.0,1205.0,98.0,76.0,125.0
480291215064,436.0,366.0,316.0,50.0,0.0,47.0
480291216061,314.0,298.0,240.0,58.0,0.0,16.0
480291216064,336.0,323.0,293.0,30.0,0.0,13.0
480291217013,253.0,242.0,219.0,23.0,0.0,11.0
480291217022,496.0,454.0,439.0,15.0,0.0,42.0
480291218082,1427.0,1369.0,1230.0,139.0,11.0,47.0
480291218093,932.0,890.0,816.0,74.0,0.0,34.0
480291218111,2302.0,2195.0,1917.0,278.0,23.0,53.0
480291218122,592.0,573.0,570.0,3.0,0.0,19.0
480291218131,951.0,928.0,907.0,21.0,0.0,9.0
480291219041,565.0,490.0,467.0,23.0,0.0,75.0
480291219052,2098.0,1955.0,1637.0,318.0,14.0,80.0
480291219071,713.0,665.0,638.0,27.0,0.0,29.0
480291211085,1041.0,929.0,869.0,60.0,33.0,64.0
480291211191,438.0,416.0,333.0,83.0,0.0,22.0
480291211201,1441.0,1298.0,1230.0,68.0,75.0,0.0
480291207013,542.0,385.0,352.0,33.0,0.0,0.0
480291215043,1020.0,967.0,715.0,252.0,0.0,53.0
480291503002,582.0,468.0,284.0,184.0,40.0,0.0
480291418003,916.0,865.0,624.0,241.0,0.0,44.0
480291508001,407.0,367.0,297.0,70.0,35.0,0.0
480291712001,471.0,408.0,245.0,163.0,40.0,8.0
480291712002,436.0,364.0,354.0,10.0,10.0,62.0
480291512004,301.0,278.0,251.0,27.0,0.0,23.0
480291904002,1087.0,609.0,529.0,80.0,8.0,95.0
480291817121,1395.0,1246.0,1181.0,65.0,1.0,146.0
480291816024,837.0,795.0,759.0,36.0,20.0,15.0
480291816022,721.0,650.0,545.0,105.0,39.0,0.0
480291314022,840.0,811.0,695.0,116.0,9.0,20.0
480291719183,1431.0,1309.0,1130.0,179.0,0.0,83.0
480291719201,1776.0,1456.0,1244.0,212.0,74.0,133.0
480291719212,758.0,725.0,632.0,93.0,0.0,17.0
480291719231,808.0,808.0,650.0,158.0,0.0,0.0
480291719234,2646.0,2464.0,2347.0,117.0,71.0,82.0
480291719251,507.0,437.0,399.0,38.0,27.0,43.0
480291719253,1992.0,1844.0,1744.0,100.0,11.0,64.0
480291720023,2510.0,2224.0,1644.0,580.0,0.0,165.0
480291720041,1754.0,1555.0,1437.0,118.0,11.0,182.0
480291720061,1868.0,1783.0,1465.0,318.0,0.0,53.0
480291720071,2318.0,2219.0,1966.0,253.0,0.0,88.0
480291801011,511.0,511.0,464.0,47.0,0.0,0.0
480291714011,1019.0,959.0,891.0,68.0,27.0,9.0
480291714022,284.0,261.0,261.0,0.0,23.0,0.0
480291715012,501.0,424.0,416.0,8.0,56.0,10.0
480291715023,811.0,695.0,619.0,76.0,15.0,0.0
480291917011,360.0,323.0,295.0,28.0,0.0,22.0
480291917022,762.0,706.0,616.0,90.0,0.0,56.0
480291918043,1109.0,1018.0,915.0,103.0,0.0,79.0
480291918111,1813.0,1650.0,1566.0,84.0,0.0,131.0
480291918063,2632.0,2231.0,2029.0,202.0,0.0,211.0
480291918081,1464.0,1307.0,1215.0,92.0,0.0,129.0
480291918092,1281.0,1098.0,1031.0,67.0,13.0,170.0
480291918131,2302.0,1991.0,1855.0,136.0,0.0,259.0
480291817252,1200.0,1159.0,884.0,275.0,30.0,11.0
480291817263,1728.0,1529.0,1423.0,106.0,17.0,102.0
480291817281,3386.0,3037.0,2451.0,586.0,0.0,244.0
480291817301,525.0,508.0,499.0,9.0,0.0,9.0
480291817312,1218.0,1181.0,1137.0,44.0,18.0,19.0
480291818112,236.0,226.0,226.0,0.0,0.0,10.0
480291818132,1322.0,1281.0,1129.0,152.0,0.0,0.0
480291818142,1845.0,1703.0,1617.0,86.0,0.0,50.0
480291818161,589.0,527.0,484.0,43.0,8.0,54.0
480291818172,466.0,457.0,433.0,24.0,0.0,9.0
480291818183,1378.0,1245.0,1234.0,11.0,133.0,0.0
480291818201,1044.0,408.0,279.0,129.0,7.0,169.0
480291818212,1503.0,1414.0,1251.0,163.0,17.0,61.0
480291818223,1212.0,1054.0,974.0,80.0,20.0,37.0
480291905032,615.0,503.0,487.0,16.0,60.0,18.0
480291905042,706.0,657.0,611.0,46.0,19.0,30.0
480291906041,577.0,479.0,384.0,95.0,23.0,29.0
480291910051,463.0,411.0,339.0,72.0,34.0,6.0
480291910062,731.0,596.0,543.0,53.0,0.0,0.0
480291801013,463.0,392.0,377.0,15.0,35.0,0.0
480291801016,270.0,261.0,261.0,0.0,9.0,0.0
480291806031,1047.0,974.0,886.0,88.0,21.0,3.0
480291806043,375.0,360.0,360.0,0.0,0.0,15.0
480291807026,977.0,845.0,764.0,81.0,84.0,0.0
480291814031,953.0,831.0,654.0,177.0,23.0,52.0
480291814041,2156.0,1810.0,1655.0,155.0,27.0,0.0
480291815044,865.0,830.0,745.0,85.0,0.0,24.0
480291817154,1170.0,1137.0,804.0,333.0,0.0,33.0
480291820022,246.0,225.0,225.0,0.0,0.0,21.0
480291820031,1625.0,1530.0,1411.0,119.0,0.0,68.0
480291821013,1480.0,1180.0,1096.0,84.0,20.0,245.0
480291821051,1241.0,1125.0,1054.0,71.0,0.0,103.0
480291910065,265.0,251.0,231.0,20.0,0.0,14.0
480291912013,189.0,127.0,109.0,18.0,19.0,43.0
480291918141,1389.0,1281.0,1195.0,86.0,0.0,68.0
480291918152,970.0,914.0,883.0,31.0,0.0,50.0
480291918171,4267.0,3991.0,3488.0,503.0,0.0,139.0
480291919002,508.0,478.0,299.0,179.0,30.0,0.0
480291919005,385.0,355.0,186.0,169.0,21.0,0.0
480291920003,965.0,846.0,813.0,33.0,71.0,0.0
480291921001,715.0,555.0,554.0,1.0,22.0,91.0
480291922002,406.0,303.0,280.0,23.0,46.0,0.0
