OBJECTID,BLOCKGROUP,SUM_POPULA,Shape_STArea__,Shape_STLength__,ShapeSTArea,ShapeSTLength
1,480291101001,955,19517058.8888747,23279.12856787,19517058.8886719,23279.1285678737
2,480291101002,694,7319464.09907477,14609.29786971,7319464.1015625,14609.2978697093
3,480291101003,1730,11332054.0101472,14546.23228876,11332054.0703125,14546.2322887552
4,480291103001,1041,4292227.77014213,9662.07483564,4292227.78320312,9662.07483563567
5,480291103002,797,4074138.80694005,10523.20496983,4074138.8046875,10523.20496983
6,480291103003,704,8312682.99574381,15680.97866424,8312683.0078125,15680.9786642448
7,480291105001,2238,13666529.5295312,16048.49362687,13666529.4863281,16048.4936268681
8,480291106001,1374,7933404.15808628,14861.47050991,7933404.1640625,14861.4705099116
9,480291106002,1330,7741606.59366195,13191.25965256,7741606.625,13191.2596525608
10,480291106003,4849,5498780.58198504,12157.28241235,5498780.59960938,12157.2824123495
11,480291107001,1398,10583704.5895675,16998.77689438,10583704.578125,16998.7768943778
12,480291108001,763,5988345.96080292,12016.38760889,5988345.99023438,12016.3876088906
13,480291108002,617,5355412.75935204,9238.3023827,5355412.79492188,9238.30238270356
14,480291108003,585,2485040.76141604,6568.0779829,2485040.76367188,6568.07798289671
15,480291109001,549,13517623.8017172,17832.94612297,13517623.7773438,17832.9461229729
16,480291110001,803,3077698.21217422,7070.49573008,3077698.22460938,7070.49573007874
17,480291110002,601,7765516.10258453,18236.25975977,7765516.12890625,18236.2597597732
18,480291110003,721,5802777.71059103,13817.9013597,5802777.68359375,13817.9013596968
19,480291201001,7129,145559608.501193,77492.41386413,145559609.289062,77492.4138641339
20,480291203001,1322,9375147.57159172,12792.81948606,9375147.65429688,12792.8194860582
21,480291203002,622,4796155.87028372,9220.48292507,4796155.84960938,9220.48292507248
22,480291203003,912,4581759.14161936,11212.40029566,4581759.11328125,11212.4002956613
23,480291203004,1048,9493725.5817168,13111.83581743,9493725.6015625,13111.8358174306
24,480291203005,863,6921065.20037213,14211.46130861,6921065.14648438,14211.4613086137
25,480291203006,649,4351272.33556048,10551.83154131,4351272.33984375,10551.8315413103
26,480291203007,806,6870272.789397,15535.33730774,6870272.75390625,15535.3373077369
27,480291203008,809,4937411.20832924,11336.58586291,4937411.24804688,11336.5858629121
28,480291204001,907,7847136.34661062,13325.56728917,7847136.34570312,13325.5672891662
29,480291204002,726,6062146.67026327,10326.29880161,6062146.6796875,10326.2988016086
30,480291204003,1083,12689445.1770366,20553.52829731,12689445.1582031,20553.5282973082
31,480291204004,1111,10450511.5315649,13580.89423724,10450511.4863281,13580.8942372407
32,480291204005,1051,8658053.00720341,14296.10147937,8658053.02929688,14296.1014793722
33,480291204006,855,4881705.22878606,10121.3083457,4881705.2109375,10121.3083456958
34,480291205011,711,5002117.506269,13885.78634695,5002117.59375,13885.7863469527
35,480291205012,1363,5065082.98711753,10416.19843184,5065082.98046875,10416.1984318423
36,480291205013,1463,32785170.9252878,40119.73827723,32785170.671875,40119.7382772309
37,480291205014,1273,6773940.73790575,12588.8259505,6773940.796875,12588.8259505009
38,480291205015,1555,8894004.87796038,12519.43122135,8894004.83203125,12519.4312213523
39,480291205016,933,6442521.33141748,13380.93141193,6442521.3125,13380.9314119287
40,480291205017,853,4237695.78734642,8660.40333815,4237695.81054688,8660.4033381483
41,480291205021,957,5595346.35231439,14289.96197062,5595346.40625,14289.9619706212
42,480291205022,937,6186221.6259075,10123.52956529,6186221.60546875,10123.5295652916
43,480291205023,637,6659303.99658184,13506.19638931,6659303.90820312,13506.1963893145
44,480291205024,617,7100720.64905426,15882.26643894,7100720.6640625,15882.2664389446
45,480291205025,945,4615475.07922024,10208.75888004,4615475.06640625,10208.75888004
46,480291205026,1062,5484258.33347287,11708.73609631,5484258.36914062,11708.736096311
47,480291206001,1016,5278320.41887474,12746.77945347,5278320.35742188,12746.7794534721
48,480291206002,774,4269324.65624315,9016.74197105,4269324.64257812,9016.74197104873
49,480291206003,749,7292827.40550966,11709.66201133,7292827.44140625,11709.6620113318
50,480291206004,1168,6457809.59178791,11471.40621888,6457809.58398438,11471.4062188817
51,480291206005,734,4643012.01170491,8887.32410887,4643012.01953125,8887.32410886666
52,480291206006,604,3658096.52267998,8328.04838427,3658096.4921875,8328.04838426525
53,480291206007,925,3788512.75929756,8444.7545739,3788512.81054688,8444.754573896
54,480291207011,730,11290943.4125269,16238.11208309,11290943.3671875,16238.112083091
55,480291207012,1414,7271000.94092832,14259.60118657,7271000.98242188,14259.6011865668
56,480291207013,1197,4670996.99945637,12238.48845869,4670996.96679688,12238.4884586889
57,480291207014,1121,8974875.12383046,15195.48894938,8974875.15625,15195.4889493847
58,480291207015,864,4480746.38702441,8468.0687604,4480746.40820312,8468.0687604022
59,480291207021,2752,23841278.6942804,21569.39603984,23841278.3808594,21569.3960398394
60,480291207022,656,3587813.35770194,8432.2370212,3587813.34765625,8432.23702119614
61,480291207023,1069,7859738.65801102,11298.56164439,7859738.6953125,11298.5616443918
62,480291208001,777,8737442.10209616,12896.61944062,8737442.1015625,12896.6194406225
63,480291208002,1026,8337613.20360592,11840.73995893,8337613.17578125,11840.7399589326
64,480291208003,1311,9671690.09997307,12740.35574681,9671690.0625,12740.35574681
65,480291208004,882,4837858.092544,9035.3432935,4837858.09375,9035.34329350285
66,480291208005,724,6171736.64918254,10498.29890653,6171736.66992188,10498.2989065273
67,480291208006,870,8059024.17143958,12230.96025959,8059024.20703125,12230.9602595928
68,480291208007,744,6196131.77752513,13027.65832317,6196131.7578125,13027.6583231721
69,480291209011,752,8351493.88508745,16936.78411797,8351493.92578125,16936.7841179675
70,480291209012,1325,12517608.8506448,18957.93919601,12517608.8339844,18957.9391960056
71,480291209021,1756,5054054.29758922,10117.76453786,5054054.2421875,10117.7645378629
72,480291209022,1888,20405261.6830488,18876.19264911,20405261.5410156,18876.192649107
73,480291209023,1348,8967195.26208,16447.91323537,8967195.265625,16447.9132353656
74,480291209024,1131,16150307.8078019,22383.93543682,16150307.8496094,22383.9354368193
75,480291210001,619,21019997.3074962,23861.16821836,21019997.2207031,23861.1682183632
76,480291210002,1054,4457967.6270243,10085.88409745,4457967.64257812,10085.8840974477
77,480291210003,2091,8261134.19778433,13538.98419518,8261134.2578125,13538.9841951803
78,480291210004,828,7070541.53081602,11044.52630206,7070541.54492188,11044.52630206
79,480291210005,1419,9888036.66222091,14310.94299643,9888036.70117188,14310.9429964321
80,480291210006,1084,21225943.9844362,25487.25897794,21225944.2070312,25487.2589779442
81,480291211081,1236,7256389.3203335,14098.78684973,7256389.42773438,14098.7868497289
82,480291211082,1412,7808615.45292876,14865.75212607,7808615.48632812,14865.7521260716
83,480291211083,1988,10035000.4274491,14830.26466143,10035000.2871094,14830.2646614307
84,480291211084,1048,12288043.9731964,16299.37954766,12288044.0332031,16299.3795476555
85,480291211085,1425,7562225.1521818,14949.11065914,7562225.06640625,14949.1106591374
86,480291211101,2155,26765670.581281,20944.48413611,26765670.484375,20944.4841361054
87,480291211102,1456,12655955.1513219,16415.71875417,12655955.0410156,16415.7187541748
88,480291211103,1284,9470228.83655854,12227.06027127,9470228.98242188,12227.0602712654
89,480291211111,905,4799564.12738018,10500.70357865,4799564.1328125,10500.7035786454
90,480291211112,1817,12166966.0587534,19103.01939471,12166965.9765625,19103.0193947122
91,480291211113,1850,13685927.9637894,15558.48413697,13685927.8710938,15558.4841369748
92,480291211114,2019,10153918.8846481,17310.22742336,10153918.9179688,17310.2274233602
93,480291211121,2131,41754700.8393063,31504.96263044,41754701.0625,31504.962630443
94,480291211122,1640,13500607.3627952,19187.64065883,13500607.515625,19187.6406588282
95,480291211151,1587,5642581.1155971,11259.38647842,5642581.18945312,11259.3864784223
96,480291211152,1968,12782974.6097059,16777.53887619,12782974.6777344,16777.5388761911
97,480291211153,1586,8356861.97575625,13676.1598955,8356862,13676.1598955001
98,480291211161,1457,7663772.18748559,15898.189062,7663772.16601562,15898.189061996
99,480291211162,575,11938284.2757701,15459.65807781,11938284.1367188,15459.6580778059
100,480291211163,1005,6291402.17376653,17346.73374533,6291402.21679688,17346.7337453255
101,480291211164,1802,8494274.07836079,16208.24413919,8494274.03320312,16208.2441391877
102,480291211171,2171,9459474.64825948,18342.40867601,9459474.73242188,18342.4086760092
103,480291211172,1153,12010836.2138854,14821.50330001,12010836.2792969,14821.5033000082
104,480291211173,1124,4944368.45263196,11273.31970123,4944368.4375,11273.3197012255
105,480291211181,1696,30106346.8813676,38967.38064863,30106346.5644531,38967.3806486288
106,480291211182,1893,2485303.91715063,8780.82368065,2485303.9296875,8780.82368064869
107,480291211183,2031,18403752.0443324,25577.01195615,18403752.2148438,25577.0119561471
108,480291211191,955,4630492.80698007,14008.74004219,4630492.8125,14008.7400421875
109,480291211192,2917,18400913.7997463,31926.63422221,18400913.8222656,31926.6342222118
110,480291211193,1490,23998796.7722795,21596.26753071,23998796.7519531,21596.2675307127
111,480291211201,2636,34807361.1859318,31850.36424354,34807361.3886719,31850.3642435408
112,480291211202,2467,13852213.5421899,17384.18339921,13852213.4472656,17384.183399209
113,480291211211,1981,18384835.185412,19229.12286536,18384835.1933594,19229.1228653572
114,480291211212,1020,8507892.9566512,18116.87793265,8507892.91015625,18116.8779326456
115,480291211221,1517,10514718.8709098,18020.83158196,10514718.7988281,18020.831581962
116,480291211222,1822,11510611.7130907,17553.97498979,11510611.6699219,17553.9749897922
117,480291211223,2051,11379995.8362616,14014.39204864,11379995.890625,14014.3920486374
118,480291212031,503,22846011.1234297,23738.40821415,22846011.0722656,23738.4082141534
119,480291212032,1475,21070694.3890042,24758.79471125,21070694.3007812,24758.7947112509
120,480291212033,1038,26897708.6990604,30131.79604632,26897708.8457031,30131.7960463227
121,480291212034,980,9694997.81682925,13580.128822,9694997.8125,13580.1288219994
122,480291212041,1872,27675945.8800596,31019.93903145,27675945.7988281,31019.9390314543
123,480291212042,1676,6833661.01860501,11271.1708253,6833661.01367188,11271.1708253042
124,480291212043,1303,3865039.65530016,8294.32978814,3865039.65820312,8294.32978813715
125,480291212044,1218,4733553.38019335,10879.80089878,4733553.3828125,10879.8008987778
126,480291212045,1678,4161866.1994755,10865.62870643,4161866.24023438,10865.6287064344
127,480291212051,2483,9251153.52496082,15712.69353709,9251153.47460938,15712.693537086
128,480291212052,1013,22767878.9865542,32025.17406791,22767878.9394531,32025.1740679126
129,480291212061,984,9328427.80352789,14111.37142241,9328427.84375,14111.3714224073
130,480291212062,898,4549021.12030102,11026.42252945,4549021.109375,11026.4225294543
131,480291212063,1165,8601676.66307198,13120.16393711,8601676.64648438,13120.1639371123
132,480291212064,958,5533529.12735964,9949.08576797,5533529.12890625,9949.08576797172
133,480291212065,1904,11537655.8708924,15162.68405115,11537655.9492188,15162.6840511537
134,480291212066,1358,5370513.77354269,9530.66195752,5370513.75585938,9530.66195751685
135,480291213001,2589,17909154.5515539,19026.55799776,17909154.5117188,19026.557997761
136,480291213002,1277,14445965.0103048,17393.49444559,14445964.9707031,17393.4944455871
137,480291213003,827,8607888.22484986,17170.10273548,8607888.28710938,17170.1027354796
138,480291213004,1379,13995138.0591896,15380.71626731,13995138.0644531,15380.7162673092
139,480291214021,4024,36394205.2195343,30060.61207353,36394205.0117188,30060.612073533
140,480291214022,1560,13026997.1653575,15612.41976728,13026997.2167969,15612.4197672795
141,480291214031,2115,21934263.6786155,21139.45228864,21934263.7285156,21139.4522886363
142,480291214032,1019,16509450.5566508,17057.98838658,16509450.5585938,17057.9883865789
143,480291214033,1823,9264336.05102507,13981.44516946,9264335.98828125,13981.4451694611
144,480291214041,1722,20540419.3527156,19843.79124557,20540419.4296875,19843.7912455718
145,480291214042,1762,7408650.98822401,16603.37174189,7408651.05273438,16603.3717418872
146,480291214043,1461,44821985.6079556,29287.35456156,44821985.7734375,29287.3545615554
147,480291215011,1261,21113931.3983144,20231.48250816,21113931.4277344,20231.4825081605
148,480291215012,1806,14494070.4918893,17632.19475997,14494070.4921875,17632.1947599658
149,480291215013,2744,17034656.3231431,19049.8761588,17034656.3613281,19049.8761587987
150,480291215014,2020,10433712.4038592,20423.24554996,10433712.484375,20423.2455499606
151,480291215041,1462,5440230.08113704,10949.1641026,5440230.09179688,10949.1641025997
152,480291215042,652,3525679.00028205,8614.97879919,3525679.01171875,8614.97879919043
153,480291215043,1265,15461264.0897257,21273.08799422,15461264.1328125,21273.0879942202
154,480291215044,3544,17473133.7640763,19539.0825644,17473133.7871094,19539.0825644016
155,480291215051,2368,10303944.2535451,16422.5966818,10303944.1542969,16422.5966817971
156,480291215052,851,4621796.87692425,9514.76323056,4621796.88476562,9514.76323056119
157,480291215053,1352,20892888.1355192,25494.24912822,20892888.171875,25494.2491282209
158,480291215061,1938,14214316.71846,20683.94280138,14214316.7246094,20683.9428013826
159,480291215062,1317,5112707.91836406,10026.85839427,5112707.93945312,10026.8583942714
160,480291215063,1264,4511186.94591756,9648.32473589,4511186.93359375,9648.32473588924
161,480291215064,1223,4110489.47592727,11173.23984452,4110489.48242188,11173.2398445166
162,480291215071,1232,4536391.6953901,9556.85945872,4536391.67382812,9556.85945871594
163,480291215072,1207,9760112.93243017,14637.49360437,9760112.91210938,14637.4936043682
164,480291215073,1004,6169491.65738173,12559.30400855,6169491.671875,12559.3040085457
165,480291215074,1593,8266390.84849724,15213.60821791,8266390.77539062,15213.6082179097
166,480291215081,2114,12130399.7749824,14069.64143444,12130399.8574219,14069.6414344405
167,480291215082,1962,7455827.36654884,12801.11845813,7455827.41210938,12801.1184581305
168,480291215083,988,4444697.30626373,10773.22385034,4444697.26367188,10773.2238503433
169,480291216011,1435,6405175.8554331,13689.38971233,6405175.85546875,13689.3897123278
170,480291216012,1181,6569671.93754096,12230.69548365,6569671.8984375,12230.6954836476
171,480291216013,1279,22397080.4595778,20657.64312384,22397080.4355469,20657.6431238366
172,480291216014,859,4879274.53772236,10328.09423998,4879274.5390625,10328.0942399788
173,480291216041,3941,20261269.190487,19817.76714146,20261269.3203125,19817.7671414553
174,480291216042,841,16172544.0070662,23627.74304823,16172543.8886719,23627.7430482333
175,480291216043,676,4315947.1039219,10404.91684552,4315947.08203125,10404.9168455243
176,480291216044,1789,11868252.3966949,20870.00642784,11868252.4003906,20870.0064278403
177,480291216051,1252,6627376.98223156,16078.07568565,6627376.921875,16078.0756856531
178,480291216052,669,24890871.5701599,27009.40074321,24890871.7265625,27009.4007432135
179,480291216061,760,6384074.96871074,10326.30823567,6384075.02539062,10326.3082356701
180,480291216062,2077,13789576.0569638,17395.59053779,13789575.9941406,17395.5905377856
181,480291216063,1193,6313166.78544353,10928.5748939,6313166.76757812,10928.5748939001
182,480291216064,830,4294592.89205422,9513.09687746,4294592.875,9513.09687746279
183,480291217011,1197,9334973.212607,15955.41248078,9334973.28125,15955.4124807785
184,480291217012,759,14761669.5478706,31112.49742985,14761669.6660156,31112.4974298451
185,480291217013,818,5705815.62930767,13321.27293171,5705815.54101562,13321.2729317062
186,480291217014,997,5914290.2515985,12646.91907495,5914290.1875,12646.9190749454
187,480291217021,2786,33289600.4438727,30264.7487009,33289600.4746094,30264.7487008998
188,480291217022,1222,17033282.4381328,20203.58559885,17033282.3457031,20203.5855988511
189,480291217023,2952,16050072.1933676,16668.96039125,16050072.1289062,16668.960391253
190,480291218021,2287,46613670.4296339,29590.13144954,46613670.4921875,29590.1314495376
191,480291218022,2906,14613675.5999295,16264.54957544,14613675.4863281,16264.5495754406
192,480291218023,2983,33360404.7691613,22575.37502081,33360404.84375,22575.3750208081
193,480291218031,1713,14346811.8920142,21811.91074047,14346811.7753906,21811.9107404726
194,480291218032,920,6529273.74803689,13400.75433184,6529273.73828125,13400.7543318397
195,480291218033,1916,14676364.7687672,18171.11316606,14676364.8105469,18171.1131660569
196,480291218041,1910,8837313.46171469,13603.59587759,8837313.53515625,13603.5958775874
197,480291218042,2723,11734835.0301556,17347.475383,11734835.0039062,17347.4753830042
198,480291218043,1720,5392818.36650445,9465.76422674,5392818.38671875,9465.76422673752
199,480291218081,760,5459368.0512553,9482.8342632,5459368.04296875,9482.83426319721
200,480291218082,2676,12128917.6762128,15174.82517527,12128917.7402344,15174.825175271
201,480291218091,907,4121962.71999565,11503.47605449,4121962.7265625,11503.4760544929
202,480291218092,2661,10257545.0966123,13748.83842897,10257545.0742188,13748.8384289667
203,480291218093,1414,6792478.61374048,14397.31104461,6792478.49023438,14397.3110446103
204,480291218101,3008,15806716.1591178,20043.32209342,15806715.9453125,20043.3220934161
205,480291218102,1379,6813100.5780952,11301.46821785,6813100.49609375,11301.468217846
206,480291218111,3435,16665184.3206316,17534.14760102,16665184.3125,17534.1476010175
207,480291218112,1041,11879858.0317835,16965.45498145,11879857.9375,16965.4549814465
208,480291218121,3782,11672937.2875536,15595.51085096,11672937.2910156,15595.5108509572
209,480291218122,764,5616876.34687303,11923.68931273,5616876.36914062,11923.689312735
210,480291218123,884,10123476.0518112,14993.37512534,10123476.1054688,14993.3751253426
211,480291218124,598,10071137.2663882,13621.78891373,10071137.2597656,13621.7889137272
212,480291218131,1637,20448621.0172238,22283.52423635,20448620.9355469,22283.5242363543
213,480291219031,1601,41689716.1294982,48617.76228564,41689716.3066406,48617.7622856411
214,480291219032,3164,47674820.3132503,40521.36915279,47674820.5019531,40521.3691527871
215,480291219041,987,9912654.95911055,14971.12345808,9912654.92578125,14971.123458076
216,480291219042,2577,10783552.2428525,14622.01716828,10783552.1230469,14622.0171682808
217,480291219051,1937,44399197.2271424,29976.48572131,44399197.1855469,29976.4857213058
218,480291219052,3839,40487929.8931673,29745.47278909,40487929.6601562,29745.472789093
219,480291219061,3093,38464664.0206978,36887.74967726,38464664.0507812,36887.7496772637
220,480291219062,2468,30871154.4251228,24135.33391626,30871154.3066406,24135.3339162616
221,480291219071,917,182118850.694663,65800.2110431,182118850.818359,65800.211043102
222,480291219072,8412,254540872.02739,88152.90001762,254540871.894531,88152.9000176176
223,480291219081,753,420970194.046158,116599.5064608,420970193.330078,116599.506460804
224,480291219082,1721,39069539.1036336,32374.08522731,39069538.9472656,32374.08522731
225,480291219091,1899,44119942.495294,32444.43157272,44119942.453125,32444.4315727225
226,480291219092,2611,89671331.1199811,39802.97031909,89671331.2285156,39802.9703190905
227,480291219101,3477,288905284.593027,90516.01069313,288905284.269531,90516.0106931288
228,480291219102,1259,20343971.3466323,27695.39329979,20343971.4003906,27695.3932997919
229,480291302001,764,3346911.43533837,8077.81647205,3346911.44140625,8077.81647204696
230,480291302002,991,7252565.63537649,14186.61993942,7252565.54492188,14186.6199394213
231,480291303001,715,3426723.06706861,7821.71298322,3426723.06054688,7821.71298321583
232,480291303002,877,3388887.82847441,8819.87857326,3388887.84179688,8819.87857325969
233,480291303003,712,2386066.92917512,7044.71393491,2386066.95507812,7044.71393491095
234,480291303004,999,3813446.43081893,9690.33051328,3813446.44921875,9690.33051327778
235,480291304011,950,3904325.52802472,8307.30224282,3904325.51953125,8307.30224282272
236,480291304012,1073,4620318.56982128,10105.98859051,4620318.5859375,10105.9885905098
237,480291304013,1096,4784250.06737925,10551.30117975,4784250.078125,10551.3011797547
238,480291304014,988,3809233.05794116,8223.11066094,3809233.07226562,8223.11066093984
239,480291304021,1173,9737255.19186459,13461.20640331,9737255.18359375,13461.2064033077
240,480291304022,1556,10645112.25638,17295.29021783,10645112.3125,17295.2902178346
241,480291304023,1243,7474084.67804226,14155.14344659,7474084.75585938,14155.1434465938
242,480291305001,642,2596789.05811413,7713.67991673,2596789.06835938,7713.67991673329
243,480291305002,770,3246528.341501,8167.2070803,3246528.375,8167.20708029509
244,480291305003,2046,14013447.4772638,15765.52744289,14013447.3300781,15765.5274428912
245,480291305004,688,4725298.1715544,8694.87231512,4725298.1875,8694.87231512409
246,480291306001,676,5136514.66597517,12119.8460507,5136514.68359375,12119.846050702
247,480291306002,1287,4498869.63677228,9269.01293869,4498869.6171875,9269.01293869095
248,480291306003,1524,6923324.7162533,11343.90859787,6923324.73632812,11343.9085978744
249,480291306004,1108,5340355.12413831,11398.22040975,5340355.1328125,11398.2204097481
250,480291307001,585,9594225.14129375,17211.25711101,9594225.08789062,17211.2571110119
251,480291307002,1143,6273745.38786298,11772.65783116,6273745.37109375,11772.6578311565
252,480291308001,2571,67136992.2036476,39413.00889851,67136992.53125,39413.0088985138
253,480291308002,745,11058720.9935503,15907.6921426,11058720.9511719,15907.6921425964
254,480291308003,684,3220708.67148805,14558.45689408,3220708.70898438,14558.4568940755
255,480291308004,848,9362922.23181357,20791.92284934,9362922.19921875,20791.9228493389
256,480291309001,2194,50314851.0553935,41191.98275911,50314851.4355469,41191.9827591128
257,480291309002,1045,8397610.78857618,13724.20195157,8397610.86523438,13724.2019515704
258,480291309003,1450,37870962.2961137,27498.90696333,37870962.2402344,27498.9069633271
259,480291310001,2715,34242036.7373655,30962.95432101,34242036.609375,30962.9543210143
260,480291310002,764,4220515.84037677,8628.68013347,4220515.80859375,8628.68013347123
261,480291310003,786,4344280.59681698,10235.39707901,4344280.58203125,10235.3970790059
262,480291310004,801,17060575.4343576,25885.81889413,17060575.5449219,25885.8188941288
263,480291311001,742,2991460.31272159,9079.01084117,2991460.31835938,9079.01084116991
264,480291311002,674,7059869.69758663,17330.26401721,7059869.80859375,17330.2640172112
265,480291311003,1022,11541103.9272501,25011.02754353,11541103.8183594,25011.0275435286
266,480291312001,1845,22544503.2768053,23149.2946262,22544503.3027344,23149.2946261973
267,480291312002,1516,29643356.9504077,29572.19439222,29643356.9375,29572.1943922166
268,480291313001,1245,8123760.78159955,13315.25545625,8123760.84179688,13315.2554562529
269,480291313002,1088,7877801.06905019,16054.23700684,7877801.05273438,16054.2370068369
270,480291313003,2101,32301109.7446809,26177.58823033,32301109.8164062,26177.5882303312
271,480291313004,1125,9229242.91263436,12423.24841461,9229242.85742188,12423.2484146095
272,480291314011,3910,73795225.0931756,50131.88442251,73795225.6875,50131.8844225057
273,480291314012,2722,12204940.9999717,20532.83464716,12204940.9042969,20532.8346471609
274,480291314021,781,85186272.9431471,38587.26173539,85186273.0527344,38587.2617353855
275,480291314022,1841,19260044.9974622,18713.70030207,19260044.9628906,18713.7003020691
276,480291315031,1282,8650408.10529536,15780.76930892,8650408.14453125,15780.7693089207
277,480291315032,926,5067742.7117862,10263.45411395,5067742.73046875,10263.4541139501
278,480291315033,938,9779077.84341687,17464.07963758,9779077.90625,17464.0796375846
279,480291315041,900,6006758.91342515,12601.68560581,6006758.8984375,12601.6856058091
280,480291315042,1102,4586687.09419625,11763.97130836,4586687.05859375,11763.9713083635
281,480291315043,2111,34600655.2242059,28948.86245529,34600655.3046875,28948.8624552856
282,480291315051,1897,11036949.9740761,15694.39738818,11036950.0019531,15694.3973881753
283,480291315052,1670,4713575.75708473,9232.21989158,4713575.71875,9232.21989158113
284,480291315061,1462,90674049.3480004,47435.37992178,90674049.5039062,47435.3799217794
285,480291315062,2008,14798322.1152995,19807.88006851,14798322.0722656,19807.8800685056
286,480291315071,2757,11740975.856882,15888.34677277,11740975.8144531,15888.3467727732
287,480291315072,706,4419160.05894019,12158.278694,4419160.07421875,12158.2786940016
288,480291315073,2673,7152647.60998296,10975.07937768,7152647.54882812,10975.0793776838
289,480291316011,1367,264009189.637496,137746.42185298,264009192.162109,137746.421852983
290,480291316012,1151,311561928.837478,88120.84376068,311561929.0625,88120.84376068
291,480291316061,2252,81801851.7548829,49021.80043936,81801851.6972656,49021.8004393627
292,480291316062,2643,27564338.7534191,27125.17959594,27564338.9375,27125.1795959428
293,480291316081,2118,15288318.4117337,27933.52878875,15288318.0136719,27933.528788749
294,480291316082,2671,37610014.7016443,28794.60477907,37610014.4824219,28794.6047790687
295,480291316091,2785,29587408.8388124,41130.8985336,29587409.1289062,41130.8985336004
296,480291316092,2189,7418989.14209504,13107.92918329,7418989.18359375,13107.9291832928
297,480291316093,3162,15434740.3973048,19130.14138639,15434740.4101562,19130.1413863938
298,480291316101,3283,10469202.7696986,14734.76468561,10469202.7714844,14734.7646856129
299,480291316102,2153,9182535.12027048,14474.85865146,9182535.16210938,14474.858651462
300,480291316111,1197,9869492.83115893,19483.1725205,9869492.83984375,19483.1725205028
301,480291316121,1512,22860122.5892361,23073.22628953,22860122.4453125,23073.2262895274
302,480291316131,1920,20484237.3785277,29050.76055938,20484237.375,29050.760559384
303,480291316132,3342,34644780.8452321,31221.98050441,34644780.8476562,31221.9805044148
304,480291316141,2862,25196268.1584529,27786.14982136,25196268.1855469,27786.1498213562
305,480291316142,845,3282850.21541316,7694.84040278,3282850.22265625,7694.8404027824
306,480291316151,1920,39578005.17187,36156.49366086,39578005.2246094,36156.4936608644
307,480291316152,2474,12067587.053525,15765.48785104,12067587.0117188,15765.4878510417
308,480291316153,2040,57524791.4788005,34025.97777323,57524791.5625,34025.9777732256
309,480291316154,1366,6668011.03218987,11824.41813606,6668010.99414062,11824.4181360613
310,480291317001,1241,112340142.226349,51360.59891814,112340141.880859,51360.5989181443
311,480291318011,1729,818343897.666154,171237.9701266,818343900.373047,171237.970126604
312,480291318012,898,298214375.010646,70669.80333952,298214376.103516,70669.8033395218
313,480291318021,1794,332422597.517942,95064.82427503,332422598.644531,95064.8242750295
314,480291318022,912,610024283.586332,107429.23355341,610024282.09375,107429.233553411
315,480291318023,2780,412130047.239161,91668.63739493,412130046.878906,91668.6373949302
316,480291401001,650,3309129.44839486,7208.2140032,3309129.43164062,7208.21400319525
317,480291401002,995,7311556.33795913,11985.58480685,7311556.33789062,11985.5848068466
318,480291402001,984,7496645.43743592,12274.3363923,7496645.51757812,12274.3363922986
319,480291402002,651,3347782.77041274,9174.66967717,3347782.7421875,9174.66967717114
320,480291402003,878,5757140.19594602,12307.19516532,5757140.22070312,12307.1951653225
321,480291402004,520,4096499.75820974,11737.96419373,4096499.78320312,11737.9641937252
322,480291403001,1217,4197001.45948371,8312.14652236,4197001.47070312,8312.14652235906
323,480291403002,1381,5579275.49246547,10715.78293966,5579275.49804688,10715.7829396627
324,480291403003,760,7105253.68074481,12848.8803419,7105253.70507812,12848.8803418984
325,480291404001,961,4719866.92541483,8716.51697958,4719866.93554688,8716.51697958098
326,480291404002,1146,4051917.23981047,8059.41209179,4051917.2734375,8059.4120917916
327,480291404003,1026,4206204.53942843,8267.52523532,4206204.52734375,8267.52523532487
328,480291404004,691,3550833.43071644,7545.1616092,3550833.44335938,7545.16160920335
329,480291405001,961,4010387.49041145,9839.97838646,4010387.46289062,9839.97838645739
330,480291405002,1012,3926152.66048992,7903.02837444,3926152.65429688,7903.02837444185
331,480291405003,1290,4483385.79194544,9013.0175758,4483385.78125,9013.01757579524
332,480291405004,779,4067412.01516922,8833.47104869,4067411.94726562,8833.47104869317
333,480291406001,1734,8794816.0751925,13330.10306011,8794816.06054688,13330.103060108
334,480291406002,898,4197282.10585347,8557.16135176,4197282.08203125,8557.1613517605
335,480291407001,1021,4915686.82406953,10264.54629849,4915686.8359375,10264.5462984924
336,480291407002,947,3383541.6118296,9229.96456798,3383541.625,9229.96456798379
337,480291407003,998,3865167.51899071,8071.55950954,3865167.5234375,8071.55950954206
338,480291407004,995,4521502.02168793,8705.4293871,4521502.02148438,8705.42938710436
339,480291407005,773,3084778.89289188,7444.27689161,3084778.87304688,7444.2768916118
340,480291408001,1283,7138579.13961256,15182.36215823,7138579.1953125,15182.3621582296
341,480291408002,946,3980135.79274867,10460.05842938,3980135.7265625,10460.0584293823
342,480291408003,675,2727373.01898772,6814.42690365,2727373.03515625,6814.42690365403
343,480291408004,993,4394032.99429892,9072.07401056,4394032.984375,9072.07401055722
344,480291408005,1131,4649006.18814358,13217.73588456,4649006.14257812,13217.7358845579
345,480291409001,998,8999816.56413764,14147.44433661,8999816.5625,14147.4443366076
346,480291409002,950,3803731.34067802,8158.13347361,3803731.33984375,8158.13347361408
347,480291410001,711,8382625.70581315,13791.10951358,8382625.70507812,13791.1095135837
348,480291410002,1564,5586822.82526761,10448.30746549,5586822.78515625,10448.307465487
349,480291410003,1282,5368309.23168244,10172.62624635,5368309.2265625,10172.6262463536
350,480291411011,1803,26013312.0536525,21645.44600548,26013312.1894531,21645.4460054781
351,480291411012,1313,7260173.67078127,13283.01641475,7260173.67382812,13283.0164147476
352,480291411013,1322,3730934.52945525,8305.34292878,3730934.50976562,8305.34292878114
353,480291411021,1213,5201737.08743906,11541.88362474,5201737.203125,11541.8836247415
354,480291411022,679,3953696.48610819,10939.75610987,3953696.56445312,10939.7561098664
355,480291411023,2081,7336769.14757453,13645.82378209,7336769.12890625,13645.823782094
356,480291412001,1664,15450516.8831872,23001.23988261,15450516.7128906,23001.2398826071
357,480291412002,1338,5082476.64847523,10506.3592021,5082476.61914062,10506.3592021015
358,480291412003,775,5689100.72924191,12321.64460627,5689100.72265625,12321.644606269
359,480291412004,878,3647816.30723696,8996.28168229,3647816.3203125,8996.28168228972
360,480291412005,1021,4365045.63369272,10421.32270611,4365045.62109375,10421.3227061122
361,480291412006,1209,6567202.39645829,11865.24270792,6567202.328125,11865.2427079184
362,480291413001,886,10988872.1541723,20485.48035929,10988872.1796875,20485.4803592947
363,480291413002,2458,31437702.7065145,23110.39159709,31437702.7070312,23110.3915970878
364,480291413003,2247,39484049.9208021,32576.38818339,39484050.0078125,32576.388183395
365,480291414021,2171,56427606.9608686,38406.1606917,56427607.0058594,38406.1606917013
366,480291414022,1451,6120806.96138307,10790.73327544,6120806.97460938,10790.7332754423
367,480291414031,1793,7752977.84627403,15245.49484886,7752977.82421875,15245.4948488584
368,480291414032,1924,11582547.9877869,15733.28326423,11582547.9648438,15733.2832642303
369,480291414041,1701,17513262.8100468,27274.12648613,17513262.7617188,27274.1264861308
370,480291414042,1553,6637120.66527274,13284.54146456,6637120.61328125,13284.5414645604
371,480291414043,1147,4305867.08198197,11664.24437598,4305867.00976562,11664.2443759815
372,480291416001,2239,25741185.6112597,28602.05047957,25741185.4472656,28602.0504795677
373,480291416002,2171,10750087.6797254,13621.52275522,10750087.6308594,13621.5227552162
374,480291417001,3038,342157747.914913,76046.19612447,342157747.544922,76046.1961244722
375,480291417002,2186,212525910.995806,84698.70841654,212525911.853516,84698.7084165405
376,480291418001,1785,662808907.57076,185292.82220554,662808905.384766,185292.822205538
377,480291418002,957,67465966.4172277,42264.4307093,67465965.0527344,42264.4307092989
378,480291418003,1812,116002221.487819,47395.54032854,116002221.433594,47395.5403285384
379,480291419001,1444,222626550.221808,65428.40485305,222626550.265625,65428.4048530456
380,480291419002,2543,635794462.99298,127137.99740646,635794461.091797,127137.997406458
381,480291419003,1559,599094831.009543,112445.59718374,599094833.685547,112445.59718374
382,480291501001,1277,7043616.57676383,10743.9509785,7043616.65820312,10743.9509785016
383,480291501002,1380,4591088.19807572,9609.79789582,4591088.1640625,9609.7978958197
384,480291501003,1113,6004383.7351086,11445.15228219,6004383.75390625,11445.1522821907
385,480291501004,1329,9588146.89719991,13584.07496061,9588146.85742188,13584.0749606062
386,480291503001,1356,13235427.8035819,16400.77788607,13235427.8476562,16400.7778860712
387,480291503002,911,4035508.26715692,10110.60028096,4035508.27539062,10110.6002809561
388,480291503003,1070,5511856.45619943,11988.96702359,5511856.4296875,11988.9670235887
389,480291503004,1365,9882389.03834849,13377.78498082,9882389.00195312,13377.7849808242
390,480291504001,897,3509778.4568733,9288.78763708,3509778.4453125,9288.78763708385
391,480291504002,951,3553809.80299528,9646.0233031,3553809.82421875,9646.02330309734
392,480291504003,2126,8190343.98165412,12652.80318996,8190344,12652.8031899642
393,480291505011,655,3585196.90093228,8801.27451656,3585196.86328125,8801.27451655739
394,480291505012,1205,4269234.38573956,8857.50445117,4269234.39257812,8857.50445117457
395,480291505013,1292,3885629.83162105,8854.60039415,3885629.8671875,8854.6003941547
396,480291505014,1220,3004547.22034903,9056.57645048,3004547.22851562,9056.5764504753
397,480291505021,1228,3330919.33628897,8645.66650802,3330919.33007812,8645.66650801841
398,480291505022,1212,4156893.79466205,9520.06274413,4156893.79492188,9520.06274413327
399,480291505023,1500,6916243.7964493,16331.85693439,6916243.7734375,16331.8569343885
400,480291506001,938,4314345.20544398,8891.88878999,4314345.23242188,8891.88878999124
401,480291506002,1010,4955705.79185718,10126.77080769,4955705.72070312,10126.7708076929
402,480291506003,1047,4824151.1471972,10875.04981024,4824151.171875,10875.0498102409
403,480291506004,1376,6253487.55969342,15521.00424557,6253487.51367188,15521.0042455728
404,480291507001,949,4662802.86113265,11160.86894423,4662802.84765625,11160.8689442283
405,480291507002,1148,3819743.29514066,8124.65081062,3819743.28320312,8124.65081061583
406,480291507003,884,2980394.39602458,8284.1715474,2980394.421875,8284.17154739851
407,480291507004,1343,5202224.93115257,11462.91362619,5202224.953125,11462.9136261934
408,480291507005,1069,4133699.62869857,9451.90145604,4133699.6484375,9451.90145603726
409,480291507006,769,3144662.7816139,7404.02128404,3144662.796875,7404.02128404465
410,480291508001,1914,9717537.90018223,15698.35439718,9717537.91601562,15698.3543971772
411,480291508002,483,26309445.3766891,20823.00021334,26309445.3398438,20823.0002133432
412,480291508003,768,11587262.2469018,17809.04113107,11587262.234375,17809.0411310662
413,480291509001,896,3646734.55890273,9783.25669757,3646734.55078125,9783.25669757271
414,480291509002,675,4499325.86391984,10339.73147654,4499325.87695312,10339.731476539
415,480291509003,1204,6821125.92847572,11298.72206588,6821125.98046875,11298.722065881
416,480291509004,1466,6978206.47592919,12030.2157147,6978206.46484375,12030.2157147001
417,480291509005,1672,7694606.51486498,11242.29976142,7694606.51757812,11242.2997614176
418,480291510001,731,3767133.88458601,9968.70121418,3767133.87695312,9968.70121417658
419,480291510002,1575,6155878.47506089,12218.78262611,6155878.49609375,12218.7826261057
420,480291510003,1059,7120692.46881867,12571.76908125,7120692.45898438,12571.7690812489
421,480291511001,1234,7564619.45005778,12687.02819154,7564619.44921875,12687.0281915431
422,480291511002,1286,7474397.99731128,12445.34908147,7474397.94335938,12445.3490814705
423,480291511003,860,2700167.51918216,10968.02944425,2700167.52734375,10968.0294442477
424,480291511004,963,3621460.4935596,10005.78830722,3621460.46484375,10005.7883072181
425,480291511005,819,3675206.35043468,9122.09018076,3675206.33398438,9122.09018076317
426,480291511006,946,5796029.73508375,9808.4302009,5796029.7265625,9808.43020089729
427,480291511007,828,6437872.89461593,10795.63793188,6437872.87109375,10795.6379318819
428,480291512001,1502,22075322.2903203,19560.79859941,22075322.3945312,19560.7985994096
429,480291512002,2850,23433912.8640818,21717.61794958,23433912.8984375,21717.6179495796
430,480291512003,962,3455436.63759658,7897.72626802,3455436.64257812,7897.72626801984
431,480291512004,1009,4273997.39693409,9474.27649873,4273997.38476562,9474.27649873337
432,480291512005,3297,22414043.8281001,22246.54100738,22414043.8945312,22246.541007376
433,480291513011,805,14128686.695281,15036.63537825,14128686.671875,15036.6353782476
434,480291513012,1118,5518070.57210412,10086.10593543,5518070.55664062,10086.1059354282
435,480291513013,1629,7969060.45345442,12394.31541836,7969060.4140625,12394.3154183583
436,480291513014,1816,10858682.3482203,14534.44718438,10858682.4003906,14534.4471843802
437,480291513021,1695,16184621.2294942,18415.40060442,16184621.3007812,18415.4006044155
438,480291513022,1453,18980732.692192,18015.66568982,18980732.65625,18015.665689824
439,480291514001,1153,4853911.48522218,8809.73234433,4853911.484375,8809.73234432805
440,480291514002,1056,4032398.74335736,8066.46544796,4032398.74414062,8066.465447963
441,480291514003,1348,6964429.30428875,13038.1111682,6964429.30273438,13038.1111682002
442,480291514004,950,4402439.77134759,8555.95976541,4402439.75585938,8555.95976541354
443,480291515001,615,4768887.9583008,8907.46665121,4768888,8907.46665120875
444,480291515002,1185,10601979.384415,18140.25752487,10601979.3730469,18140.2575248726
445,480291515003,773,5612999.8628868,11357.6168117,5612999.8125,11357.616811699
446,480291516001,2333,8159680.14164734,16708.49768556,8159680.1484375,16708.4976855628
447,480291516002,1081,3653720.28150956,9122.52004701,3653720.20898438,9122.52004700893
448,480291516003,1938,14544998.6984845,18839.39528973,14544998.6855469,18839.3952897279
449,480291516004,1027,4031609.54221953,9472.48394364,4031609.56835938,9472.48394363695
450,480291516005,865,2795686.40316018,8539.85301749,2795686.38867188,8539.85301749451
451,480291517001,1597,23557283.6427475,25535.77163913,23557283.71875,25535.7716391275
452,480291517002,1526,7622973.66497298,12551.96757265,7622973.65820312,12551.9675726494
453,480291517003,1002,17326726.6396807,17479.94209273,17326726.7382812,17479.942092728
454,480291517004,1052,11633397.1057375,14571.79946929,11633397.1035156,14571.7994692926
455,480291517005,1246,7719590.16343899,11829.36630271,7719590.19921875,11829.3663027074
456,480291519001,1736,8145472.13714382,18424.793161,8145472.06835938,18424.7931610024
457,480291519002,3377,417435011.751972,119331.85256943,417435012.042969,119331.852569432
458,480291520001,1896,499250607.932902,114011.95039057,499250606.029297,114011.950390567
459,480291521001,1294,166032362.780553,66498.74165565,166032362.779297,66498.7416556517
460,480291521002,1734,445925266.835745,124378.11471728,445925266.539062,124378.114717276
461,480291521003,1077,261243825.695358,68610.53254105,261243825.470703,68610.5325410548
462,480291521004,2143,330828075.465913,77557.12715268,330828074.457031,77557.1271526794
463,480291522011,3744,295738637.018112,76548.70630316,295738634.8125,76548.7063031615
464,480291522012,2373,288444975.39404,82623.76582527,288444976.416016,82623.7658252744
465,480291522013,1972,315160101.980702,98525.14891782,315160101.884766,98525.1489178164
466,480291522021,3112,736663264.498294,171677.49222558,736663255.058594,171677.492225578
467,480291522022,1477,72462196.9971139,44024.41833935,72462197.8222656,44024.4183393489
468,480291601001,1257,5622733.85229553,9705.11258611,5622733.83398438,9705.11258611014
469,480291601002,1002,3823242.67057795,10043.24544354,3823242.66796875,10043.2454435374
470,480291601003,1197,2250391.29618615,6009.77641022,2250391.26953125,6009.77641021955
471,480291601004,2338,16371417.4929033,23420.68659804,16371417.3339844,23420.6865980388
472,480291602001,880,3341654.80778461,7470.48770599,3341654.79492188,7470.48770598594
473,480291602002,887,5228827.81284288,12981.39014513,5228827.859375,12981.390145126
474,480291602003,909,3144182.25070682,7695.33052763,3144182.23242188,7695.33052763346
475,480291603001,1321,4819084.20910151,9412.53548628,4819084.24609375,9412.53548628278
476,480291603002,905,3221472.31144498,7524.584481,3221472.296875,7524.58448100203
477,480291603003,917,3890681.02485081,10072.06032514,3890681.03710938,10072.0603251379
478,480291603004,833,2999858.97965774,8070.68159744,2999858.95507812,8070.68159744396
479,480291603005,1252,4055110.06647322,8467.11629124,4055110.08789062,8467.11629124298
480,480291604001,712,4415058.38306071,8573.21084285,4415058.34375,8573.21084285372
481,480291604002,1692,12186240.44964,16373.93182554,12186240.3984375,16373.9318255443
482,480291604003,960,3482640.64191171,7661.55722472,3482640.68945312,7661.55722471774
483,480291604004,1193,10430624.6816073,18561.61185308,10430624.6464844,18561.6118530823
484,480291605011,1865,4740237.39387046,9136.65344312,4740237.41210938,9136.6534431162
485,480291605012,1079,5849145.65506734,10812.87768335,5849145.64648438,10812.87768335
486,480291605013,1173,4268098.05459417,10914.63178786,4268098.07421875,10914.6317878567
487,480291605021,564,2933237.01803624,7763.93620723,2933237.04101562,7763.9362072268
488,480291605022,1161,4150597.95638517,8574.99020918,4150597.9765625,8574.99020918399
489,480291605023,837,6080049.16830634,10240.39528865,6080049.16992188,10240.3952886492
490,480291605024,1534,7766720.30295361,12674.75338976,7766720.25195312,12674.7533897632
491,480291606001,1100,4619149.41119152,8816.14462288,4619149.44726562,8816.14462287826
492,480291606002,1496,8005597.18419882,13042.30463113,8005597.2109375,13042.3046311322
493,480291606003,2303,11057924.3569214,17363.25212591,11057924.2265625,17363.2521259073
494,480291607011,1165,17098667.0238012,21201.40558299,17098667.3046875,21201.4055829938
495,480291607012,1240,4622997.87138337,9457.56779775,4622997.859375,9457.56779775242
496,480291607013,987,6864415.5530699,10540.45998115,6864415.51367188,10540.459981148
497,480291607021,913,8025272.75835615,12690.44822648,8025272.75,12690.4482264822
498,480291607022,1712,8121446.46363661,11461.2062763,8121446.48632812,11461.2062763048
499,480291607023,1519,11966303.8262655,14510.63494278,11966303.8574219,14510.6349427761
500,480291607024,1170,3428016.80116226,7797.59246082,3428016.77539062,7797.59246081895
501,480291609011,986,7748738.74419758,12905.7064414,7748738.671875,12905.7064413999
502,480291609012,891,3214109.95055828,9091.06680553,3214109.94335938,9091.06680552805
503,480291609013,1287,15764414.9824371,23374.5455504,15764414.8496094,23374.545550397
504,480291609021,1756,7800281.05835831,11450.33538934,7800281.0546875,11450.3353893406
505,480291609022,1348,13318883.3090603,20461.25680531,13318883.3417969,20461.2568053133
506,480291609023,1460,6760963.55668677,14118.05599045,6760963.49609375,14118.055990446
507,480291610001,1680,12773822.2615705,18497.22633883,12773822.375,18497.2263388255
508,480291610002,2218,67190021.8250325,36755.0583327,67190022.2460938,36755.0583327025
509,480291611001,2914,13875994.0290337,16940.99641971,13875993.9824219,16940.996419709
510,480291611002,1094,5943508.90807838,12533.55299956,5943508.93359375,12533.5529995586
511,480291611003,845,68049263.3663214,46390.6813534,68049263.4316406,46390.6813533975
512,480291611004,1507,11107669.4388467,19413.34116609,11107669.4492188,19413.3411660919
513,480291611005,1472,7068371.56764735,14427.88881925,7068371.59179688,14427.8888192546
514,480291611006,791,2995098.21393961,8343.07035228,2995098.1875,8343.07035228488
515,480291612001,882,449606635.970781,131799.03984954,449606635.472656,131799.039849535
516,480291612002,2012,51184843.0547525,41678.20874142,51184843.296875,41678.2087414217
517,480291613021,3827,30813563.1831668,37938.82934606,30813563.2539062,37938.8293460608
518,480291613022,2062,6157184.9830947,14050.50544971,6157184.94921875,14050.5054497063
519,480291613031,2154,7732004.47708672,15634.2738357,7732004.5234375,15634.2738357037
520,480291613032,2349,5000221.4138331,9844.89689195,5000221.3828125,9844.89689194628
521,480291613041,1953,60088389.8086136,43545.34915601,60088389.1445312,43545.3491560143
522,480291613042,2337,10412364.4295211,14180.61793969,10412364.4550781,14180.6179396919
523,480291614001,9945,119830750.517051,57405.4526818,119830749.970703,57405.452681803
524,480291615011,2692,6907007.37971573,12894.131895,6907007.45703125,12894.131895005
525,480291615012,961,4214445.5947395,12019.39251222,4214445.58398438,12019.3925122175
526,480291615013,1130,14506142.4322119,19188.28304643,14506142.3164062,19188.2830464258
527,480291615014,1316,10193468.215075,16171.91967503,10193468.390625,16171.9196750309
528,480291615015,1557,7748298.73210582,14220.84501763,7748298.79296875,14220.8450176331
529,480291615031,1766,10153777.7675579,16687.91658669,10153777.7207031,16687.916586687
530,480291615032,1135,7615488.95689149,12810.16500989,7615488.9609375,12810.1650098927
531,480291615033,1000,7317260.959384,15806.13134806,7317260.8984375,15806.131348063
532,480291615041,1604,8907672.1794947,13950.69011513,8907672.22070312,13950.6901151321
533,480291615042,2737,16012712.4353082,17831.52835554,16012712.3574219,17831.5283555355
534,480291616001,1699,11911365.2227203,15805.97299207,11911365.3417969,15805.9729920683
535,480291616002,2259,57631973.0289705,74463.00296972,57631972.3105469,74463.0029697214
536,480291618011,3155,17885614.4599512,19004.02164637,17885614.2695312,19004.0216463719
537,480291618012,873,5970881.62239219,11254.90970847,5970881.55273438,11254.9097084737
538,480291618021,2553,227536385.635021,87802.73722156,227536385.201172,87802.7372215645
539,480291618022,2766,12838410.542634,15742.38020338,12838410.6171875,15742.3802033838
540,480291619011,1341,222189074.680352,69207.01298465,222189074.095703,69207.0129846517
541,480291619021,1247,386278314.638454,79047.98933947,386278317.333984,79047.9893394698
542,480291619022,3818,673988399.488942,101168.74736541,673988395.746094,101168.747365409
543,480291619023,3967,286166276.484519,72140.90966172,286166277.216797,72140.9096617189
544,480291620011,2243,504907896.063089,124652.70128241,504907896.224609,124652.701282414
545,480291620031,2526,106324944.919206,51912.6684418,106324944.566406,51912.6684418034
546,480291620032,1506,52904790.6118567,34948.37587466,52904790.4707031,34948.3758746594
547,480291620033,1292,329624846.465419,116512.17311289,329624847.21875,116512.17311289
548,480291620041,1466,217590407.030356,89664.78571903,217590406.269531,89664.7857190301
549,480291620042,2716,375522686.897036,93779.91865549,375522687.972656,93779.9186554862
550,480291701011,1169,3443287.44926461,10301.23652782,3443287.453125,10301.236527824
551,480291701012,1400,4941763.10938999,12339.31608928,4941763.125,12339.3160892814
552,480291701013,1270,4490801.39037267,10696.0745088,4490801.40429688,10696.0745087997
553,480291701021,1132,3447694.90179958,10304.41412538,3447694.90234375,10304.4141253768
554,480291701022,927,3450066.76027791,10312.96540583,3450066.75390625,10312.96540583
555,480291701023,1737,6318742.69353523,11701.27422367,6318742.74414062,11701.2742236705
556,480291702001,731,2345155.75344816,6705.49116627,2345155.76171875,6705.49116626949
557,480291702002,656,2572336.18577325,7055.57994427,2572336.1640625,7055.579944274
558,480291702003,1154,2481651.30637276,6649.9079184,2481651.29882812,6649.90791839714
559,480291702004,761,2243351.76119877,7699.19265749,2243351.76367188,7699.19265748856
560,480291702005,915,4492520.0855768,9166.59376379,4492520.078125,9166.59376379002
561,480291702006,1165,4489896.72715007,8686.00487872,4489896.73046875,8686.00487871548
562,480291703001,1363,6735353.29851137,15251.20146242,6735353.3046875,15251.2014624191
563,480291703002,768,3495267.77407233,8232.85091327,3495267.78515625,8232.85091327259
564,480291703003,1266,3138170.33153263,10521.87095727,3138170.33398438,10521.8709572741
565,480291703004,771,1745770.36286818,6021.84395524,1745770.3828125,6021.84395523713
566,480291703005,1240,3334025.43130061,7452.89287239,3334025.44140625,7452.89287239065
567,480291703006,891,3365380.27426772,7537.21188751,3365380.265625,7537.21188750897
568,480291704011,1247,4251418.59193105,8191.55080933,4251418.59570312,8191.55080933009
569,480291704012,861,2973390.90832704,6993.71454448,2973390.94140625,6993.71454448047
570,480291704013,1620,3533533.51982219,7758.92929024,3533533.50195312,7758.92929023823
571,480291704014,906,3738664.6895444,8041.75243791,3738664.68945312,8041.75243790845
572,480291704021,1627,5598646.95130306,10245.52996309,5598646.96679688,10245.5299630882
573,480291704022,1218,3767533.90813722,9974.70665195,3767533.90820312,9974.70665195089
574,480291704023,1299,3559774.78368831,8361.29611145,3559774.75976562,8361.29611144872
575,480291704024,1053,3779999.24793168,7794.84810097,3779999.2578125,7794.8481009732
576,480291705001,1264,9372976.87912687,13607.74512983,9372976.83398438,13607.7451298303
577,480291705002,1083,4269551.50029905,8709.55396307,4269551.51757812,8709.55396306621
578,480291705003,1213,6100546.53137068,13812.72868586,6100546.56835938,13812.7286858584
579,480291705004,1025,4944734.84737375,9307.66318043,4944734.83007812,9307.66318042781
580,480291706001,1259,8136541.93396815,13817.58501139,8136541.98242188,13817.5850113883
581,480291706002,1060,3943377.07801577,9736.49395924,3943377.08789062,9736.49395924089
582,480291706003,1400,5046200.504459,10355.24132959,5046200.5078125,10355.241329592
583,480291706004,909,3775667.80077305,10215.42600861,3775667.81835938,10215.4260086072
584,480291707001,1374,6462709.45696609,10557.5700894,6462709.42578125,10557.5700893989
585,480291707002,1149,3406015.07939614,8330.64871558,3406015.09179688,8330.64871558019
586,480291707003,2347,10160606.014621,13894.89982524,10160606.0117188,13894.8998252394
587,480291708001,838,3579651.58237947,9115.89925246,3579651.58789062,9115.89925245779
588,480291708002,730,7460868.52095336,11765.59297738,7460868.48046875,11765.5929773831
589,480291709001,1849,7742655.26252736,11504.14302864,7742655.23242188,11504.1430286361
590,480291709002,1462,7561799.41838216,11899.53510229,7561799.42382812,11899.5351022887
591,480291709003,1013,4693243.08686913,9028.84684317,4693243.109375,9028.8468431683
592,480291710001,1329,4346728.02907144,9066.00000384,4346728.03320312,9066.00000384449
593,480291710002,848,2096489.32381554,5955.72408634,2096489.328125,5955.72408633564
594,480291710003,1103,3722191.28028169,8577.72567383,3722191.26953125,8577.72567382547
595,480291710004,1483,4136816.99788124,8651.00446946,4136817.0078125,8651.00446946285
596,480291710005,709,2268944.30670201,6036.80444027,2268944.2890625,6036.80444026994
597,480291711001,1655,10356408.1448116,13042.78844118,10356408.1582031,13042.7884411777
598,480291711002,2065,9524036.86374307,12565.38458904,9524036.80859375,12565.3845890405
599,480291712001,1431,7532884.79912714,11069.48503496,7532884.84375,11069.4850349611
600,480291712002,1157,5746378.19541197,10256.31125208,5746378.12109375,10256.3112520805
601,480291712003,1796,11925598.2901071,15112.86584386,11925598.21875,15112.8658438641
602,480291713011,914,4469277.51621691,9195.02089143,4469277.49414062,9195.02089142868
603,480291713012,1992,7652162.85471484,11479.53411077,7652162.84765625,11479.5341107684
604,480291713021,1815,8241250.47337763,11527.84276398,8241250.46679688,11527.8427639757
605,480291713022,1075,4126207.95951586,8289.39521954,4126207.96875,8289.39521954443
606,480291713023,769,2745203.3353661,6626.93009233,2745203.34570312,6626.93009232662
607,480291713024,1360,5052117.96987568,10804.29959161,5052117.95703125,10804.2995916068
608,480291714011,2236,9399378.03250271,15384.06127329,9399378.11523438,15384.0612732855
609,480291714012,2048,11677556.1328868,21892.48211542,11677556.2050781,21892.4821154191
610,480291714021,2514,9431818.51455639,13331.14373598,9431818.52539062,13331.1437359839
611,480291714022,1207,6872344.29550694,17175.80716966,6872344.2265625,17175.807169657
612,480291714023,1712,6581380.88513945,11715.56344759,6581380.84570312,11715.5634475853
613,480291715011,1621,10096015.3934704,13001.73532493,10096015.3828125,13001.7353249254
614,480291715012,1225,6844261.22778913,11914.37302937,6844261.21679688,11914.373029372
615,480291715021,1087,4180959.04414887,8886.00756204,4180959.04101562,8886.00756203753
616,480291715022,899,4213295.94928881,8281.3810978,4213295.95703125,8281.38109780375
617,480291715023,1490,7983173.67676533,11186.66293839,7983173.66601562,11186.6629383922
618,480291715024,1355,5287786.78720525,9742.67717546,5287786.80273438,9742.67717546074
619,480291716011,1864,5121148.71264758,10541.71525968,5121148.71875,10541.715259675
620,480291716012,997,15942739.7175042,31247.58629492,15942739.8730469,31247.5862949167
621,480291716013,1601,12487666.1950657,16674.59989625,12487666.1308594,16674.5998962504
622,480291716021,2031,36159587.776466,26676.19338755,36159587.8203125,26676.1933875536
623,480291716022,1104,51535030.9867831,39806.13026126,51535031.0664062,39806.1302612566
624,480291717001,2002,6572120.21231974,11846.95241865,6572120.11523438,11846.9524186461
625,480291717002,762,4145646.20472779,10118.25836466,4145646.24609375,10118.2583646638
626,480291717003,1357,7339619.7224906,15697.80699389,7339619.70703125,15697.806993886
627,480291717004,1340,5765757.55821188,10421.51229011,5765757.59179688,10421.5122901061
628,480291717005,1111,7463853.51604969,13340.62483472,7463853.49023438,13340.62483472
629,480291717006,948,83506527.9968315,54194.24953165,83506528.265625,54194.2495316509
630,480291718011,1326,6057956.76615338,10755.31797373,6057956.71679688,10755.3179737324
631,480291718012,1549,7346378.93361141,13202.01246677,7346378.91601562,13202.0124667691
632,480291718013,1208,4724551.73512787,9254.62624158,4724551.7421875,9254.62624157676
633,480291718014,1360,5768080.95936588,10944.46063335,5768080.96484375,10944.4606333516
634,480291718021,1104,3911204.00619724,9406.72525255,3911204.0390625,9406.72525254844
635,480291718022,1531,6509409.89307439,13550.16762394,6509409.91992188,13550.1676239395
636,480291718023,1287,6256921.50109291,10875.60754729,6256921.46875,10875.607547288
637,480291718024,1738,5556921.92310727,11165.91772249,5556921.90820312,11165.917722492
638,480291718025,668,4997339.90400426,14438.39562187,4997339.82421875,14438.3956218681
639,480291719021,1680,31121769.2290108,25131.9058831,31121769.1425781,25131.9058830962
640,480291719022,3307,17808094.5820317,21377.46380565,17808094.8007812,21377.4638056509
641,480291719023,4564,32407173.2198293,24371.80961836,32407173.34375,24371.8096183553
642,480291719031,2221,10433846.201135,13921.669297,10433846.2480469,13921.6692969997
643,480291719032,1094,6299013.0212596,10421.37701451,6299013.00195312,10421.3770145066
644,480291719033,1353,6883933.89920411,10885.59328585,6883933.91015625,10885.5932858475
645,480291719034,907,4507300.43390977,8413.70550953,4507300.46289062,8413.70550953478
646,480291719035,1051,5387256.89495509,9469.7514822,5387256.8984375,9469.75148219615
647,480291719121,4481,84067841.404048,50683.35958679,84067841.6230469,50683.3595867882
648,480291719122,1716,6501373.09625969,15524.74997419,6501373.17382812,15524.7499741894
649,480291719131,4165,13518219.8465943,18719.03770842,13518219.9355469,18719.0377084222
650,480291719132,1157,4162094.69849903,8366.76641648,4162094.7578125,8366.76641647828
651,480291719141,1518,6197781.42540089,12040.22171758,6197781.40429688,12040.2217175805
652,480291719142,2289,8921267.08802189,12380.40189902,8921267.16796875,12380.4018990175
653,480291719143,1561,6719614.99070758,11105.0716917,6719615.00390625,11105.071691696
654,480291719151,2284,11238130.2660084,13483.38752952,11238130.2578125,13483.3875295242
655,480291719161,2560,36070149.3867177,31332.78128489,36070149.1855469,31332.7812848861
656,480291719162,1638,9149694.25257972,13811.84236625,9149694.22851562,13811.8423662508
657,480291719163,2521,14650055.2645075,16182.23338543,14650055.1835938,16182.2333854344
658,480291719171,4002,19375566.5551528,18744.2166913,19375566.2695312,18744.2166912998
659,480291719172,4437,14138810.3563619,16430.5082921,14138810.4121094,16430.5082920996
660,480291719181,1064,68204408.7879855,36702.27761645,68204408.5351562,36702.2776164474
661,480291719182,1163,4334357.21383511,9910.26393207,4334357.2578125,9910.26393207453
662,480291719183,1848,9870191.54752763,14194.08383093,9870191.5703125,14194.0838309338
663,480291719184,1110,8848415.61283716,12898.13757691,8848415.56054688,12898.1375769139
664,480291719191,3201,22301355.2783266,23891.00455719,22301355.1445312,23891.0045571905
665,480291719201,2831,15359098.734948,17661.74034654,15359098.671875,17661.7403465432
666,480291719202,5980,48330877.2516542,33467.05572609,48330877.5097656,33467.0557260946
667,480291719211,2948,14101382.0453164,26868.34445072,14101381.9550781,26868.3444507169
668,480291719212,1981,6793756.44315527,13354.71676997,6793756.42578125,13354.7167699653
669,480291719213,1095,3626534.27295406,10328.85321004,3626534.25585938,10328.8532100447
670,480291719221,3641,31053157.9760094,22299.68805403,31053157.9453125,22299.6880540253
671,480291719231,997,6251450.27651393,10694.34846587,6251450.29296875,10694.3484658699
672,480291719232,1106,3224793.78139637,7734.62493538,3224793.8046875,7734.62493538086
673,480291719233,2085,4374637.05508438,9293.87396252,4374637.01953125,9293.873962522
674,480291719234,3254,26234546.7215538,26784.41929912,26234546.6894531,26784.4192991164
675,480291719241,2681,38775543.5972492,24448.94715474,38775543.5292969,24448.9471547416
676,480291719242,1620,11842530.839543,17960.40840119,11842530.8125,17960.4084011926
677,480291719251,1151,5149073.44660743,10212.16519634,5149073.50390625,10212.1651963434
678,480291719252,2157,15264948.6420593,19631.02433485,15264948.6523438,19631.0243348528
679,480291719253,3417,20101507.2569411,30174.16441363,20101507.2382812,30174.1644136302
680,480291719254,2519,8144181.79595678,12795.09142342,8144181.83203125,12795.091423422
681,480291720021,2261,451946274.147274,94840.80090365,451946275.621094,94840.8009036458
682,480291720022,3082,67568327.5182181,35421.07132497,67568327.2617188,35421.0713249699
683,480291720023,2689,81484259.1241573,36798.50085835,81484259.4414062,36798.5008583461
684,480291720031,3111,26050394.1900395,24573.28121165,26050394.1464844,24573.2812116545
685,480291720032,3065,10408481.6669677,13573.11834187,10408481.6894531,13573.118341875
686,480291720041,2495,253279896.843282,72036.78480178,253279896.158203,72036.7848017754
687,480291720051,1368,40464942.9549755,28619.97655049,40464943.1386719,28619.9765504858
688,480291720052,2164,22615848.8216983,22019.37417788,22615848.5605469,22019.3741778757
689,480291720061,2669,186583680.621295,62704.78800724,186583681.839844,62704.7880072389
690,480291720062,1859,27969250.1472204,23246.50315628,27969249.8671875,23246.5031562784
691,480291720063,2170,182192445.85408,86976.53975197,182192445.941406,86976.5397519666
692,480291720071,4887,53400382.9637241,36012.16952742,53400382.6113281,36012.1695274197
693,480291720072,2541,56724270.3148795,32309.13156772,56724270.0195312,32309.1315677233
694,480291720073,2111,58800434.0268862,30464.19182072,58800434.0917969,30464.1918207243
695,480291801011,926,5488862.20509054,12042.4112637,5488862.23632812,12042.411263704
696,480291801012,1305,6649378.33494837,11552.98642702,6649378.24023438,11552.9864270164
697,480291801013,787,3481225.12517832,10298.97257327,3481225.1875,10298.9725732736
698,480291801014,667,3082717.22562451,9721.44972665,3082717.24023438,9721.44972664674
699,480291801015,603,2953487.53389553,9141.45090821,2953487.54492188,9141.45090821398
700,480291801016,735,4644445.77457853,11509.10654693,4644445.83007812,11509.1065469283
701,480291801021,797,4702241.26008478,10123.52099737,4702241.29101562,10123.520997367
702,480291801022,1078,6591991.00887358,12122.12888343,6591990.98632812,12122.1288834318
703,480291802011,927,7840865.416908,16672.86786744,7840865.38085938,16672.8678674387
704,480291802012,963,2852960.83700207,7681.91689607,2852960.84179688,7681.91689607103
705,480291802013,1849,4324854.90029739,9395.42694087,4324854.86914062,9395.42694086619
706,480291802014,1301,6510508.94791609,10511.77204334,6510508.90039062,10511.7720433448
707,480291802021,1527,5303592.85345311,9515.83616638,5303592.87304688,9515.83616637543
708,480291802022,1342,5913104.89536206,10927.03316023,5913104.8203125,10927.0331602259
709,480291802023,1653,5012078.08353215,11257.63676927,5012078.1328125,11257.6367692731
710,480291802024,837,5243777.84287008,10585.65469574,5243777.86914062,10585.65469574
711,480291803001,956,4789046.92181478,10241.78671724,4789046.90820312,10241.7867172425
712,480291803002,1251,8327397.70916992,12016.7006135,8327397.6796875,12016.7006135014
713,480291803003,1114,6590287.10420654,11106.47087113,6590287.1171875,11106.4708711285
714,480291803004,1141,8969385.60173754,14673.02879098,8969385.5546875,14673.0287909841
715,480291804001,1617,11053193.756571,15494.92577433,11053193.7070312,15494.925774335
716,480291804002,1870,7422896.32914736,13447.53428529,7422896.3359375,13447.5342852895
717,480291804003,809,5000800.1899751,11168.42043552,5000800.19335938,11168.4204355228
718,480291805011,1681,7425812.12611339,12743.6650549,7425812.109375,12743.6650549016
719,480291805012,788,7364922.84040093,10856.3871654,7364922.83007812,10856.3871653962
720,480291805013,1259,6400175.83084184,10479.41992928,6400175.859375,10479.4199292756
721,480291805014,808,12735367.4587789,16378.30266657,12735367.6191406,16378.3026665673
722,480291805031,788,5052176.74676757,10904.50970162,5052176.7109375,10904.5097016172
723,480291805032,1735,6383568.13281312,10597.24893206,6383568.0859375,10597.2489320588
724,480291805033,1893,8684127.71778773,12699.59285392,8684127.76171875,12699.592853924
725,480291805041,1887,7804797.99751977,12129.28066098,7804797.9296875,12129.28066098
726,480291805042,2604,10962249.7102913,13613.50662854,10962249.6953125,13613.5066285432
727,480291806021,830,3878419.73764766,11985.01956923,3878419.79882812,11985.0195692267
728,480291806022,1569,4856983.54844045,9557.37225944,4856983.5625,9557.3722594364
729,480291806023,756,7056687.94118537,16108.42314063,7056687.97265625,16108.4231406315
730,480291806031,1946,10128155.6851212,14662.80674008,10128155.7050781,14662.8067400791
731,480291806041,1638,9731167.8882436,14905.30755558,9731167.7734375,14905.3075555846
732,480291806042,1817,7997488.02699032,14354.20580177,7997487.97070312,14354.2058017742
733,480291806043,783,9536869.64297662,13885.77627229,9536869.640625,13885.7762722914
734,480291806044,785,7541939.35948081,12867.88033974,7541939.38085938,12867.8803397439
735,480291806045,869,6145179.12876399,11151.05611951,6145179.09179688,11151.0561195137
736,480291807011,1271,14239493.0434118,14810.75118711,14239493.0117188,14810.7511871081
737,480291807012,2711,17200537.3127576,16923.53761219,17200537.1777344,16923.5376121863
738,480291807021,1764,10529999.7307528,14168.68488469,10529999.7109375,14168.6848846878
739,480291807022,1297,8021297.10752963,13032.02969237,8021297.0625,13032.0296923683
740,480291807023,529,6736961.52476636,13703.14119899,6736961.54882812,13703.1411989909
741,480291807024,1174,2444261.90679319,8565.41078765,2444261.8828125,8565.41078765476
742,480291807025,631,4412208.53386249,10485.11380445,4412208.5546875,10485.1138044475
743,480291807026,1181,3377124.90712607,12126.67416831,3377124.96875,12126.6741683082
744,480291808001,657,10936265.1080741,17365.27438083,10936265.1503906,17365.2743808329
745,480291808002,1139,3542870.24898533,11359.7221317,3542870.2109375,11359.7221317036
746,480291808003,719,4490579.82663021,10487.54043722,4490579.82421875,10487.5404372152
747,480291809011,842,11341260.1254884,13780.22502319,11341260.15625,13780.2250231904
748,480291809012,1444,5856767.32012712,9856.23658252,5856767.30078125,9856.23658252225
749,480291809013,936,5043114.18475823,11834.13400313,5043114.12109375,11834.134003132
750,480291809014,1043,3747913.78076093,8377.36314376,3747913.796875,8377.36314375527
751,480291809015,916,4129020.3395219,9711.06040473,4129020.31835938,9711.06040472982
752,480291809021,1767,4889568.19375545,9389.93872092,4889568.18554688,9389.93872092259
753,480291809022,1113,7121748.88738636,12116.78702908,7121748.88476562,12116.7870290827
754,480291809023,1536,8299663.97269694,11607.70265787,8299664.00195312,11607.7026578675
755,480291809024,1936,5787137.44762168,10697.71645891,5787137.42382812,10697.716458906
756,480291809025,1616,6045603.47245158,10345.33353842,6045603.45117188,10345.3335384234
757,480291810011,1592,13837422.1195405,17440.63861465,13837421.9589844,17440.6386146489
758,480291810012,1680,13805012.7493572,18276.38131285,13805012.7011719,18276.3813128505
759,480291810031,2213,8776233.14022406,16587.03278975,8776233.13085938,16587.0327897472
760,480291810032,1181,3325208.42109129,8490.21398444,3325208.41015625,8490.21398443833
761,480291810033,2902,6173086.94278743,12787.7880247,6173086.91796875,12787.7880246989
762,480291810041,1872,7508482.15145037,11540.42093942,7508482.16796875,11540.420939425
763,480291810042,2941,12023071.5829556,17892.49113156,12023071.6132812,17892.4911315608
764,480291810051,1641,4993088.89249851,13209.57247986,4993088.88867188,13209.5724798561
765,480291810052,689,3664723.93455208,9286.83150262,3664723.94726562,9286.83150261635
766,480291810053,1469,3053959.95765352,7471.34826952,3053959.88867188,7471.3482695161
767,480291811001,1554,7633071.86425347,13456.39205123,7633071.84375,13456.3920512296
768,480291811002,1236,7374225.71053151,13656.22913709,7374225.734375,13656.2291370896
769,480291811003,2029,15497393.3410693,18083.4095988,15497393.3476562,18083.4095988049
770,480291811004,846,7571757.46088738,12870.33640554,7571757.55078125,12870.3364055401
771,480291812001,775,5353214.84432047,10529.08700963,5353214.86914062,10529.0870096344
772,480291812002,971,8178367.87905106,13045.73266644,8178367.921875,13045.7326664369
773,480291812003,827,6273262.43955881,10994.69288404,6273262.41992188,10994.6928840442
774,480291812004,1200,13065561.4591254,19348.70403785,13065561.53125,19348.7040378509
775,480291812005,1030,7872328.1636576,11806.77500475,7872328.12304688,11806.7750047522
776,480291813011,2545,8340485.45769997,15246.98634976,8340485.58984375,15246.9863497628
777,480291813012,1646,7125778.1460238,12130.83676512,7125778.15820312,12130.8367651235
778,480291813021,2264,6479996.98515559,13308.55037225,6479997.04296875,13308.5503722485
779,480291813022,2161,13454039.7391357,15985.72641978,13454039.7871094,15985.7264197838
780,480291813023,1763,7414165.31858211,11638.17895148,7414165.40820312,11638.1789514841
781,480291813031,1830,5187312.05747794,10543.74809324,5187312.01367188,10543.7480932368
782,480291813032,1735,17304842.4330597,24653.39852512,17304842.3398438,24653.3985251157
783,480291814021,892,17158949.4160297,18488.26566203,17158949.5429688,18488.2656620329
784,480291814022,1103,22104638.384358,19388.20707491,22104638.2265625,19388.2070749071
785,480291814031,2462,4406275.43123527,8560.72055233,4406275.41796875,8560.72055232628
786,480291814032,1501,3944172.4087761,8315.7632321,3944172.40039062,8315.76323210128
787,480291814033,1672,3093467.96282537,7096.27406544,3093468.01171875,7096.27406544079
788,480291814041,3140,18073772.6013112,21701.41706381,18073772.3945312,21701.4170638106
789,480291814042,1410,10513868.4267717,14508.55723287,10513868.4316406,14508.5572328677
790,480291815031,2645,11659655.846238,20131.65450014,11659655.9433594,20131.6545001385
791,480291815032,3556,12253509.6208837,16753.98408935,12253509.5429688,16753.9840893518
792,480291815041,1759,5291552.1968617,12812.05055164,5291552.1484375,12812.0505516381
793,480291815042,1935,4591381.58823498,10019.77733678,4591381.59765625,10019.7773367844
794,480291815043,649,3508113.12786597,8297.11410982,3508113.14257812,8297.11410981827
795,480291815044,1453,4369355.89215059,10332.85476024,4369355.89453125,10332.8547602415
796,480291815051,1092,7225123.01734066,11598.98444169,7225123.07617188,11598.9844416879
797,480291815052,1189,4712240.08739171,9600.77455871,4712240.12695312,9600.77455871027
798,480291815053,892,5114007.76345889,10669.54221005,5114007.7265625,10669.5422100453
799,480291815054,1168,6524047.28627147,11982.44747436,6524047.23242188,11982.4474743551
800,480291815061,658,4327222.96821254,8543.38745807,4327222.95898438,8543.38745807243
801,480291815062,1381,11233744.7765903,14057.239052,11233744.7832031,14057.2390520024
802,480291815063,2096,10426411.6515611,13474.68357397,10426411.6660156,13474.683573974
803,480291816011,904,16271457.1938972,18030.39234053,16271457.2441406,18030.3923405265
804,480291816012,2178,11581401.7413502,16076.64194718,11581401.7890625,16076.6419471786
805,480291816021,843,26324839.6974029,20923.16089142,26324839.5800781,20923.1608914217
806,480291816022,1487,4749607.48660852,8895.47034647,4749607.54882812,8895.47034647493
807,480291816023,1368,3943691.37149519,8635.76662162,3943691.38671875,8635.76662162041
808,480291816024,1877,5091886.94768311,10156.20079584,5091886.984375,10156.2007958358
809,480291817031,2469,9885288.85619015,14891.21125171,9885288.90429688,14891.2112517055
810,480291817032,1782,15394875.3100908,17072.78488978,15394875.34375,17072.7848897758
811,480291817033,2701,15970134.0527568,17482.82689937,15970134.0644531,17482.826899368
812,480291817041,1392,9416291.84964478,11870.65333002,9416291.8203125,11870.6533300228
813,480291817042,1308,31563211.4304831,27882.18585159,31563211.5859375,27882.1858515875
814,480291817043,1901,16663382.4571643,17375.28077487,16663382.5253906,17375.2807748744
815,480291817044,922,4529384.64011364,9659.13624051,4529384.6328125,9659.13624050864
816,480291817051,1446,13444373.7079449,21343.71287806,13444373.765625,21343.7128780632
817,480291817052,1458,13157331.5818426,21621.16795387,13157331.4785156,21621.167953871
818,480291817053,1978,21724683.7563077,23727.56846253,21724683.7558594,23727.5684625261
819,480291817111,2294,10797883.5734347,16492.61238318,10797883.5507812,16492.6123831764
820,480291817112,2442,11134685.2100891,15123.13183451,11134685.2421875,15123.131834508
821,480291817113,3005,18358984.0383906,19797.23727725,18358983.9863281,19797.2372772515
822,480291817121,2100,9034119.00122766,12881.02793051,9034119.00585938,12881.0279305096
823,480291817122,1721,9024309.60587525,12827.88142782,9024309.65625,12827.8814278216
824,480291817131,1860,14313338.363286,24245.30642007,14313338.4335938,24245.3064200661
825,480291817132,1482,12531219.7513429,17122.95252535,12531219.8085938,17122.9525253506
826,480291817133,2152,10263748.9828107,16295.34883571,10263748.9316406,16295.3488357135
827,480291817134,1825,7937149.66710523,13507.0232771,7937149.6953125,13507.0232770961
828,480291817151,959,3371987.56674052,7793.84185419,3371987.58398438,7793.84185418782
829,480291817152,1262,6041219.55378785,11374.66660433,6041219.6171875,11374.6666043334
830,480291817153,1497,3800716.61334655,10500.97505106,3800716.63671875,10500.975051058
831,480291817154,2661,7577685.96697026,23591.06988604,7577685.92578125,23591.0698860365
832,480291817161,2332,26755546.9376799,34188.86931097,26755546.7265625,34188.8693109691
833,480291817162,1285,3881659.06942591,8868.84037321,3881659.08789062,8868.84037320914
834,480291817163,2898,8935497.72503757,19091.59528838,8935497.63671875,19091.5952883791
835,480291817164,827,2318283.81181472,6929.24216886,2318283.8359375,6929.24216886332
836,480291817181,1537,10561887.0850072,15024.71644392,10561887.1367188,15024.7164439199
837,480291817182,1888,7704154.74066063,13328.29715598,7704154.73046875,13328.297155984
838,480291817183,1783,8471829.30135658,12998.82820894,8471829.17382812,12998.8282089355
839,480291817201,3475,18856333.8378876,27937.73777398,18856333.9375,27937.7377739794
840,480291817202,945,2423598.77608846,7475.63680988,2423598.78320312,7475.63680987833
841,480291817211,2113,13082000.8665527,23004.22055,13082000.8730469,23004.2205499995
842,480291817212,1395,6951598.27549694,11553.23839368,6951598.24023438,11553.2383936824
843,480291817221,1729,5522891.99620093,9359.93799711,5522891.98046875,9359.93799710922
844,480291817222,1495,5877972.2207915,11747.19364157,5877972.25976562,11747.193641572
845,480291817223,1316,6971046.28197752,11757.54687315,6971046.22851562,11757.54687315
846,480291817231,1498,4454655.05817406,9256.87119394,4454655.046875,9256.87119393971
847,480291817232,1111,4464205.51726327,11473.54384381,4464205.49609375,11473.5438438147
848,480291817233,1982,6570959.44998665,12609.73130065,6570959.4921875,12609.7313006479
849,480291817241,1916,52805056.4675268,31416.8982447,52805056.1191406,31416.8982447006
850,480291817242,2351,24061541.167533,24010.02628543,24061541.0292969,24010.0262854272
851,480291817251,2673,16727217.9432979,22324.12611317,16727217.8398438,22324.126113168
852,480291817252,2738,16888376.8415319,20066.16988919,16888376.8984375,20066.1698891906
853,480291817261,2411,8124748.66013744,13830.92238381,8124748.640625,13830.9223838097
854,480291817262,3324,42522050.420988,28557.16397927,42522050.7207031,28557.1639792653
855,480291817263,3875,22166887.3083529,24357.24095619,22166887.3242188,24357.2409561937
856,480291817271,2494,28104019.8529097,32722.98110453,28104019.9785156,32722.9811045259
857,480291817272,674,2259117.56702658,6254.89926015,2259117.57617188,6254.89926014851
858,480291817281,6928,55369435.4119484,40428.95168789,55369435.7441406,40428.9516878905
859,480291817282,3242,11668205.7084583,14822.99952818,11668205.6347656,14822.9995281836
860,480291817291,3443,94085949.0386495,38519.43842864,94085948.5761719,38519.4384286395
861,480291817301,1268,7189491.25624689,16432.01389937,7189491.3203125,16432.0138993686
862,480291817302,2719,9371428.74551629,12722.34009711,9371428.75585938,12722.3400971062
863,480291817311,1704,6211452.03411825,14243.3887292,6211451.99609375,14243.3887291992
864,480291817312,2040,7329806.78335581,21043.46486017,7329806.84570312,21043.4648601674
865,480291817313,2023,7901107.83444645,17261.41009119,7901107.80273438,17261.4100911876
866,480291817314,1436,7872543.74281392,12118.74489371,7872543.75976562,12118.7448937056
867,480291818081,1478,40947454.775203,29336.20334744,40947454.9628906,29336.2033474351
868,480291818091,1649,9246423.48029534,17425.82110977,9246423.48828125,17425.8211097742
869,480291818092,1934,5786732.36861085,11711.43825714,5786732.38085938,11711.4382571397
870,480291818093,1144,3595213.14780242,7975.23905959,3595213.19140625,7975.23905959162
871,480291818094,1635,7412875.44602234,19330.55315742,7412875.45117188,19330.5531574204
872,480291818111,3406,36903037.0504488,44280.9291008,36903037.3652344,44280.9291007981
873,480291818112,628,3880463.7257548,10582.32493736,3880463.71289062,10582.3249373636
874,480291818131,1795,9206165.47068723,14294.63472915,9206165.44726562,14294.6347291519
875,480291818132,1691,11961885.5716158,17796.21835868,11961885.5664062,17796.2183586816
876,480291818133,2525,13618052.8953457,16346.14452522,13618052.8945312,16346.1445252173
877,480291818141,1771,26304231.7853923,26251.80572172,26304231.6503906,26251.8057217229
878,480291818142,1638,13257056.3563296,22505.53066458,13257056.265625,22505.5306645809
879,480291818151,1436,5917065.50266902,11367.16356469,5917065.51757812,11367.163564686
880,480291818152,1537,28176843.7242832,33673.89644103,28176843.4960938,33673.8964410336
881,480291818161,1459,6484155.53005329,9972.10729186,6484155.53125,9972.10729185932
882,480291818162,2778,20317663.3803427,25642.96641743,20317663.6328125,25642.9664174289
883,480291818171,1829,8523767.16044587,14983.69358162,8523767.1953125,14983.6935816249
884,480291818172,1196,13952664.4516681,16204.4336585,13952664.5234375,16204.433658499
885,480291818181,2615,14405688.2265486,15802.43208409,14405688.2734375,15802.4320840907
886,480291818182,1002,11689972.7697667,14953.07256724,11689972.8222656,14953.0725672361
887,480291818183,1084,6508286.26791905,13391.04498903,6508286.21484375,13391.0449890313
888,480291818191,587,2034625.09682803,8250.11568609,2034625.0859375,8250.1156860917
889,480291818192,4593,37782026.1819899,37254.1666469,37782026.2890625,37254.1666468985
890,480291818201,3858,41852516.153849,30181.34581295,41852516.0644531,30181.3458129549
891,480291818202,3344,35548965.344636,34323.2916967,35548965.3886719,34323.2916967043
892,480291818211,1477,7884246.28189362,16510.12417324,7884246.21679688,16510.1241732397
893,480291818212,2048,5568227.70335463,11606.7481132,5568227.6875,11606.7481131978
894,480291818221,1326,17018805.5099788,29139.58403304,17018805.5800781,29139.5840330439
895,480291818222,1601,14973235.8802467,16864.97407426,14973235.8007812,16864.974074259
896,480291818223,1990,8569501.6501337,14225.02355993,8569501.54882812,14225.0235599347
897,480291818231,2495,21873820.290607,21449.67409027,21873820.3203125,21449.6740902685
898,480291818241,1366,10510522.1581058,15963.51038309,10510522.1328125,15963.5103830854
899,480291818242,3694,18180221.9356356,19465.77681077,18180221.8789062,19465.7768107685
900,480291818251,1579,14271613.3535998,17767.38879905,14271613.3652344,17767.3887990456
901,480291818252,1463,17856781.3342223,21086.45989815,17856781.2792969,21086.4598981476
902,480291818261,1820,10569109.9315659,22988.28241809,10569109.8652344,22988.282418094
903,480291818262,1388,11096504.7714946,21763.84658296,11096504.7695312,21763.8465829573
904,480291818263,980,2819061.32595505,7054.144982,2819061.36523438,7054.14498199906
905,480291818264,1855,6836057.19524479,9779.147434,6836057.21875,9779.14743400007
906,480291819011,1804,7759945.32844904,15204.94504102,7759945.25585938,15204.9450410161
907,480291819012,1648,77623244.9721999,39398.28819256,77623244.9824219,39398.28819256
908,480291819021,3403,157607597.328493,58879.05019719,157607597.242188,58879.0501971871
909,480291819022,2596,146134841.784649,56456.50580286,146134842.259766,56456.5058028603
910,480291820011,2564,30688265.0831852,23631.44358818,30688265.2421875,23631.4435881849
911,480291820012,2254,16528710.5991386,16380.15796381,16528710.6875,16380.1579638147
912,480291820021,4619,229335164.158184,86756.29187618,229335165.326172,86756.2918761787
913,480291820022,892,29039110.6789589,29226.23454387,29039110.7382812,29226.2345438666
914,480291820023,3159,22236838.0151853,23367.77496232,22236838.25,23367.7749623159
915,480291820031,2406,63953736.3279834,33508.29693984,63953735.828125,33508.2969398421
916,480291820032,848,20230275.5813787,20767.24192829,20230275.5605469,20767.2419282872
917,480291821011,2715,111963762.161607,49139.42802988,111963761.873047,49139.4280298776
918,480291821012,1958,90290452.2687378,49065.31453757,90290451.9570312,49065.3145375735
919,480291821013,1928,68931255.1326761,43692.2959875,68931255.6191406,43692.2959875013
920,480291821021,1422,8752714.46332652,17181.68137038,8752714.484375,17181.6813703846
921,480291821022,2117,110665439.47842,57891.48982486,110665440.097656,57891.489824865
922,480291821023,3102,112565655.464689,54376.74034819,112565654.716797,54376.7403481912
923,480291821031,2238,1522348025.34948,177553.99686523,1522348026.46484,177553.996865232
924,480291821051,2200,402618937.06214,163668.14547615,402618934.90625,163668.145476153
925,480291821061,2382,164949696.850088,114067.37657428,164949694.90625,114067.376574281
926,480291821062,2904,144122851.29477,60968.58474291,144122851.855469,60968.5847429128
927,480291901001,707,5579420.11488325,10686.16048206,5579420.09375,10686.1604820602
928,480291901002,969,3178264.02499727,8677.57250448,3178264.04101562,8677.5725044751
929,480291901003,922,3663487.74015932,8556.75176958,3663487.70507812,8556.7517695817
930,480291901004,1157,5335456.1146312,10621.62333973,5335456.1015625,10621.6233397282
931,480291902001,787,6134026.29477116,15291.41340749,6134026.35546875,15291.4134074911
932,480291902002,665,3090024.89406089,8260.07406958,3090024.87695312,8260.07406957787
933,480291902003,1008,4802783.44946399,9984.08034345,4802783.39648438,9984.08034345029
934,480291902004,948,5135149.34513848,9059.85249878,5135149.34960938,9059.85249878135
935,480291902005,967,4964630.72616776,8935.21841319,4964630.66601562,8935.21841318503
936,480291904001,610,2921003.83186574,9346.66097805,2921003.81640625,9346.66097805248
937,480291904002,2715,15094206.5215142,20753.60138604,15094206.5664062,20753.6013860384
938,480291904003,696,4426443.61488336,10365.00517922,4426443.61523438,10365.005179217
939,480291905011,821,2858322.72896288,9851.9911583,2858322.71484375,9851.99115829879
940,480291905012,1074,3872706.0678669,9206.90525435,3872706.078125,9206.90525435252
941,480291905013,983,5500961.16755041,10296.8223191,5500961.1640625,10296.8223191047
942,480291905031,1246,4973110.04419809,9657.61823703,4973110.078125,9657.61823703389
943,480291905032,1088,4447051.30513797,9565.87997537,4447051.31640625,9565.87997536648
944,480291905033,1125,4041438.77456226,8426.26629824,4041438.77539062,8426.26629824179
945,480291905041,1320,5939405.58526338,11358.52783017,5939405.56835938,11358.527830167
946,480291905042,1561,6603749.17806677,10839.81790268,6603749.22851562,10839.8179026816
947,480291906011,1071,4225001.3487712,9689.75821207,4225001.3203125,9689.75821206715
948,480291906012,1656,4855444.65008574,9478.37818463,4855444.68164062,9478.37818462975
949,480291906013,1041,3320305.64760603,13047.62493846,3320305.63476562,13047.6249384617
950,480291906031,1510,6161537.85994554,10037.93367774,6161537.84375,10037.933677742
951,480291906032,1436,7678162.15117132,11073.94734789,7678162.140625,11073.94734789
952,480291906041,1440,5243677.28514339,9842.50823714,5243677.28515625,9842.50823714376
953,480291906042,1389,4732444.59390543,9408.87650808,4732444.62109375,9408.87650807773
954,480291906043,1609,7547080.53549546,11514.30728843,7547080.51757812,11514.307288427
955,480291907001,950,5643705.89659066,9488.11668105,5643705.93359375,9488.11668104579
956,480291907002,849,3630097.22446682,8391.5384312,3630097.2421875,8391.53843119916
957,480291907003,1261,6449308.22699023,10374.363808,6449308.18164062,10374.3638080046
958,480291908001,977,7090108.28260005,14163.72892105,7090108.27148438,14163.7289210496
959,480291908002,1260,10192684.2062073,13830.87684,10192684.2910156,13830.8768399983
960,480291909011,1135,12246206.856115,16621.92994107,12246206.7480469,16621.929941066
961,480291909012,1561,7537943.57136996,11085.89707026,7537943.58398438,11085.8970702614
962,480291909013,705,11363036.4808427,15647.91650068,11363036.4921875,15647.916500676
963,480291909014,826,5932335.52283189,11190.86385388,5932335.546875,11190.8638538765
964,480291909015,1095,10903631.3736488,13807.01653212,10903631.4121094,13807.0165321211
965,480291909021,1501,9249734.98660056,12290.25697819,9249734.90234375,12290.2569781871
966,480291909022,1475,7753092.41145013,11147.58562711,7753092.42773438,11147.5856271063
967,480291909023,807,35055365.0883085,36905.9507628,35055365.1894531,36905.9507627964
968,480291910031,1122,6417514.02905854,16939.5640708,6417514.015625,16939.5640707987
969,480291910032,3120,7758617.14640073,15062.1713899,7758617.13476562,15062.1713898998
970,480291910033,1055,4510773.23595559,11100.55127475,4510773.28125,11100.5512747528
971,480291910034,1560,5307341.69884207,9847.97094892,5307341.67773438,9847.97094892429
972,480291910035,905,3620607.40598459,8210.95109359,3620607.4140625,8210.95109359306
973,480291910041,1309,4033673.35279808,10780.36106312,4033673.32421875,10780.3610631189
974,480291910042,1417,10158962.6698597,14721.77844443,10158962.7753906,14721.7784444271
975,480291910043,1004,3588705.68997622,8494.84157357,3588705.6953125,8494.84157356629
976,480291910051,1122,4695065.72875241,10748.2453236,4695065.70117188,10748.245323598
977,480291910052,1150,4698374.59720133,8842.69335266,4698374.65039062,8842.69335266462
978,480291910061,966,3855591.4851363,10749.1916779,3855591.453125,10749.1916778998
979,480291910062,1481,5311163.89578718,9787.83899362,5311163.89453125,9787.83899362492
980,480291910063,1997,6293838.31085632,10729.5570117,6293838.23046875,10729.5570117048
981,480291910064,1278,4265255.01189886,9908.05197417,4265254.99804688,9908.0519741744
982,480291910065,952,4408071.17927238,10671.35250547,4408071.16796875,10671.3525054742
983,480291911011,891,32797679.5684379,25637.2101701,32797679.6171875,25637.2101700998
984,480291911012,737,10978589.7504607,14505.69442371,10978589.7382812,14505.6944237114
985,480291911021,879,9531777.92435157,12656.88897773,9531777.91992188,12656.888977731
986,480291911022,788,6817216.56550627,11209.5664073,6817216.50585938,11209.5664072968
987,480291911023,821,8735396.61998169,12991.4834034,8735396.6328125,12991.4834033978
988,480291912011,1303,7545542.34076522,13526.56366613,7545542.296875,13526.5636661253
989,480291912012,1165,6617948.99837077,11577.21126401,6617948.9765625,11577.2112640053
990,480291912013,675,3655236.45568784,9082.05102043,3655236.46679688,9082.05102042653
991,480291912021,1312,9018550.88760136,20395.10530336,9018550.95507812,20395.1053033603
992,480291912022,2116,8664729.48044756,14013.92805506,8664729.50976562,14013.9280550558
993,480291912023,583,4831754.99136633,9638.81868901,4831754.98632812,9638.81868900669
994,480291912024,1334,10453528.1841848,15775.63078958,10453528.2285156,15775.6307895819
995,480291913031,1561,25059310.3148953,21075.37164988,25059310.4960938,21075.3716498846
996,480291913041,835,18391625.0079038,20072.29378577,18391625.0957031,20072.2937857735
997,480291913042,2219,12125498.1838123,17212.52849863,12125498.2011719,17212.5284986306
998,480291914051,2242,18668847.3181763,18442.93168208,18668847.421875,18442.9316820787
999,480291914052,1957,16803124.3311728,20127.59915668,16803124.3261719,20127.5991566844
1000,480291914053,1909,11334934.7835699,24967.38689295,11334934.6992188,24967.3868929478
1001,480291914054,623,41298013.9285907,31251.51550353,41298014.0253906,31251.515503534
1002,480291914055,888,6009265.08159185,10260.70323014,6009265.12890625,10260.703230137
1003,480291914061,2383,13753288.7499183,22313.42602323,13753288.6855469,22313.4260232334
1004,480291914062,1814,13620706.0694455,15099.99029169,13620706.0644531,15099.9902916949
1005,480291914063,2271,23488156.2511064,24876.38114999,23488156.3710938,24876.3811499948
1006,480291914081,1863,5123625.2894312,9606.97450204,5123625.2421875,9606.97450204213
1007,480291914082,1126,2685899.80361822,7343.13580536,2685899.79882812,7343.13580536293
1008,480291914091,3260,7485731.20807841,11817.98461886,7485731.21289062,11817.9846188553
1009,480291914092,2646,9790558.44011477,13804.30369312,9790558.4921875,13804.3036931159
1010,480291914101,1863,6161785.35439646,15624.19709801,6161785.37304688,15624.1970980099
1011,480291914102,2427,7870704.54151963,14296.14628358,7870704.50976562,14296.1462835798
1012,480291914103,1201,2790512.1109439,7224.76211843,2790512.10546875,7224.7621184266
1013,480291914111,2310,8923141.30787059,13974.96236225,8923141.27148438,13974.9623622463
1014,480291914112,2124,13309906.8159252,19737.34006049,13309906.7578125,19737.3400604931
1015,480291914121,2313,21989712.0286679,23211.13354786,21989712.015625,23211.133547862
1016,480291914131,2661,15671167.5713456,23613.69587358,15671167.5703125,23613.6958735837
1017,480291914132,3371,24065424.4937366,22547.7167893,24065424.5957031,22547.7167892957
1018,480291915031,2085,25111122.431777,20944.27294536,25111122.5058594,20944.2729453562
1019,480291915032,1849,28957447.5408823,33787.70416347,28957447.6660156,33787.7041634724
1020,480291915033,1282,6619406.81539681,12918.68908516,6619406.828125,12918.6890851571
1021,480291915041,1170,30384555.8525116,23302.47251792,30384555.8828125,23302.4725179199
1022,480291915042,1242,25056212.4490944,20239.3192827,25056212.34375,20239.3192826977
1023,480291915051,837,6016258.8800825,11143.08327489,6016258.88085938,11143.08327489
1024,480291915052,1242,20159807.2055539,18741.30503732,20159807.2167969,18741.3050373185
1025,480291915061,1942,15044750.8369686,21131.77579329,15044750.9023438,21131.7757932874
1026,480291915062,1873,18614631.050821,21843.59252412,18614630.8789062,21843.5925241233
1027,480291915063,1027,6984670.27347841,12104.3676817,6984670.1796875,12104.3676817046
1028,480291917011,906,49610802.2856055,32438.41778064,49610802.2753906,32438.4177806426
1029,480291917012,652,17074063.0930906,21456.57082222,17074063.0820312,21456.5708222226
1030,480291917021,2986,33691639.25602,40309.45419203,33691639.6230469,40309.4541920309
1031,480291917022,1651,26516079.7050053,21913.55464113,26516079.7988281,21913.5546411251
1032,480291917023,1304,8466390.65597958,14463.96164979,8466390.53320312,14463.9616497896
1033,480291917024,1123,18635674.3361727,27941.40290943,18635674.5761719,27941.4029094252
1034,480291918041,995,199044085.660366,70644.19099786,199044086.193359,70644.1909978613
1035,480291918042,2884,76123389.9698508,42854.5266799,76123389.7558594,42854.5266799034
1036,480291918043,2443,47088513.707274,31707.82503512,47088514.0917969,31707.8250351185
1037,480291918061,815,7032307.72113764,11135.40511931,7032307.74804688,11135.4051193091
1038,480291918062,1654,13737838.9941892,15776.35426003,13737838.9980469,15776.3542600306
1039,480291918063,5536,92343357.6550981,55874.26788131,92343357.3671875,55874.2678813073
1040,480291918071,3181,110237055.999253,58432.13754245,110237056.898438,58432.1375424519
1041,480291918072,771,185850998.099958,72856.97742516,185850998.214844,72856.9774251611
1042,480291918081,2617,39848314.4408711,31583.09138446,39848314.3554688,31583.0913844578
1043,480291918082,1001,30439786.5032015,31158.05014586,30439786.5976562,31158.0501458557
1044,480291918091,3499,45914254.1992561,32717.45831377,45914254.171875,32717.4583137733
1045,480291918092,1968,37190189.7985287,35186.79707014,37190189.8496094,35186.7970701362
1046,480291918101,3045,30034151.1850252,22936.84033416,30034151.2050781,22936.8403341639
1047,480291918102,2346,16617744.6937324,22190.8709161,16617744.5507812,22190.8709161033
1048,480291918111,4339,65591320.6310696,37564.57286534,65591320.5585938,37564.5728653365
1049,480291918121,2423,26832399.5636375,24577.97685641,26832399.4941406,24577.976856413
1050,480291918122,1305,12379905.0463081,15550.68316798,12379904.9941406,15550.6831679835
1051,480291918131,4779,22290884.8349529,25018.57130371,22290884.8144531,25018.5713037082
1052,480291918132,1963,8140270.4620619,13623.45845161,8140270.44921875,13623.4584516082
1053,480291918141,2102,79222060.4068926,37904.45889365,79222060.6269531,37904.4588936492
1054,480291918142,2434,18243328.3124523,23101.30059151,18243328.296875,23101.3005915103
1055,480291918151,2923,18133029.5313207,18197.68926243,18133029.453125,18197.6892624333
1056,480291918152,2369,9300456.24407711,14710.57917622,9300456.34179688,14710.5791762237
1057,480291918161,1628,18316466.1934933,23845.21191654,18316466.1972656,23845.2119165352
1058,480291918162,1133,13037205.1966209,18633.72490489,13037205.3242188,18633.7249048867
1059,480291918171,6257,98313461.2276949,41745.42170665,98313461.4316406,41745.4217066505
1060,480291918172,3475,40502830.0186698,36783.60163055,40502830.0078125,36783.6016305532
1061,480291919001,1067,11107329.8504436,13704.84214386,11107329.9023438,13704.8421438554
1062,480291919002,1180,4715164.94907694,9026.91761843,4715164.9453125,9026.91761842928
1063,480291919003,896,8320186.26256217,12335.04167133,8320186.30078125,12335.041671331
1064,480291919004,847,7431965.44565632,13920.94750176,7431965.40429688,13920.947501763
1065,480291919005,932,4382555.1991375,8449.7732838,4382555.20117188,8449.77328379625
1066,480291920001,1703,39806507.0194797,41242.19487256,39806507.09375,41242.1948725581
1067,480291920002,934,3765831.52036257,12293.82929881,3765831.56640625,12293.8292988124
1068,480291920003,1560,4271388.09807675,9269.28912617,4271388.09179688,9269.28912617172
1069,480291920004,509,5383632.51949471,14724.37045984,5383632.61132812,14724.3704598354
1070,480291920005,538,1788149.42679767,5476.75609913,1788149.42578125,5476.75609913264
1071,480291921001,950,13994573.2895373,16278.142178,13994573.1425781,16278.1421779968
1072,480291921002,1127,17891769.4709159,19704.3644947,17891769.5605469,19704.3644946969
1073,480291922001,426,59352496.0351267,33243.03914722,59352495.9804688,33243.0391472204
1074,480291922002,838,101652137.573683,44320.17990247,101652138.248047,44320.1799024693
1075,480291923001,739,32062227.8006052,25079.76439194,32062227.7382812,25079.7643919415
1076,480291923002,1873,24001336.3714983,27558.73865465,24001336.2617188,27558.7386546538
1077,480291923003,963,7910801.32669891,11396.84454359,7910801.35351562,11396.8445435936
1078,480291923004,873,2705497.14674555,7415.20084515,2705497.140625,7415.20084515329
1079,480299800011,4,1366623798.52984,183227.44599784,1366623798.04297,183227.445997841
1080,480299800021,4,16711355.0375911,18447.19778876,16711355.1777344,18447.1977887557
1081,480299800031,1802,168191788.402061,53282.84031742,168191788.355469,53282.8403174154
1082,480299800041,0,105346951.136461,49901.04940279,105346951.318359,49901.0494027851
1083,480299800051,25,425592557.601477,152309.33651533,425592558.5,152309.336515333
1084,480299801001,301,155794846.092888,71572.43881206,155794844.404297,71572.4388120601
